amfi_code,date,nav,scheme_name,fund_house,scheme_type,scheme_category,isin_growth,isin_div_reinvestment,source_file,previous_nav,nav_change,nav_return_pct
119551,2013-01-02,103.0059,Aditya Birla Sun Life Banking & PSU Debt Fund - DIRECT - IDCW,Aditya Birla Sun Life Mutual Fund,Open Ended Schemes,Debt Scheme - Banking and PSU Fund,INF209KA12Z1,INF209KA13Z9,nav_119551_20260625.csv,,,
119551,2013-01-03,103.0306,Aditya Birla Sun Life Banking & PSU Debt Fund - DIRECT - IDCW,Aditya Birla Sun Life Mutual Fund,Open Ended Schemes,Debt Scheme - Banking and PSU Fund,INF209KA12Z1,INF209KA13Z9,nav_119551_20260625.csv,103.0059,0.0247000000000099,0.0239792089579431
119551,2013-01-04,103.0619,Aditya Birla Sun Life Banking & PSU Debt Fund - DIRECT - IDCW,Aditya Birla Sun Life Mutual Fund,Open Ended Schemes,Debt Scheme - Banking and PSU Fund,INF209KA12Z1,INF209KA13Z9,nav_119551_20260625.csv,103.0306,0.0312999999999874,0.0303793242007592
119551,2013-01-07,103.1408,Aditya Birla Sun Life Banking & PSU Debt Fund - DIRECT - IDCW,Aditya Birla Sun Life Mutual Fund,Open Ended Schemes,Debt Scheme - Banking and PSU Fund,INF209KA12Z1,INF209KA13Z9,nav_119551_20260625.csv,103.0619,0.0789000000000044,0.076555933861111
119551,2013-01-08,103.1663,Aditya Birla Sun Life Banking & PSU Debt Fund - DIRECT - IDCW,Aditya Birla Sun Life Mutual Fund,Open Ended Schemes,Debt Scheme - Banking and PSU Fund,INF209KA12Z1,INF209KA13Z9,nav_119551_20260625.csv,103.1408,0.025500000000008,0.0247234847897321
119551,2013-01-09,103.1897,Aditya Birla Sun Life Banking & PSU Debt Fund - DIRECT - IDCW,Aditya Birla Sun Life Mutual Fund,Open Ended Schemes,Debt Scheme - Banking and PSU Fund,INF209KA12Z1,INF209KA13Z9,nav_119551_20260625.csv,103.1663,0.0233999999999952,0.0226818253635103
119551,2013-01-10,103.2132,Aditya Birla Sun Life Banking & PSU Debt Fund - DIRECT - IDCW,Aditya Birla Sun Life Mutual Fund,Open Ended Schemes,Debt Scheme - Banking and PSU Fund,INF209KA12Z1,INF209KA13Z9,nav_119551_20260625.csv,103.1897,0.0234999999999985,0.0227735907750468
119551,2013-01-11,103.2385,Aditya Birla Sun Life Banking & PSU Debt Fund - DIRECT - IDCW,Aditya Birla Sun Life Mutual Fund,Open Ended Schemes,Debt Scheme - Banking and PSU Fund,INF209KA12Z1,INF209KA13Z9,nav_119551_20260625.csv,103.2132,0.0253000000000014,0.0245123685730133
119551,2013-01-14,103.3225,Aditya Birla Sun Life Banking & PSU Debt Fund - DIRECT - IDCW,Aditya Birla Sun Life Mutual Fund,Open Ended Schemes,Debt Scheme - Banking and PSU Fund,INF209KA12Z1,INF209KA13Z9,nav_119551_20260625.csv,103.2385,0.0840000000000031,0.0813649946483174
119551,2013-01-15,102.9223,Aditya Birla Sun Life Banking & PSU Debt Fund - DIRECT - IDCW,Aditya Birla Sun Life Mutual Fund,Open Ended Schemes,Debt Scheme - Banking and PSU Fund,INF209KA12Z1,INF209KA13Z9,nav_119551_20260625.csv,103.3225,-0.4001999999999981,-0.3873309298555475
119551,2013-01-16,102.9421,Aditya Birla Sun Life Banking & PSU Debt Fund - DIRECT - IDCW,Aditya Birla Sun Life Mutual Fund,Open Ended Schemes,Debt Scheme - Banking and PSU Fund,INF209KA12Z1,INF209KA13Z9,nav_119551_20260625.csv,102.9223,0.0197999999999893,0.0192378133795974
119551,2013-01-17,102.9691,Aditya Birla Sun Life Banking & PSU Debt Fund - DIRECT - IDCW,Aditya Birla Sun Life Mutual Fund,Open Ended Schemes,Debt Scheme - Banking and PSU Fund,INF209KA12Z1,INF209KA13Z9,nav_119551_20260625.csv,102.9421,0.027000000000001,0.0262283361229283
119551,2013-01-18,102.9932,Aditya Birla Sun Life Banking & PSU Debt Fund - DIRECT - IDCW,Aditya Birla Sun Life Mutual Fund,Open Ended Schemes,Debt Scheme - Banking and PSU Fund,INF209KA12Z1,INF209KA13Z9,nav_119551_20260625.csv,102.9691,0.0241000000000042,0.0234050797763642
119551,2013-01-21,103.0662,Aditya Birla Sun Life Banking & PSU Debt Fund - DIRECT - IDCW,Aditya Birla Sun Life Mutual Fund,Open Ended Schemes,Debt Scheme - Banking and PSU Fund,INF209KA12Z1,INF209KA13Z9,nav_119551_20260625.csv,102.9932,0.0729999999999932,0.0708784657627817
119551,2013-01-22,103.0909,Aditya Birla Sun Life Banking & PSU Debt Fund - DIRECT - IDCW,Aditya Birla Sun Life Mutual Fund,Open Ended Schemes,Debt Scheme - Banking and PSU Fund,INF209KA12Z1,INF209KA13Z9,nav_119551_20260625.csv,103.0662,0.0247000000000099,0.023965179661237
119551,2013-01-23,103.1145,Aditya Birla Sun Life Banking & PSU Debt Fund - DIRECT - IDCW,Aditya Birla Sun Life Mutual Fund,Open Ended Schemes,Debt Scheme - Banking and PSU Fund,INF209KA12Z1,INF209KA13Z9,nav_119551_20260625.csv,103.0909,0.0236000000000018,0.0228924182444831
119551,2013-01-24,103.1411,Aditya Birla Sun Life Banking & PSU Debt Fund - DIRECT - IDCW,Aditya Birla Sun Life Mutual Fund,Open Ended Schemes,Debt Scheme - Banking and PSU Fund,INF209KA12Z1,INF209KA13Z9,nav_119551_20260625.csv,103.1145,0.0265999999999877,0.02579656595337
119551,2013-01-28,103.2351,Aditya Birla Sun Life Banking & PSU Debt Fund - DIRECT - IDCW,Aditya Birla Sun Life Mutual Fund,Open Ended Schemes,Debt Scheme - Banking and PSU Fund,INF209KA12Z1,INF209KA13Z9,nav_119551_20260625.csv,103.1411,0.0940000000000083,0.091137286687856
119551,2013-01-29,102.9384,Aditya Birla Sun Life Banking & PSU Debt Fund - DIRECT - IDCW,Aditya Birla Sun Life Mutual Fund,Open Ended Schemes,Debt Scheme - Banking and PSU Fund,INF209KA12Z1,INF209KA13Z9,nav_119551_20260625.csv,103.2351,-0.2967000000000013,-0.2874022498161975
119551,2013-01-30,102.959,Aditya Birla Sun Life Banking & PSU Debt Fund - DIRECT - IDCW,Aditya Birla Sun Life Mutual Fund,Open Ended Schemes,Debt Scheme - Banking and PSU Fund,INF209KA12Z1,INF209KA13Z9,nav_119551_20260625.csv,102.9384,0.0206000000000017,0.0200119683228044
119551,2013-01-31,102.9778,Aditya Birla Sun Life Banking & PSU Debt Fund - DIRECT - IDCW,Aditya Birla Sun Life Mutual Fund,Open Ended Schemes,Debt Scheme - Banking and PSU Fund,INF209KA12Z1,INF209KA13Z9,nav_119551_20260625.csv,102.959,0.0187999999999988,0.018259695606988
119551,2013-02-01,102.9976,Aditya Birla Sun Life Banking & PSU Debt Fund - DIRECT - IDCW,Aditya Birla Sun Life Mutual Fund,Open Ended Schemes,Debt Scheme - Banking and PSU Fund,INF209KA12Z1,INF209KA13Z9,nav_119551_20260625.csv,102.9778,0.0198000000000035,0.0192274451386644
119551,2013-02-04,103.0659,Aditya Birla Sun Life Banking & PSU Debt Fund - DIRECT - IDCW,Aditya Birla Sun Life Mutual Fund,Open Ended Schemes,Debt Scheme - Banking and PSU Fund,INF209KA12Z1,INF209KA13Z9,nav_119551_20260625.csv,102.9976,0.0682999999999935,0.0663122247508617
119551,2013-02-05,103.0886,Aditya Birla Sun Life Banking & PSU Debt Fund - DIRECT - IDCW,Aditya Birla Sun Life Mutual Fund,Open Ended Schemes,Debt Scheme - Banking and PSU Fund,INF209KA12Z1,INF209KA13Z9,nav_119551_20260625.csv,103.0659,0.0227000000000003,0.0220247433923347
119551,2013-02-06,103.1119,Aditya Birla Sun Life Banking & PSU Debt Fund - DIRECT - IDCW,Aditya Birla Sun Life Mutual Fund,Open Ended Schemes,Debt Scheme - Banking and PSU Fund,INF209KA12Z1,INF209KA13Z9,nav_119551_20260625.csv,103.0886,0.023300000000006,0.0226019171858053
119551,2013-02-07,103.1356,Aditya Birla Sun Life Banking & PSU Debt Fund - DIRECT - IDCW,Aditya Birla Sun Life Mutual Fund,Open Ended Schemes,Debt Scheme - Banking and PSU Fund,INF209KA12Z1,INF209KA13Z9,nav_119551_20260625.csv,103.1119,0.0236999999999909,0.022984737940035
119551,2013-02-08,103.1594,Aditya Birla Sun Life Banking & PSU Debt Fund - DIRECT - IDCW,Aditya Birla Sun Life Mutual Fund,Open Ended Schemes,Debt Scheme - Banking and PSU Fund,INF209KA12Z1,INF209KA13Z9,nav_119551_20260625.csv,103.1356,0.0238000000000084,0.0230764159029554
119551,2013-02-11,103.2303,Aditya Birla Sun Life Banking & PSU Debt Fund - DIRECT - IDCW,Aditya Birla Sun Life Mutual Fund,Open Ended Schemes,Debt Scheme - Banking and PSU Fund,INF209KA12Z1,INF209KA13Z9,nav_119551_20260625.csv,103.1594,0.0708999999999946,0.0687285889603803
119551,2013-02-12,103.2523,Aditya Birla Sun Life Banking & PSU Debt Fund - DIRECT - IDCW,Aditya Birla Sun Life Mutual Fund,Open Ended Schemes,Debt Scheme - Banking and PSU Fund,INF209KA12Z1,INF209KA13Z9,nav_119551_20260625.csv,103.2303,0.0220000000000055,0.0213115722806245
119551,2013-02-13,103.2745,Aditya Birla Sun Life Banking & PSU Debt Fund - DIRECT - IDCW,Aditya Birla Sun Life Mutual Fund,Open Ended Schemes,Debt Scheme - Banking and PSU Fund,INF209KA12Z1,INF209KA13Z9,nav_119551_20260625.csv,103.2523,0.022199999999998,0.0215007317028269
119551,2013-02-14,103.2937,Aditya Birla Sun Life Banking & PSU Debt Fund - DIRECT - IDCW,Aditya Birla Sun Life Mutual Fund,Open Ended Schemes,Debt Scheme - Banking and PSU Fund,INF209KA12Z1,INF209KA13Z9,nav_119551_20260625.csv,103.2745,0.0191999999999978,0.018591230168142
119551,2013-02-15,102.9522,Aditya Birla Sun Life Banking & PSU Debt Fund - DIRECT - IDCW,Aditya Birla Sun Life Mutual Fund,Open Ended Schemes,Debt Scheme - Banking and PSU Fund,INF209KA12Z1,INF209KA13Z9,nav_119551_20260625.csv,103.2937,-0.3414999999999963,-0.3306106761593363
119551,2013-02-18,103.0229,Aditya Birla Sun Life Banking & PSU Debt Fund - DIRECT - IDCW,Aditya Birla Sun Life Mutual Fund,Open Ended Schemes,Debt Scheme - Banking and PSU Fund,INF209KA12Z1,INF209KA13Z9,nav_119551_20260625.csv,102.9522,0.0707000000000022,0.0686726461406382
119551,2013-02-20,103.0725,Aditya Birla Sun Life Banking & PSU Debt Fund - DIRECT - IDCW,Aditya Birla Sun Life Mutual Fund,Open Ended Schemes,Debt Scheme - Banking and PSU Fund,INF209KA12Z1,INF209KA13Z9,nav_119551_20260625.csv,103.0229,0.049599999999998,0.0481446358042707
119551,2013-02-21,103.0965,Aditya Birla Sun Life Banking & PSU Debt Fund - DIRECT - IDCW,Aditya Birla Sun Life Mutual Fund,Open Ended Schemes,Debt Scheme - Banking and PSU Fund,INF209KA12Z1,INF209KA13Z9,nav_119551_20260625.csv,103.0725,0.0240000000000009,0.0232845812413601
119551,2013-02-22,103.1226,Aditya Birla Sun Life Banking & PSU Debt Fund - DIRECT - IDCW,Aditya Birla Sun Life Mutual Fund,Open Ended Schemes,Debt Scheme - Banking and PSU Fund,INF209KA12Z1,INF209KA13Z9,nav_119551_20260625.csv,103.0965,0.0260999999999995,0.0253160873550504
119551,2013-02-25,103.1919,Aditya Birla Sun Life Banking & PSU Debt Fund - DIRECT - IDCW,Aditya Birla Sun Life Mutual Fund,Open Ended Schemes,Debt Scheme - Banking and PSU Fund,INF209KA12Z1,INF209KA13Z9,nav_119551_20260625.csv,103.1226,0.0692999999999983,0.0672015639636688
119551,2013-02-26,103.2097,Aditya Birla Sun Life Banking & PSU Debt Fund - DIRECT - IDCW,Aditya Birla Sun Life Mutual Fund,Open Ended Schemes,Debt Scheme - Banking and PSU Fund,INF209KA12Z1,INF209KA13Z9,nav_119551_20260625.csv,103.1919,0.017799999999994,0.0172494158940711
119551,2013-02-27,103.2322,Aditya Birla Sun Life Banking & PSU Debt Fund - DIRECT - IDCW,Aditya Birla Sun Life Mutual Fund,Open Ended Schemes,Debt Scheme - Banking and PSU Fund,INF209KA12Z1,INF209KA13Z9,nav_119551_20260625.csv,103.2097,0.0225000000000079,0.0218002765244041
119551,2013-02-28,103.254,Aditya Birla Sun Life Banking & PSU Debt Fund - DIRECT - IDCW,Aditya Birla Sun Life Mutual Fund,Open Ended Schemes,Debt Scheme - Banking and PSU Fund,INF209KA12Z1,INF209KA13Z9,nav_119551_20260625.csv,103.2322,0.0217999999999989,0.0211174420384327
119551,2013-03-01,102.9714,Aditya Birla Sun Life Banking & PSU Debt Fund - DIRECT - IDCW,Aditya Birla Sun Life Mutual Fund,Open Ended Schemes,Debt Scheme - Banking and PSU Fund,INF209KA12Z1,INF209KA13Z9,nav_119551_20260625.csv,103.254,-0.2826000000000022,-0.2736939973269822
119551,2013-03-04,103.0478,Aditya Birla Sun Life Banking & PSU Debt Fund - DIRECT - IDCW,Aditya Birla Sun Life Mutual Fund,Open Ended Schemes,Debt Scheme - Banking and PSU Fund,INF209KA12Z1,INF209KA13Z9,nav_119551_20260625.csv,102.9714,0.0763999999999924,0.0741953590997038
119551,2013-03-05,103.0786,Aditya Birla Sun Life Banking & PSU Debt Fund - DIRECT - IDCW,Aditya Birla Sun Life Mutual Fund,Open Ended Schemes,Debt Scheme - Banking and PSU Fund,INF209KA12Z1,INF209KA13Z9,nav_119551_20260625.csv,103.0478,0.0307999999999992,0.0298890417844915
119551,2013-03-06,103.1012,Aditya Birla Sun Life Banking & PSU Debt Fund - DIRECT - IDCW,Aditya Birla Sun Life Mutual Fund,Open Ended Schemes,Debt Scheme - Banking and PSU Fund,INF209KA12Z1,INF209KA13Z9,nav_119551_20260625.csv,103.0786,0.0226000000000112,0.0219250164437732
119551,2013-03-07,103.129,Aditya Birla Sun Life Banking & PSU Debt Fund - DIRECT - IDCW,Aditya Birla Sun Life Mutual Fund,Open Ended Schemes,Debt Scheme - Banking and PSU Fund,INF209KA12Z1,INF209KA13Z9,nav_119551_20260625.csv,103.1012,0.0277999999999991,0.0269637986754753
119551,2013-03-08,103.1462,Aditya Birla Sun Life Banking & PSU Debt Fund - DIRECT - IDCW,Aditya Birla Sun Life Mutual Fund,Open Ended Schemes,Debt Scheme - Banking and PSU Fund,INF209KA12Z1,INF209KA13Z9,nav_119551_20260625.csv,103.129,0.0171999999999883,0.0166781409690662
119551,2013-03-11,103.2199,Aditya Birla Sun Life Banking & PSU Debt Fund - DIRECT - IDCW,Aditya Birla Sun Life Mutual Fund,Open Ended Schemes,Debt Scheme - Banking and PSU Fund,INF209KA12Z1,INF209KA13Z9,nav_119551_20260625.csv,103.1462,0.0737000000000023,0.0714519778721875
119551,2013-03-12,103.251,Aditya Birla Sun Life Banking & PSU Debt Fund - DIRECT - IDCW,Aditya Birla Sun Life Mutual Fund,Open Ended Schemes,Debt Scheme - Banking and PSU Fund,INF209KA12Z1,INF209KA13Z9,nav_119551_20260625.csv,103.2199,0.0311000000000092,0.0301298489923059
119551,2013-03-13,103.2884,Aditya Birla Sun Life Banking & PSU Debt Fund - DIRECT - IDCW,Aditya Birla Sun Life Mutual Fund,Open Ended Schemes,Debt Scheme - Banking and PSU Fund,INF209KA12Z1,INF209KA13Z9,nav_119551_20260625.csv,103.251,0.0373999999999909,0.0362224094681804
119551,2013-03-14,103.34,Aditya Birla Sun Life Banking & PSU Debt Fund - DIRECT - IDCW,Aditya Birla Sun Life Mutual Fund,Open Ended Schemes,Debt Scheme - Banking and PSU Fund,INF209KA12Z1,INF209KA13Z9,nav_119551_20260625.csv,103.2884,0.0516000000000076,0.0499572071984924
119551,2013-03-15,102.9975,Aditya Birla Sun Life Banking & PSU Debt Fund - DIRECT - IDCW,Aditya Birla Sun Life Mutual Fund,Open Ended Schemes,Debt Scheme - Banking and PSU Fund,INF209KA12Z1,INF209KA13Z9,nav_119551_20260625.csv,103.34,-0.3425000000000011,-0.3314302303077232
119551,2013-03-18,103.0355,Aditya Birla Sun Life Banking & PSU Debt Fund - DIRECT - IDCW,Aditya Birla Sun Life Mutual Fund,Open Ended Schemes,Debt Scheme - Banking and PSU Fund,INF209KA12Z1,INF209KA13Z9,nav_119551_20260625.csv,102.9975,0.0379999999999967,0.0368940993713407
119551,2013-03-19,103.0632,Aditya Birla Sun Life Banking & PSU Debt Fund - DIRECT - IDCW,Aditya Birla Sun Life Mutual Fund,Open Ended Schemes,Debt Scheme - Banking and PSU Fund,INF209KA12Z1,INF209KA13Z9,nav_119551_20260625.csv,103.0355,0.0276999999999958,0.0268839380601791
119551,2013-03-20,103.1016,Aditya Birla Sun Life Banking & PSU Debt Fund - DIRECT - IDCW,Aditya Birla Sun Life Mutual Fund,Open Ended Schemes,Debt Scheme - Banking and PSU Fund,INF209KA12Z1,INF209KA13Z9,nav_119551_20260625.csv,103.0632,0.0384000000000099,0.0372586917541954
119551,2013-03-21,103.157,Aditya Birla Sun Life Banking & PSU Debt Fund - DIRECT - IDCW,Aditya Birla Sun Life Mutual Fund,Open Ended Schemes,Debt Scheme - Banking and PSU Fund,INF209KA12Z1,INF209KA13Z9,nav_119551_20260625.csv,103.1016,0.0553999999999916,0.0537334047192203
119551,2013-03-22,103.1891,Aditya Birla Sun Life Banking & PSU Debt Fund - DIRECT - IDCW,Aditya Birla Sun Life Mutual Fund,Open Ended Schemes,Debt Scheme - Banking and PSU Fund,INF209KA12Z1,INF209KA13Z9,nav_119551_20260625.csv,103.157,0.0320999999999997,0.0311176168364723
119551,2013-03-25,103.2114,Aditya Birla Sun Life Banking & PSU Debt Fund - DIRECT - IDCW,Aditya Birla Sun Life Mutual Fund,Open Ended Schemes,Debt Scheme - Banking and PSU Fund,INF209KA12Z1,INF209KA13Z9,nav_119551_20260625.csv,103.1891,0.0223000000000013,0.0216108096688519
119551,2013-03-26,103.2285,Aditya Birla Sun Life Banking & PSU Debt Fund - DIRECT - IDCW,Aditya Birla Sun Life Mutual Fund,Open Ended Schemes,Debt Scheme - Banking and PSU Fund,INF209KA12Z1,INF209KA13Z9,nav_119551_20260625.csv,103.2114,0.0170999999999992,0.0165679372627434
119551,2013-03-28,103.2633,Aditya Birla Sun Life Banking & PSU Debt Fund - DIRECT - IDCW,Aditya Birla Sun Life Mutual Fund,Open Ended Schemes,Debt Scheme - Banking and PSU Fund,INF209KA12Z1,INF209KA13Z9,nav_119551_20260625.csv,103.2285,0.0348000000000041,0.0337116203374108
119551,2013-04-02,103.2626,Aditya Birla Sun Life Banking & PSU Debt Fund - DIRECT - IDCW,Aditya Birla Sun Life Mutual Fund,Open Ended Schemes,Debt Scheme - Banking and PSU Fund,INF209KA12Z1,INF209KA13Z9,nav_119551_20260625.csv,103.2633,-0.0006999999999948,-0.0006778787817112
119551,2013-04-03,103.3274,Aditya Birla Sun Life Banking & PSU Debt Fund - DIRECT - IDCW,Aditya Birla Sun Life Mutual Fund,Open Ended Schemes,Debt Scheme - Banking and PSU Fund,INF209KA12Z1,INF209KA13Z9,nav_119551_20260625.csv,103.2626,0.064799999999991,0.0627526326085059
119551,2013-04-04,103.4096,Aditya Birla Sun Life Banking & PSU Debt Fund - DIRECT - IDCW,Aditya Birla Sun Life Mutual Fund,Open Ended Schemes,Debt Scheme - Banking and PSU Fund,INF209KA12Z1,INF209KA13Z9,nav_119551_20260625.csv,103.3274,0.0822000000000002,0.0795529549761247
119551,2013-04-05,103.4164,Aditya Birla Sun Life Banking & PSU Debt Fund - DIRECT - IDCW,Aditya Birla Sun Life Mutual Fund,Open Ended Schemes,Debt Scheme - Banking and PSU Fund,INF209KA12Z1,INF209KA13Z9,nav_119551_20260625.csv,103.4096,0.0067999999999983,0.0065757918026937
119551,2013-04-08,103.462,Aditya Birla Sun Life Banking & PSU Debt Fund - DIRECT - IDCW,Aditya Birla Sun Life Mutual Fund,Open Ended Schemes,Debt Scheme - Banking and PSU Fund,INF209KA12Z1,INF209KA13Z9,nav_119551_20260625.csv,103.4164,0.0456000000000074,0.0440935867038568
119551,2013-04-09,103.4716,Aditya Birla Sun Life Banking & PSU Debt Fund - DIRECT - IDCW,Aditya Birla Sun Life Mutual Fund,Open Ended Schemes,Debt Scheme - Banking and PSU Fund,INF209KA12Z1,INF209KA13Z9,nav_119551_20260625.csv,103.462,0.0095999999999918,0.0092787690166359
119551,2013-04-10,103.4653,Aditya Birla Sun Life Banking & PSU Debt Fund - DIRECT - IDCW,Aditya Birla Sun Life Mutual Fund,Open Ended Schemes,Debt Scheme - Banking and PSU Fund,INF209KA12Z1,INF209KA13Z9,nav_119551_20260625.csv,103.4716,-0.0062999999999959,-0.0060886272175128
119551,2013-04-12,103.5704,Aditya Birla Sun Life Banking & PSU Debt Fund - DIRECT - IDCW,Aditya Birla Sun Life Mutual Fund,Open Ended Schemes,Debt Scheme - Banking and PSU Fund,INF209KA12Z1,INF209KA13Z9,nav_119551_20260625.csv,103.4653,0.1051000000000073,0.1015799499929032
119551,2013-04-15,103.6711,Aditya Birla Sun Life Banking & PSU Debt Fund - DIRECT - IDCW,Aditya Birla Sun Life Mutual Fund,Open Ended Schemes,Debt Scheme - Banking and PSU Fund,INF209KA12Z1,INF209KA13Z9,nav_119551_20260625.csv,103.5704,0.1006999999999891,0.0972285517869865
119551,2013-04-16,103.0719,Aditya Birla Sun Life Banking & PSU Debt Fund - DIRECT - IDCW,Aditya Birla Sun Life Mutual Fund,Open Ended Schemes,Debt Scheme - Banking and PSU Fund,INF209KA12Z1,INF209KA13Z9,nav_119551_20260625.csv,103.6711,-0.5991999999999962,-0.577981713322224
119551,2013-04-17,103.0866,Aditya Birla Sun Life Banking & PSU Debt Fund - DIRECT - IDCW,Aditya Birla Sun Life Mutual Fund,Open Ended Schemes,Debt Scheme - Banking and PSU Fund,INF209KA12Z1,INF209KA13Z9,nav_119551_20260625.csv,103.0719,0.0147000000000048,0.0142618890308656
119551,2013-04-18,103.1589,Aditya Birla Sun Life Banking & PSU Debt Fund - DIRECT - IDCW,Aditya Birla Sun Life Mutual Fund,Open Ended Schemes,Debt Scheme - Banking and PSU Fund,INF209KA12Z1,INF209KA13Z9,nav_119551_20260625.csv,103.0866,0.0722999999999984,0.0701352067096969
119551,2013-04-22,103.216,Aditya Birla Sun Life Banking & PSU Debt Fund - DIRECT - IDCW,Aditya Birla Sun Life Mutual Fund,Open Ended Schemes,Debt Scheme - Banking and PSU Fund,INF209KA12Z1,INF209KA13Z9,nav_119551_20260625.csv,103.1589,0.0570999999999912,0.0553515014215848
119551,2013-04-23,103.2481,Aditya Birla Sun Life Banking & PSU Debt Fund - DIRECT - IDCW,Aditya Birla Sun Life Mutual Fund,Open Ended Schemes,Debt Scheme - Banking and PSU Fund,INF209KA12Z1,INF209KA13Z9,nav_119551_20260625.csv,103.216,0.0320999999999997,0.0310998294838007
119551,2013-04-25,103.2947,Aditya Birla Sun Life Banking & PSU Debt Fund - DIRECT - IDCW,Aditya Birla Sun Life Mutual Fund,Open Ended Schemes,Debt Scheme - Banking and PSU Fund,INF209KA12Z1,INF209KA13Z9,nav_119551_20260625.csv,103.2481,0.0466000000000121,0.0451340024659167
119551,2013-04-26,103.3139,Aditya Birla Sun Life Banking & PSU Debt Fund - DIRECT - IDCW,Aditya Birla Sun Life Mutual Fund,Open Ended Schemes,Debt Scheme - Banking and PSU Fund,INF209KA12Z1,INF209KA13Z9,nav_119551_20260625.csv,103.2947,0.0191999999999978,0.0185875945232406
119551,2013-04-29,103.3845,Aditya Birla Sun Life Banking & PSU Debt Fund - DIRECT - IDCW,Aditya Birla Sun Life Mutual Fund,Open Ended Schemes,Debt Scheme - Banking and PSU Fund,INF209KA12Z1,INF209KA13Z9,nav_119551_20260625.csv,103.3139,0.0705999999999988,0.0683354321151354
119551,2013-04-30,103.0655,Aditya Birla Sun Life Banking & PSU Debt Fund - DIRECT - IDCW,Aditya Birla Sun Life Mutual Fund,Open Ended Schemes,Debt Scheme - Banking and PSU Fund,INF209KA12Z1,INF209KA13Z9,nav_119551_20260625.csv,103.3845,-0.3190000000000026,-0.3085568919905814
119551,2013-05-02,103.2057,Aditya Birla Sun Life Banking & PSU Debt Fund - DIRECT - IDCW,Aditya Birla Sun Life Mutual Fund,Open Ended Schemes,Debt Scheme - Banking and PSU Fund,INF209KA12Z1,INF209KA13Z9,nav_119551_20260625.csv,103.0655,0.140199999999993,0.136030000339583
119551,2013-05-03,103.2082,Aditya Birla Sun Life Banking & PSU Debt Fund - DIRECT - IDCW,Aditya Birla Sun Life Mutual Fund,Open Ended Schemes,Debt Scheme - Banking and PSU Fund,INF209KA12Z1,INF209KA13Z9,nav_119551_20260625.csv,103.2057,0.0025000000000119,0.0024223468277546
119551,2013-05-06,103.2821,Aditya Birla Sun Life Banking & PSU Debt Fund - DIRECT - IDCW,Aditya Birla Sun Life Mutual Fund,Open Ended Schemes,Debt Scheme - Banking and PSU Fund,INF209KA12Z1,INF209KA13Z9,nav_119551_20260625.csv,103.2082,0.0738999999999947,0.0716028377590101
119551,2013-05-07,103.3087,Aditya Birla Sun Life Banking & PSU Debt Fund - DIRECT - IDCW,Aditya Birla Sun Life Mutual Fund,Open Ended Schemes,Debt Scheme - Banking and PSU Fund,INF209KA12Z1,INF209KA13Z9,nav_119551_20260625.csv,103.2821,0.0266000000000019,0.0257547048326882
119551,2013-05-08,103.3404,Aditya Birla Sun Life Banking & PSU Debt Fund - DIRECT - IDCW,Aditya Birla Sun Life Mutual Fund,Open Ended Schemes,Debt Scheme - Banking and PSU Fund,INF209KA12Z1,INF209KA13Z9,nav_119551_20260625.csv,103.3087,0.0317000000000007,0.0306847341995405
119551,2013-05-09,103.3949,Aditya Birla Sun Life Banking & PSU Debt Fund - DIRECT - IDCW,Aditya Birla Sun Life Mutual Fund,Open Ended Schemes,Debt Scheme - Banking and PSU Fund,INF209KA12Z1,INF209KA13Z9,nav_119551_20260625.csv,103.3404,0.0545000000000044,0.0527383288626756
119551,2013-05-10,103.4157,Aditya Birla Sun Life Banking & PSU Debt Fund - DIRECT - IDCW,Aditya Birla Sun Life Mutual Fund,Open Ended Schemes,Debt Scheme - Banking and PSU Fund,INF209KA12Z1,INF209KA13Z9,nav_119551_20260625.csv,103.3949,0.0207999999999941,0.020117046392031
119551,2013-05-13,103.4824,Aditya Birla Sun Life Banking & PSU Debt Fund - DIRECT - IDCW,Aditya Birla Sun Life Mutual Fund,Open Ended Schemes,Debt Scheme - Banking and PSU Fund,INF209KA12Z1,INF209KA13Z9,nav_119551_20260625.csv,103.4157,0.0666999999999973,0.0644969767646472
119551,2013-05-14,103.5159,Aditya Birla Sun Life Banking & PSU Debt Fund - DIRECT - IDCW,Aditya Birla Sun Life Mutual Fund,Open Ended Schemes,Debt Scheme - Banking and PSU Fund,INF209KA12Z1,INF209KA13Z9,nav_119551_20260625.csv,103.4824,0.0335000000000036,0.0323726546736485
119551,2013-05-15,103.113,Aditya Birla Sun Life Banking & PSU Debt Fund - DIRECT - IDCW,Aditya Birla Sun Life Mutual Fund,Open Ended Schemes,Debt Scheme - Banking and PSU Fund,INF209KA12Z1,INF209KA13Z9,nav_119551_20260625.csv,103.5159,-0.4029000000000025,-0.3892155697820358
119551,2013-05-16,103.141,Aditya Birla Sun Life Banking & PSU Debt Fund - DIRECT - IDCW,Aditya Birla Sun Life Mutual Fund,Open Ended Schemes,Debt Scheme - Banking and PSU Fund,INF209KA12Z1,INF209KA13Z9,nav_119551_20260625.csv,103.113,0.0280000000000057,0.0271546749682443
119551,2013-05-17,103.1745,Aditya Birla Sun Life Banking & PSU Debt Fund - DIRECT - IDCW,Aditya Birla Sun Life Mutual Fund,Open Ended Schemes,Debt Scheme - Banking and PSU Fund,INF209KA12Z1,INF209KA13Z9,nav_119551_20260625.csv,103.141,0.0334999999999894,0.03247980919323
119551,2013-05-20,103.2356,Aditya Birla Sun Life Banking & PSU Debt Fund - DIRECT - IDCW,Aditya Birla Sun Life Mutual Fund,Open Ended Schemes,Debt Scheme - Banking and PSU Fund,INF209KA12Z1,INF209KA13Z9,nav_119551_20260625.csv,103.1745,0.0611000000000103,0.0592200592200692
119551,2013-05-21,103.2444,Aditya Birla Sun Life Banking & PSU Debt Fund - DIRECT - IDCW,Aditya Birla Sun Life Mutual Fund,Open Ended Schemes,Debt Scheme - Banking and PSU Fund,INF209KA12Z1,INF209KA13Z9,nav_119551_20260625.csv,103.2356,0.0087999999999937,0.0085241912673474
119551,2013-05-22,103.2698,Aditya Birla Sun Life Banking & PSU Debt Fund - DIRECT - IDCW,Aditya Birla Sun Life Mutual Fund,Open Ended Schemes,Debt Scheme - Banking and PSU Fund,INF209KA12Z1,INF209KA13Z9,nav_119551_20260625.csv,103.2444,0.0254000000000047,0.0246018185974297
119551,2013-05-23,103.2705,Aditya Birla Sun Life Banking & PSU Debt Fund - DIRECT - IDCW,Aditya Birla Sun Life Mutual Fund,Open Ended Schemes,Debt Scheme - Banking and PSU Fund,INF209KA12Z1,INF209KA13Z9,nav_119551_20260625.csv,103.2698,0.0006999999999948,0.0006778361147158
119551,2013-05-24,103.2834,Aditya Birla Sun Life Banking & PSU Debt Fund - DIRECT - IDCW,Aditya Birla Sun Life Mutual Fund,Open Ended Schemes,Debt Scheme - Banking and PSU Fund,INF209KA12Z1,INF209KA13Z9,nav_119551_20260625.csv,103.2705,0.0129000000000019,0.0124914665853287
119551,2013-05-27,103.349,Aditya Birla Sun Life Banking & PSU Debt Fund - DIRECT - IDCW,Aditya Birla Sun Life Mutual Fund,Open Ended Schemes,Debt Scheme - Banking and PSU Fund,INF209KA12Z1,INF209KA13Z9,nav_119551_20260625.csv,103.2834,0.0656000000000034,0.0635145628435967
119551,2013-05-28,103.3617,Aditya Birla Sun Life Banking & PSU Debt Fund - DIRECT - IDCW,Aditya Birla Sun Life Mutual Fund,Open Ended Schemes,Debt Scheme - Banking and PSU Fund,INF209KA12Z1,INF209KA13Z9,nav_119551_20260625.csv,103.349,0.0126999999999952,0.0122884594916208
119551,2013-05-29,103.0877,Aditya Birla Sun Life Banking & PSU Debt Fund - DIRECT - IDCW,Aditya Birla Sun Life Mutual Fund,Open Ended Schemes,Debt Scheme - Banking and PSU Fund,INF209KA12Z1,INF209KA13Z9,nav_119551_20260625.csv,103.3617,-0.2740000000000009,-0.2650885192484265
119551,2013-05-30,103.1152,Aditya Birla Sun Life Banking & PSU Debt Fund - DIRECT - IDCW,Aditya Birla Sun Life Mutual Fund,Open Ended Schemes,Debt Scheme - Banking and PSU Fund,INF209KA12Z1,INF209KA13Z9,nav_119551_20260625.csv,103.0877,0.0275000000000034,0.0266763154091161
119551,2013-05-31,103.1296,Aditya Birla Sun Life Banking & PSU Debt Fund - DIRECT - IDCW,Aditya Birla Sun Life Mutual Fund,Open Ended Schemes,Debt Scheme - Banking and PSU Fund,INF209KA12Z1,INF209KA13Z9,nav_119551_20260625.csv,103.1152,0.0143999999999948,0.0139649634583406
119551,2013-06-03,103.1984,Aditya Birla Sun Life Banking & PSU Debt Fund - DIRECT - IDCW,Aditya Birla Sun Life Mutual Fund,Open Ended Schemes,Debt Scheme - Banking and PSU Fund,INF209KA12Z1,INF209KA13Z9,nav_119551_20260625.csv,103.1296,0.0688000000000101,0.0667121757478068
119551,2013-06-04,103.225,Aditya Birla Sun Life Banking & PSU Debt Fund - DIRECT - IDCW,Aditya Birla Sun Life Mutual Fund,Open Ended Schemes,Debt Scheme - Banking and PSU Fund,INF209KA12Z1,INF209KA13Z9,nav_119551_20260625.csv,103.1984,0.0265999999999877,0.0257755934200411
119551,2013-06-05,103.2598,Aditya Birla Sun Life Banking & PSU Debt Fund - DIRECT - IDCW,Aditya Birla Sun Life Mutual Fund,Open Ended Schemes,Debt Scheme - Banking and PSU Fund,INF209KA12Z1,INF209KA13Z9,nav_119551_20260625.csv,103.225,0.0348000000000041,0.0337127633809679
119551,2013-06-06,103.2957,Aditya Birla Sun Life Banking & PSU Debt Fund - DIRECT - IDCW,Aditya Birla Sun Life Mutual Fund,Open Ended Schemes,Debt Scheme - Banking and PSU Fund,INF209KA12Z1,INF209KA13Z9,nav_119551_20260625.csv,103.2598,0.035899999999998,0.0347666758990411
119551,2013-06-07,103.3194,Aditya Birla Sun Life Banking & PSU Debt Fund - DIRECT - IDCW,Aditya Birla Sun Life Mutual Fund,Open Ended Schemes,Debt Scheme - Banking and PSU Fund,INF209KA12Z1,INF209KA13Z9,nav_119551_20260625.csv,103.2957,0.0237000000000051,0.0229438398694284
119551,2013-06-10,103.3704,Aditya Birla Sun Life Banking & PSU Debt Fund - DIRECT - IDCW,Aditya Birla Sun Life Mutual Fund,Open Ended Schemes,Debt Scheme - Banking and PSU Fund,INF209KA12Z1,INF209KA13Z9,nav_119551_20260625.csv,103.3194,0.0510000000000019,0.0493614945499121
119551,2013-06-11,103.3832,Aditya Birla Sun Life Banking & PSU Debt Fund - DIRECT - IDCW,Aditya Birla Sun Life Mutual Fund,Open Ended Schemes,Debt Scheme - Banking and PSU Fund,INF209KA12Z1,INF209KA13Z9,nav_119551_20260625.csv,103.3704,0.0127999999999985,0.0123826549960129
119551,2013-06-12,103.3913,Aditya Birla Sun Life Banking & PSU Debt Fund - DIRECT - IDCW,Aditya Birla Sun Life Mutual Fund,Open Ended Schemes,Debt Scheme - Banking and PSU Fund,INF209KA12Z1,INF209KA13Z9,nav_119551_20260625.csv,103.3832,0.0080999999999988,0.007834928692475
119551,2013-06-13,103.4056,Aditya Birla Sun Life Banking & PSU Debt Fund - DIRECT - IDCW,Aditya Birla Sun Life Mutual Fund,Open Ended Schemes,Debt Scheme - Banking and PSU Fund,INF209KA12Z1,INF209KA13Z9,nav_119551_20260625.csv,103.3913,0.0143000000000057,0.013830950960096
119551,2013-06-14,103.4267,Aditya Birla Sun Life Banking & PSU Debt Fund - DIRECT - IDCW,Aditya Birla Sun Life Mutual Fund,Open Ended Schemes,Debt Scheme - Banking and PSU Fund,INF209KA12Z1,INF209KA13Z9,nav_119551_20260625.csv,103.4056,0.0210999999999899,0.0204050844441596
119551,2013-06-17,103.154,Aditya Birla Sun Life Banking & PSU Debt Fund - DIRECT - IDCW,Aditya Birla Sun Life Mutual Fund,Open Ended Schemes,Debt Scheme - Banking and PSU Fund,INF209KA12Z1,INF209KA13Z9,nav_119551_20260625.csv,103.4267,-0.2727000000000004,-0.2636649917284419
119551,2013-06-18,103.221,Aditya Birla Sun Life Banking & PSU Debt Fund - DIRECT - IDCW,Aditya Birla Sun Life Mutual Fund,Open Ended Schemes,Debt Scheme - Banking and PSU Fund,INF209KA12Z1,INF209KA13Z9,nav_119551_20260625.csv,103.154,0.0670000000000072,0.0649514318397806
119551,2013-06-19,103.2602,Aditya Birla Sun Life Banking & PSU Debt Fund - DIRECT - IDCW,Aditya Birla Sun Life Mutual Fund,Open Ended Schemes,Debt Scheme - Banking and PSU Fund,INF209KA12Z1,INF209KA13Z9,nav_119551_20260625.csv,103.221,0.0391999999999939,0.0379767682932677
119551,2013-06-20,103.2642,Aditya Birla Sun Life Banking & PSU Debt Fund - DIRECT - IDCW,Aditya Birla Sun Life Mutual Fund,Open Ended Schemes,Debt Scheme - Banking and PSU Fund,INF209KA12Z1,INF209KA13Z9,nav_119551_20260625.csv,103.2602,0.0040000000000048,0.0038737093284778
119551,2013-06-21,103.2992,Aditya Birla Sun Life Banking & PSU Debt Fund - DIRECT - IDCW,Aditya Birla Sun Life Mutual Fund,Open Ended Schemes,Debt Scheme - Banking and PSU Fund,INF209KA12Z1,INF209KA13Z9,nav_119551_20260625.csv,103.2642,0.0349999999999965,0.0338936436828993
119551,2013-06-24,103.3469,Aditya Birla Sun Life Banking & PSU Debt Fund - DIRECT - IDCW,Aditya Birla Sun Life Mutual Fund,Open Ended Schemes,Debt Scheme - Banking and PSU Fund,INF209KA12Z1,INF209KA13Z9,nav_119551_20260625.csv,103.2992,0.047700000000006,0.0461765434775933
119551,2013-06-25,103.3595,Aditya Birla Sun Life Banking & PSU Debt Fund - DIRECT - IDCW,Aditya Birla Sun Life Mutual Fund,Open Ended Schemes,Debt Scheme - Banking and PSU Fund,INF209KA12Z1,INF209KA13Z9,nav_119551_20260625.csv,103.3469,0.0125999999999919,0.0121919477023422
119551,2013-06-26,103.3772,Aditya Birla Sun Life Banking & PSU Debt Fund - DIRECT - IDCW,Aditya Birla Sun Life Mutual Fund,Open Ended Schemes,Debt Scheme - Banking and PSU Fund,INF209KA12Z1,INF209KA13Z9,nav_119551_20260625.csv,103.3595,0.0177000000000049,0.0171246958431541
119551,2013-06-27,103.3957,Aditya Birla Sun Life Banking & PSU Debt Fund - DIRECT - IDCW,Aditya Birla Sun Life Mutual Fund,Open Ended Schemes,Debt Scheme - Banking and PSU Fund,INF209KA12Z1,INF209KA13Z9,nav_119551_20260625.csv,103.3772,0.018500000000003,0.0178956288233798
119551,2013-06-28,103.4072,Aditya Birla Sun Life Banking & PSU Debt Fund - DIRECT - IDCW,Aditya Birla Sun Life Mutual Fund,Open Ended Schemes,Debt Scheme - Banking and PSU Fund,INF209KA12Z1,INF209KA13Z9,nav_119551_20260625.csv,103.3957,0.011499999999998,0.0111223194001279
119551,2013-07-02,103.2075,Aditya Birla Sun Life Banking & PSU Debt Fund - DIRECT - IDCW,Aditya Birla Sun Life Mutual Fund,Open Ended Schemes,Debt Scheme - Banking and PSU Fund,INF209KA12Z1,INF209KA13Z9,nav_119551_20260625.csv,103.4072,-0.1997000000000071,-0.1931200148539048
119551,2013-07-03,103.2267,Aditya Birla Sun Life Banking & PSU Debt Fund - DIRECT - IDCW,Aditya Birla Sun Life Mutual Fund,Open Ended Schemes,Debt Scheme - Banking and PSU Fund,INF209KA12Z1,INF209KA13Z9,nav_119551_20260625.csv,103.2075,0.0191999999999978,0.0186032991788367
119551,2013-07-04,103.265,Aditya Birla Sun Life Banking & PSU Debt Fund - DIRECT - IDCW,Aditya Birla Sun Life Mutual Fund,Open Ended Schemes,Debt Scheme - Banking and PSU Fund,INF209KA12Z1,INF209KA13Z9,nav_119551_20260625.csv,103.2267,0.0383000000000066,0.0371028038288608
119551,2013-07-05,103.2854,Aditya Birla Sun Life Banking & PSU Debt Fund - DIRECT - IDCW,Aditya Birla Sun Life Mutual Fund,Open Ended Schemes,Debt Scheme - Banking and PSU Fund,INF209KA12Z1,INF209KA13Z9,nav_119551_20260625.csv,103.265,0.020399999999995,0.0197549992737085
119551,2013-07-08,103.3431,Aditya Birla Sun Life Banking & PSU Debt Fund - DIRECT - IDCW,Aditya Birla Sun Life Mutual Fund,Open Ended Schemes,Debt Scheme - Banking and PSU Fund,INF209KA12Z1,INF209KA13Z9,nav_119551_20260625.csv,103.2854,0.0577000000000111,0.0558646236544673
119551,2013-07-09,103.368,Aditya Birla Sun Life Banking & PSU Debt Fund - DIRECT - IDCW,Aditya Birla Sun Life Mutual Fund,Open Ended Schemes,Debt Scheme - Banking and PSU Fund,INF209KA12Z1,INF209KA13Z9,nav_119551_20260625.csv,103.3431,0.0248999999999881,0.0240944968749613
119551,2013-07-10,103.3886,Aditya Birla Sun Life Banking & PSU Debt Fund - DIRECT - IDCW,Aditya Birla Sun Life Mutual Fund,Open Ended Schemes,Debt Scheme - Banking and PSU Fund,INF209KA12Z1,INF209KA13Z9,nav_119551_20260625.csv,103.368,0.0206000000000017,0.0199287980806455
119551,2013-07-11,103.4083,Aditya Birla Sun Life Banking & PSU Debt Fund - DIRECT - IDCW,Aditya Birla Sun Life Mutual Fund,Open Ended Schemes,Debt Scheme - Banking and PSU Fund,INF209KA12Z1,INF209KA13Z9,nav_119551_20260625.csv,103.3886,0.0197000000000002,0.0190543251383617
119551,2013-07-12,103.4314,Aditya Birla Sun Life Banking & PSU Debt Fund - DIRECT - IDCW,Aditya Birla Sun Life Mutual Fund,Open Ended Schemes,Debt Scheme - Banking and PSU Fund,INF209KA12Z1,INF209KA13Z9,nav_119551_20260625.csv,103.4083,0.0230999999999994,0.0223386323921768
119551,2013-07-15,103.4995,Aditya Birla Sun Life Banking & PSU Debt Fund - DIRECT - IDCW,Aditya Birla Sun Life Mutual Fund,Open Ended Schemes,Debt Scheme - Banking and PSU Fund,INF209KA12Z1,INF209KA13Z9,nav_119551_20260625.csv,103.4314,0.0681000000000011,0.0658407408195201
119551,2013-07-16,102.6046,Aditya Birla Sun Life Banking & PSU Debt Fund - DIRECT - IDCW,Aditya Birla Sun Life Mutual Fund,Open Ended Schemes,Debt Scheme - Banking and PSU Fund,INF209KA12Z1,INF209KA13Z9,nav_119551_20260625.csv,103.4995,-0.8948999999999927,-0.8646418581732209
119551,2013-07-17,102.7023,Aditya Birla Sun Life Banking & PSU Debt Fund - DIRECT - IDCW,Aditya Birla Sun Life Mutual Fund,Open Ended Schemes,Debt Scheme - Banking and PSU Fund,INF209KA12Z1,INF209KA13Z9,nav_119551_20260625.csv,102.6046,0.097699999999989,0.0952199024215181
119551,2013-07-18,102.8496,Aditya Birla Sun Life Banking & PSU Debt Fund - DIRECT - IDCW,Aditya Birla Sun Life Mutual Fund,Open Ended Schemes,Debt Scheme - Banking and PSU Fund,INF209KA12Z1,INF209KA13Z9,nav_119551_20260625.csv,102.7023,0.1473000000000013,0.1434242465845471
119551,2013-07-19,102.8672,Aditya Birla Sun Life Banking & PSU Debt Fund - DIRECT - IDCW,Aditya Birla Sun Life Mutual Fund,Open Ended Schemes,Debt Scheme - Banking and PSU Fund,INF209KA12Z1,INF209KA13Z9,nav_119551_20260625.csv,102.8496,0.0176000000000016,0.017112366017954
119551,2013-07-22,102.9274,Aditya Birla Sun Life Banking & PSU Debt Fund - DIRECT - IDCW,Aditya Birla Sun Life Mutual Fund,Open Ended Schemes,Debt Scheme - Banking and PSU Fund,INF209KA12Z1,INF209KA13Z9,nav_119551_20260625.csv,102.8672,0.0602000000000089,0.0585220556212368
119551,2013-07-23,102.8344,Aditya Birla Sun Life Banking & PSU Debt Fund - DIRECT - IDCW,Aditya Birla Sun Life Mutual Fund,Open Ended Schemes,Debt Scheme - Banking and PSU Fund,INF209KA12Z1,INF209KA13Z9,nav_119551_20260625.csv,102.9274,-0.0930000000000035,-0.0903549492166357
119551,2013-07-24,102.6244,Aditya Birla Sun Life Banking & PSU Debt Fund - DIRECT - IDCW,Aditya Birla Sun Life Mutual Fund,Open Ended Schemes,Debt Scheme - Banking and PSU Fund,INF209KA12Z1,INF209KA13Z9,nav_119551_20260625.csv,102.8344,-0.2100000000000079,-0.204211820169134
119551,2013-07-25,102.6991,Aditya Birla Sun Life Banking & PSU Debt Fund - DIRECT - IDCW,Aditya Birla Sun Life Mutual Fund,Open Ended Schemes,Debt Scheme - Banking and PSU Fund,INF209KA12Z1,INF209KA13Z9,nav_119551_20260625.csv,102.6244,0.0747000000000071,0.072789706931302
119551,2013-07-26,102.7573,Aditya Birla Sun Life Banking & PSU Debt Fund - DIRECT - IDCW,Aditya Birla Sun Life Mutual Fund,Open Ended Schemes,Debt Scheme - Banking and PSU Fund,INF209KA12Z1,INF209KA13Z9,nav_119551_20260625.csv,102.6991,0.0581999999999993,0.0566704089909253
119551,2013-07-29,102.8554,Aditya Birla Sun Life Banking & PSU Debt Fund - DIRECT - IDCW,Aditya Birla Sun Life Mutual Fund,Open Ended Schemes,Debt Scheme - Banking and PSU Fund,INF209KA12Z1,INF209KA13Z9,nav_119551_20260625.csv,102.7573,0.0981000000000023,0.0954676699368339
119551,2013-07-30,102.8875,Aditya Birla Sun Life Banking & PSU Debt Fund - DIRECT - IDCW,Aditya Birla Sun Life Mutual Fund,Open Ended Schemes,Debt Scheme - Banking and PSU Fund,INF209KA12Z1,INF209KA13Z9,nav_119551_20260625.csv,102.8554,0.0320999999999997,0.031208862150164
119551,2013-07-31,102.9055,Aditya Birla Sun Life Banking & PSU Debt Fund - DIRECT - IDCW,Aditya Birla Sun Life Mutual Fund,Open Ended Schemes,Debt Scheme - Banking and PSU Fund,INF209KA12Z1,INF209KA13Z9,nav_119551_20260625.csv,102.8875,0.0180000000000006,0.0174948365933672
119551,2013-08-01,102.9596,Aditya Birla Sun Life Banking & PSU Debt Fund - DIRECT - IDCW,Aditya Birla Sun Life Mutual Fund,Open Ended Schemes,Debt Scheme - Banking and PSU Fund,INF209KA12Z1,INF209KA13Z9,nav_119551_20260625.csv,102.9055,0.0540999999999911,0.0525725058427306
119551,2013-08-02,103.0101,Aditya Birla Sun Life Banking & PSU Debt Fund - DIRECT - IDCW,Aditya Birla Sun Life Mutual Fund,Open Ended Schemes,Debt Scheme - Banking and PSU Fund,INF209KA12Z1,INF209KA13Z9,nav_119551_20260625.csv,102.9596,0.0504999999999995,0.0490483646012606
119551,2013-08-05,103.1389,Aditya Birla Sun Life Banking & PSU Debt Fund - DIRECT - IDCW,Aditya Birla Sun Life Mutual Fund,Open Ended Schemes,Debt Scheme - Banking and PSU Fund,INF209KA12Z1,INF209KA13Z9,nav_119551_20260625.csv,103.0101,0.1288000000000124,0.1250362828499462
119551,2013-08-06,103.1471,Aditya Birla Sun Life Banking & PSU Debt Fund - DIRECT - IDCW,Aditya Birla Sun Life Mutual Fund,Open Ended Schemes,Debt Scheme - Banking and PSU Fund,INF209KA12Z1,INF209KA13Z9,nav_119551_20260625.csv,103.1389,0.0081999999999879,0.0079504435280849
119551,2013-08-07,103.1785,Aditya Birla Sun Life Banking & PSU Debt Fund - DIRECT - IDCW,Aditya Birla Sun Life Mutual Fund,Open Ended Schemes,Debt Scheme - Banking and PSU Fund,INF209KA12Z1,INF209KA13Z9,nav_119551_20260625.csv,103.1471,0.0314000000000049,0.0304419610439895
119551,2013-08-08,103.2116,Aditya Birla Sun Life Banking & PSU Debt Fund - DIRECT - IDCW,Aditya Birla Sun Life Mutual Fund,Open Ended Schemes,Debt Scheme - Banking and PSU Fund,INF209KA12Z1,INF209KA13Z9,nav_119551_20260625.csv,103.1785,0.0331000000000045,0.0320803268122763
119551,2013-08-12,103.2958,Aditya Birla Sun Life Banking & PSU Debt Fund - DIRECT - IDCW,Aditya Birla Sun Life Mutual Fund,Open Ended Schemes,Debt Scheme - Banking and PSU Fund,INF209KA12Z1,INF209KA13Z9,nav_119551_20260625.csv,103.2116,0.0841999999999956,0.0815799774443915
119551,2013-08-13,103.3152,Aditya Birla Sun Life Banking & PSU Debt Fund - DIRECT - IDCW,Aditya Birla Sun Life Mutual Fund,Open Ended Schemes,Debt Scheme - Banking and PSU Fund,INF209KA12Z1,INF209KA13Z9,nav_119551_20260625.csv,103.2958,0.0194000000000045,0.018781015297819
119551,2013-08-14,103.364,Aditya Birla Sun Life Banking & PSU Debt Fund - DIRECT - IDCW,Aditya Birla Sun Life Mutual Fund,Open Ended Schemes,Debt Scheme - Banking and PSU Fund,INF209KA12Z1,INF209KA13Z9,nav_119551_20260625.csv,103.3152,0.0487999999999999,0.0472340952734931
119551,2013-08-16,103.1558,Aditya Birla Sun Life Banking & PSU Debt Fund - DIRECT - IDCW,Aditya Birla Sun Life Mutual Fund,Open Ended Schemes,Debt Scheme - Banking and PSU Fund,INF209KA12Z1,INF209KA13Z9,nav_119551_20260625.csv,103.364,-0.208200000000005,-0.2014240934948386
119551,2013-08-19,103.207,Aditya Birla Sun Life Banking & PSU Debt Fund - DIRECT - IDCW,Aditya Birla Sun Life Mutual Fund,Open Ended Schemes,Debt Scheme - Banking and PSU Fund,INF209KA12Z1,INF209KA13Z9,nav_119551_20260625.csv,103.1558,0.0511999999999943,0.0496336609284154
119551,2013-08-20,103.2086,Aditya Birla Sun Life Banking & PSU Debt Fund - DIRECT - IDCW,Aditya Birla Sun Life Mutual Fund,Open Ended Schemes,Debt Scheme - Banking and PSU Fund,INF209KA12Z1,INF209KA13Z9,nav_119551_20260625.csv,103.207,0.0016000000000104,0.0015502824420925
119551,2013-08-21,103.3135,Aditya Birla Sun Life Banking & PSU Debt Fund - DIRECT - IDCW,Aditya Birla Sun Life Mutual Fund,Open Ended Schemes,Debt Scheme - Banking and PSU Fund,INF209KA12Z1,INF209KA13Z9,nav_119551_20260625.csv,103.2086,0.1049000000000006,0.101638816920296
119551,2013-08-22,103.3345,Aditya Birla Sun Life Banking & PSU Debt Fund - DIRECT - IDCW,Aditya Birla Sun Life Mutual Fund,Open Ended Schemes,Debt Scheme - Banking and PSU Fund,INF209KA12Z1,INF209KA13Z9,nav_119551_20260625.csv,103.3135,0.0210000000000007,0.0203264820183236
119551,2013-08-23,103.3768,Aditya Birla Sun Life Banking & PSU Debt Fund - DIRECT - IDCW,Aditya Birla Sun Life Mutual Fund,Open Ended Schemes,Debt Scheme - Banking and PSU Fund,INF209KA12Z1,INF209KA13Z9,nav_119551_20260625.csv,103.3345,0.0422999999999973,0.0409350217013653
119551,2013-08-26,103.4776,Aditya Birla Sun Life Banking & PSU Debt Fund - DIRECT - IDCW,Aditya Birla Sun Life Mutual Fund,Open Ended Schemes,Debt Scheme - Banking and PSU Fund,INF209KA12Z1,INF209KA13Z9,nav_119551_20260625.csv,103.3768,0.1007999999999924,0.0975073710929265
119551,2013-08-27,103.4881,Aditya Birla Sun Life Banking & PSU Debt Fund - DIRECT - IDCW,Aditya Birla Sun Life Mutual Fund,Open Ended Schemes,Debt Scheme - Banking and PSU Fund,INF209KA12Z1,INF209KA13Z9,nav_119551_20260625.csv,103.4776,0.0105000000000075,0.0101471236286959
119551,2013-08-28,103.4713,Aditya Birla Sun Life Banking & PSU Debt Fund - DIRECT - IDCW,Aditya Birla Sun Life Mutual Fund,Open Ended Schemes,Debt Scheme - Banking and PSU Fund,INF209KA12Z1,INF209KA13Z9,nav_119551_20260625.csv,103.4881,-0.0168000000000034,-0.0162337505471677
119551,2013-08-29,103.1588,Aditya Birla Sun Life Banking & PSU Debt Fund - DIRECT - IDCW,Aditya Birla Sun Life Mutual Fund,Open Ended Schemes,Debt Scheme - Banking and PSU Fund,INF209KA12Z1,INF209KA13Z9,nav_119551_20260625.csv,103.4713,-0.3125,-0.3020161146134242
119551,2013-08-30,103.214,Aditya Birla Sun Life Banking & PSU Debt Fund - DIRECT - IDCW,Aditya Birla Sun Life Mutual Fund,Open Ended Schemes,Debt Scheme - Banking and PSU Fund,INF209KA12Z1,INF209KA13Z9,nav_119551_20260625.csv,103.1588,0.0551999999999992,0.0535097345064107
119551,2013-09-02,103.3253,Aditya Birla Sun Life Banking & PSU Debt Fund - DIRECT - IDCW,Aditya Birla Sun Life Mutual Fund,Open Ended Schemes,Debt Scheme - Banking and PSU Fund,INF209KA12Z1,INF209KA13Z9,nav_119551_20260625.csv,103.214,0.1112999999999999,0.1078342085376014
119551,2013-09-03,103.3815,Aditya Birla Sun Life Banking & PSU Debt Fund - DIRECT - IDCW,Aditya Birla Sun Life Mutual Fund,Open Ended Schemes,Debt Scheme - Banking and PSU Fund,INF209KA12Z1,INF209KA13Z9,nav_119551_20260625.csv,103.3253,0.056200000000004,0.0543913252610967
119551,2013-09-04,103.4408,Aditya Birla Sun Life Banking & PSU Debt Fund - DIRECT - IDCW,Aditya Birla Sun Life Mutual Fund,Open Ended Schemes,Debt Scheme - Banking and PSU Fund,INF209KA12Z1,INF209KA13Z9,nav_119551_20260625.csv,103.3815,0.0592999999999932,0.0573603594453487
119551,2013-09-05,103.5445,Aditya Birla Sun Life Banking & PSU Debt Fund - DIRECT - IDCW,Aditya Birla Sun Life Mutual Fund,Open Ended Schemes,Debt Scheme - Banking and PSU Fund,INF209KA12Z1,INF209KA13Z9,nav_119551_20260625.csv,103.4408,0.1037000000000034,0.1002505781084479
119551,2013-09-06,103.5778,Aditya Birla Sun Life Banking & PSU Debt Fund - DIRECT - IDCW,Aditya Birla Sun Life Mutual Fund,Open Ended Schemes,Debt Scheme - Banking and PSU Fund,INF209KA12Z1,INF209KA13Z9,nav_119551_20260625.csv,103.5445,0.033299999999997,0.0321600857602258
119551,2013-09-10,103.7133,Aditya Birla Sun Life Banking & PSU Debt Fund - DIRECT - IDCW,Aditya Birla Sun Life Mutual Fund,Open Ended Schemes,Debt Scheme - Banking and PSU Fund,INF209KA12Z1,INF209KA13Z9,nav_119551_20260625.csv,103.5778,0.1355000000000075,0.1308195385497737
119551,2013-09-11,103.7462,Aditya Birla Sun Life Banking & PSU Debt Fund - DIRECT - IDCW,Aditya Birla Sun Life Mutual Fund,Open Ended Schemes,Debt Scheme - Banking and PSU Fund,INF209KA12Z1,INF209KA13Z9,nav_119551_20260625.csv,103.7133,0.0328999999999979,0.0317220645760938
119551,2013-09-12,103.7831,Aditya Birla Sun Life Banking & PSU Debt Fund - DIRECT - IDCW,Aditya Birla Sun Life Mutual Fund,Open Ended Schemes,Debt Scheme - Banking and PSU Fund,INF209KA12Z1,INF209KA13Z9,nav_119551_20260625.csv,103.7462,0.0369000000000028,0.035567567775979
119551,2013-09-13,103.8036,Aditya Birla Sun Life Banking & PSU Debt Fund - DIRECT - IDCW,Aditya Birla Sun Life Mutual Fund,Open Ended Schemes,Debt Scheme - Banking and PSU Fund,INF209KA12Z1,INF209KA13Z9,nav_119551_20260625.csv,103.7831,0.0204999999999984,0.0197527343083781
119551,2013-09-16,103.8949,Aditya Birla Sun Life Banking & PSU Debt Fund - DIRECT - IDCW,Aditya Birla Sun Life Mutual Fund,Open Ended Schemes,Debt Scheme - Banking and PSU Fund,INF209KA12Z1,INF209KA13Z9,nav_119551_20260625.csv,103.8036,0.0913000000000039,0.087954560342805
119551,2013-09-17,103.2261,Aditya Birla Sun Life Banking & PSU Debt Fund - DIRECT - IDCW,Aditya Birla Sun Life Mutual Fund,Open Ended Schemes,Debt Scheme - Banking and PSU Fund,INF209KA12Z1,INF209KA13Z9,nav_119551_20260625.csv,103.8949,-0.6688000000000045,-0.6437274591919377
119551,2013-09-18,103.3108,Aditya Birla Sun Life Banking & PSU Debt Fund - DIRECT - IDCW,Aditya Birla Sun Life Mutual Fund,Open Ended Schemes,Debt Scheme - Banking and PSU Fund,INF209KA12Z1,INF209KA13Z9,nav_119551_20260625.csv,103.2261,0.084699999999998,0.0820528916620874
119551,2013-09-19,103.4545,Aditya Birla Sun Life Banking & PSU Debt Fund - DIRECT - IDCW,Aditya Birla Sun Life Mutual Fund,Open Ended Schemes,Debt Scheme - Banking and PSU Fund,INF209KA12Z1,INF209KA13Z9,nav_119551_20260625.csv,103.3108,0.1436999999999955,0.139094847779705
119551,2013-09-20,103.5346,Aditya Birla Sun Life Banking & PSU Debt Fund - DIRECT - IDCW,Aditya Birla Sun Life Mutual Fund,Open Ended Schemes,Debt Scheme - Banking and PSU Fund,INF209KA12Z1,INF209KA13Z9,nav_119551_20260625.csv,103.4545,0.0801000000000016,0.0774253415752834
119551,2013-09-23,103.594,Aditya Birla Sun Life Banking & PSU Debt Fund - DIRECT - IDCW,Aditya Birla Sun Life Mutual Fund,Open Ended Schemes,Debt Scheme - Banking and PSU Fund,INF209KA12Z1,INF209KA13Z9,nav_119551_20260625.csv,103.5346,0.0593999999999965,0.0573721248741933
119551,2013-09-24,103.6,Aditya Birla Sun Life Banking & PSU Debt Fund - DIRECT - IDCW,Aditya Birla Sun Life Mutual Fund,Open Ended Schemes,Debt Scheme - Banking and PSU Fund,INF209KA12Z1,INF209KA13Z9,nav_119551_20260625.csv,103.594,0.0060000000000002,0.005791841226326
119551,2013-09-25,103.6534,Aditya Birla Sun Life Banking & PSU Debt Fund - DIRECT - IDCW,Aditya Birla Sun Life Mutual Fund,Open Ended Schemes,Debt Scheme - Banking and PSU Fund,INF209KA12Z1,INF209KA13Z9,nav_119551_20260625.csv,103.6,0.0534000000000105,0.0515444015444117
119551,2013-09-26,103.6866,Aditya Birla Sun Life Banking & PSU Debt Fund - DIRECT - IDCW,Aditya Birla Sun Life Mutual Fund,Open Ended Schemes,Debt Scheme - Banking and PSU Fund,INF209KA12Z1,INF209KA13Z9,nav_119551_20260625.csv,103.6534,0.0331999999999936,0.0320298224660201
119551,2013-09-27,103.724,Aditya Birla Sun Life Banking & PSU Debt Fund - DIRECT - IDCW,Aditya Birla Sun Life Mutual Fund,Open Ended Schemes,Debt Scheme - Banking and PSU Fund,INF209KA12Z1,INF209KA13Z9,nav_119551_20260625.csv,103.6866,0.0374000000000052,0.0360702347265752
119551,2013-09-30,103.7595,Aditya Birla Sun Life Banking & PSU Debt Fund - DIRECT - IDCW,Aditya Birla Sun Life Mutual Fund,Open Ended Schemes,Debt Scheme - Banking and PSU Fund,INF209KA12Z1,INF209KA13Z9,nav_119551_20260625.csv,103.724,0.0354999999999989,0.0342254444487283
119551,2013-10-01,103.2655,Aditya Birla Sun Life Banking & PSU Debt Fund - DIRECT - IDCW,Aditya Birla Sun Life Mutual Fund,Open Ended Schemes,Debt Scheme - Banking and PSU Fund,INF209KA12Z1,INF209KA13Z9,nav_119551_20260625.csv,103.7595,-0.4939999999999998,-0.4761009835243999
119551,2013-10-03,103.3443,Aditya Birla Sun Life Banking & PSU Debt Fund - DIRECT - IDCW,Aditya Birla Sun Life Mutual Fund,Open Ended Schemes,Debt Scheme - Banking and PSU Fund,INF209KA12Z1,INF209KA13Z9,nav_119551_20260625.csv,103.2655,0.078800000000001,0.076308157128955
119551,2013-10-04,103.4092,Aditya Birla Sun Life Banking & PSU Debt Fund - DIRECT - IDCW,Aditya Birla Sun Life Mutual Fund,Open Ended Schemes,Debt Scheme - Banking and PSU Fund,INF209KA12Z1,INF209KA13Z9,nav_119551_20260625.csv,103.3443,0.0648999999999944,0.0627997867323059
119551,2013-10-07,103.5211,Aditya Birla Sun Life Banking & PSU Debt Fund - DIRECT - IDCW,Aditya Birla Sun Life Mutual Fund,Open Ended Schemes,Debt Scheme - Banking and PSU Fund,INF209KA12Z1,INF209KA13Z9,nav_119551_20260625.csv,103.4092,0.1119000000000056,0.1082108748544671
119551,2013-10-08,103.7122,Aditya Birla Sun Life Banking & PSU Debt Fund - DIRECT - IDCW,Aditya Birla Sun Life Mutual Fund,Open Ended Schemes,Debt Scheme - Banking and PSU Fund,INF209KA12Z1,INF209KA13Z9,nav_119551_20260625.csv,103.5211,0.1910999999999916,0.1846000477197321
119551,2013-10-09,103.7191,Aditya Birla Sun Life Banking & PSU Debt Fund - DIRECT - IDCW,Aditya Birla Sun Life Mutual Fund,Open Ended Schemes,Debt Scheme - Banking and PSU Fund,INF209KA12Z1,INF209KA13Z9,nav_119551_20260625.csv,103.7122,0.0069000000000016,0.006653026355628
119551,2013-10-10,103.7396,Aditya Birla Sun Life Banking & PSU Debt Fund - DIRECT - IDCW,Aditya Birla Sun Life Mutual Fund,Open Ended Schemes,Debt Scheme - Banking and PSU Fund,INF209KA12Z1,INF209KA13Z9,nav_119551_20260625.csv,103.7191,0.0204999999999984,0.0197649227577161
119551,2013-10-11,103.7572,Aditya Birla Sun Life Banking & PSU Debt Fund - DIRECT - IDCW,Aditya Birla Sun Life Mutual Fund,Open Ended Schemes,Debt Scheme - Banking and PSU Fund,INF209KA12Z1,INF209KA13Z9,nav_119551_20260625.csv,103.7396,0.0176000000000016,0.0169655560653806
119551,2013-10-14,103.8303,Aditya Birla Sun Life Banking & PSU Debt Fund - DIRECT - IDCW,Aditya Birla Sun Life Mutual Fund,Open Ended Schemes,Debt Scheme - Banking and PSU Fund,INF209KA12Z1,INF209KA13Z9,nav_119551_20260625.csv,103.7572,0.0730999999999966,0.070452942060885
119551,2013-10-15,103.2589,Aditya Birla Sun Life Banking & PSU Debt Fund - DIRECT - IDCW,Aditya Birla Sun Life Mutual Fund,Open Ended Schemes,Debt Scheme - Banking and PSU Fund,INF209KA12Z1,INF209KA13Z9,nav_119551_20260625.csv,103.8303,-0.571399999999997,-0.5503210527177491
119551,2013-10-17,103.3326,Aditya Birla Sun Life Banking & PSU Debt Fund - DIRECT - IDCW,Aditya Birla Sun Life Mutual Fund,Open Ended Schemes,Debt Scheme - Banking and PSU Fund,INF209KA12Z1,INF209KA13Z9,nav_119551_20260625.csv,103.2589,0.0737000000000023,0.0713739929439518
119551,2013-10-18,103.3672,Aditya Birla Sun Life Banking & PSU Debt Fund - DIRECT - IDCW,Aditya Birla Sun Life Mutual Fund,Open Ended Schemes,Debt Scheme - Banking and PSU Fund,INF209KA12Z1,INF209KA13Z9,nav_119551_20260625.csv,103.3326,0.0345999999999975,0.0334841085968973
119551,2013-10-21,103.4516,Aditya Birla Sun Life Banking & PSU Debt Fund - DIRECT - IDCW,Aditya Birla Sun Life Mutual Fund,Open Ended Schemes,Debt Scheme - Banking and PSU Fund,INF209KA12Z1,INF209KA13Z9,nav_119551_20260625.csv,103.3672,0.0844000000000022,0.0816506590098234
119551,2013-10-22,103.4859,Aditya Birla Sun Life Banking & PSU Debt Fund - DIRECT - IDCW,Aditya Birla Sun Life Mutual Fund,Open Ended Schemes,Debt Scheme - Banking and PSU Fund,INF209KA12Z1,INF209KA13Z9,nav_119551_20260625.csv,103.4516,0.0343000000000017,0.033155601266681
119551,2013-10-23,103.4986,Aditya Birla Sun Life Banking & PSU Debt Fund - DIRECT - IDCW,Aditya Birla Sun Life Mutual Fund,Open Ended Schemes,Debt Scheme - Banking and PSU Fund,INF209KA12Z1,INF209KA13Z9,nav_119551_20260625.csv,103.4859,0.0126999999999952,0.0122722032663341
119551,2013-10-24,103.5248,Aditya Birla Sun Life Banking & PSU Debt Fund - DIRECT - IDCW,Aditya Birla Sun Life Mutual Fund,Open Ended Schemes,Debt Scheme - Banking and PSU Fund,INF209KA12Z1,INF209KA13Z9,nav_119551_20260625.csv,103.4986,0.0262000000000028,0.0253143520781951
119551,2013-10-25,103.5569,Aditya Birla Sun Life Banking & PSU Debt Fund - DIRECT - IDCW,Aditya Birla Sun Life Mutual Fund,Open Ended Schemes,Debt Scheme - Banking and PSU Fund,INF209KA12Z1,INF209KA13Z9,nav_119551_20260625.csv,103.5248,0.0320999999999997,0.0310070630418989
119551,2013-10-28,103.6375,Aditya Birla Sun Life Banking & PSU Debt Fund - DIRECT - IDCW,Aditya Birla Sun Life Mutual Fund,Open Ended Schemes,Debt Scheme - Banking and PSU Fund,INF209KA12Z1,INF209KA13Z9,nav_119551_20260625.csv,103.5569,0.080600000000004,0.0778316075510217
119551,2013-10-29,103.332,Aditya Birla Sun Life Banking & PSU Debt Fund - DIRECT - IDCW,Aditya Birla Sun Life Mutual Fund,Open Ended Schemes,Debt Scheme - Banking and PSU Fund,INF209KA12Z1,INF209KA13Z9,nav_119551_20260625.csv,103.6375,-0.3055000000000092,-0.294777469545299
119551,2013-10-30,103.3571,Aditya Birla Sun Life Banking & PSU Debt Fund - DIRECT - IDCW,Aditya Birla Sun Life Mutual Fund,Open Ended Schemes,Debt Scheme - Banking and PSU Fund,INF209KA12Z1,INF209KA13Z9,nav_119551_20260625.csv,103.332,0.025100000000009,0.0242906360082152
119551,2013-10-31,103.3858,Aditya Birla Sun Life Banking & PSU Debt Fund - DIRECT - IDCW,Aditya Birla Sun Life Mutual Fund,Open Ended Schemes,Debt Scheme - Banking and PSU Fund,INF209KA12Z1,INF209KA13Z9,nav_119551_20260625.csv,103.3571,0.0287000000000006,0.0277678069527885
119551,2013-11-01,103.3966,Aditya Birla Sun Life Banking & PSU Debt Fund - DIRECT - IDCW,Aditya Birla Sun Life Mutual Fund,Open Ended Schemes,Debt Scheme - Banking and PSU Fund,INF209KA12Z1,INF209KA13Z9,nav_119551_20260625.csv,103.3858,0.0108000000000032,0.0104463088741425
119551,2013-11-05,103.4962,Aditya Birla Sun Life Banking & PSU Debt Fund - DIRECT - IDCW,Aditya Birla Sun Life Mutual Fund,Open Ended Schemes,Debt Scheme - Banking and PSU Fund,INF209KA12Z1,INF209KA13Z9,nav_119551_20260625.csv,103.3966,0.0995999999999952,0.0963281191064263
119551,2013-11-06,103.5239,Aditya Birla Sun Life Banking & PSU Debt Fund - DIRECT - IDCW,Aditya Birla Sun Life Mutual Fund,Open Ended Schemes,Debt Scheme - Banking and PSU Fund,INF209KA12Z1,INF209KA13Z9,nav_119551_20260625.csv,103.4962,0.0276999999999958,0.0267642676735917
119551,2013-11-07,103.5073,Aditya Birla Sun Life Banking & PSU Debt Fund - DIRECT - IDCW,Aditya Birla Sun Life Mutual Fund,Open Ended Schemes,Debt Scheme - Banking and PSU Fund,INF209KA12Z1,INF209KA13Z9,nav_119551_20260625.csv,103.5239,-0.0165999999999968,-0.0160349445876718
119551,2013-11-08,103.5326,Aditya Birla Sun Life Banking & PSU Debt Fund - DIRECT - IDCW,Aditya Birla Sun Life Mutual Fund,Open Ended Schemes,Debt Scheme - Banking and PSU Fund,INF209KA12Z1,INF209KA13Z9,nav_119551_20260625.csv,103.5073,0.0253000000000014,0.024442720465128
119551,2013-11-11,103.5975,Aditya Birla Sun Life Banking & PSU Debt Fund - DIRECT - IDCW,Aditya Birla Sun Life Mutual Fund,Open Ended Schemes,Debt Scheme - Banking and PSU Fund,INF209KA12Z1,INF209KA13Z9,nav_119551_20260625.csv,103.5326,0.0648999999999944,0.0626855695693862
119551,2013-11-12,103.6068,Aditya Birla Sun Life Banking & PSU Debt Fund - DIRECT - IDCW,Aditya Birla Sun Life Mutual Fund,Open Ended Schemes,Debt Scheme - Banking and PSU Fund,INF209KA12Z1,INF209KA13Z9,nav_119551_20260625.csv,103.5975,0.0093000000000103,0.0089770506045129
119551,2013-11-13,103.6314,Aditya Birla Sun Life Banking & PSU Debt Fund - DIRECT - IDCW,Aditya Birla Sun Life Mutual Fund,Open Ended Schemes,Debt Scheme - Banking and PSU Fund,INF209KA12Z1,INF209KA13Z9,nav_119551_20260625.csv,103.6068,0.0245999999999924,0.0237436152839315
119551,2013-11-14,103.6701,Aditya Birla Sun Life Banking & PSU Debt Fund - DIRECT - IDCW,Aditya Birla Sun Life Mutual Fund,Open Ended Schemes,Debt Scheme - Banking and PSU Fund,INF209KA12Z1,INF209KA13Z9,nav_119551_20260625.csv,103.6314,0.0387000000000057,0.0373438938391315
119551,2013-11-18,103.396,Aditya Birla Sun Life Banking & PSU Debt Fund - DIRECT - IDCW,Aditya Birla Sun Life Mutual Fund,Open Ended Schemes,Debt Scheme - Banking and PSU Fund,INF209KA12Z1,INF209KA13Z9,nav_119551_20260625.csv,103.6701,-0.2741000000000042,-0.2643963881582097
119551,2013-11-19,103.4355,Aditya Birla Sun Life Banking & PSU Debt Fund - DIRECT - IDCW,Aditya Birla Sun Life Mutual Fund,Open Ended Schemes,Debt Scheme - Banking and PSU Fund,INF209KA12Z1,INF209KA13Z9,nav_119551_20260625.csv,103.396,0.0395000000000038,0.0382026383999418
119551,2013-11-20,103.4681,Aditya Birla Sun Life Banking & PSU Debt Fund - DIRECT - IDCW,Aditya Birla Sun Life Mutual Fund,Open Ended Schemes,Debt Scheme - Banking and PSU Fund,INF209KA12Z1,INF209KA13Z9,nav_119551_20260625.csv,103.4355,0.0326000000000021,0.0315172257107107
119551,2013-11-21,103.474,Aditya Birla Sun Life Banking & PSU Debt Fund - DIRECT - IDCW,Aditya Birla Sun Life Mutual Fund,Open Ended Schemes,Debt Scheme - Banking and PSU Fund,INF209KA12Z1,INF209KA13Z9,nav_119551_20260625.csv,103.4681,0.0058999999999969,0.0057022405939578
119551,2013-11-22,103.5041,Aditya Birla Sun Life Banking & PSU Debt Fund - DIRECT - IDCW,Aditya Birla Sun Life Mutual Fund,Open Ended Schemes,Debt Scheme - Banking and PSU Fund,INF209KA12Z1,INF209KA13Z9,nav_119551_20260625.csv,103.474,0.0300999999999902,0.0290894330942944
119551,2013-11-25,103.6001,Aditya Birla Sun Life Banking & PSU Debt Fund - DIRECT - IDCW,Aditya Birla Sun Life Mutual Fund,Open Ended Schemes,Debt Scheme - Banking and PSU Fund,INF209KA12Z1,INF209KA13Z9,nav_119551_20260625.csv,103.5041,0.0960000000000036,0.0927499490358388
119551,2013-11-26,103.6402,Aditya Birla Sun Life Banking & PSU Debt Fund - DIRECT - IDCW,Aditya Birla Sun Life Mutual Fund,Open Ended Schemes,Debt Scheme - Banking and PSU Fund,INF209KA12Z1,INF209KA13Z9,nav_119551_20260625.csv,103.6001,0.0400999999999953,0.0387065263450473
119551,2013-11-27,103.7259,Aditya Birla Sun Life Banking & PSU Debt Fund - DIRECT - IDCW,Aditya Birla Sun Life Mutual Fund,Open Ended Schemes,Debt Scheme - Banking and PSU Fund,INF209KA12Z1,INF209KA13Z9,nav_119551_20260625.csv,103.6402,0.0857000000000027,0.0826899214783479
119551,2013-11-28,103.7346,Aditya Birla Sun Life Banking & PSU Debt Fund - DIRECT - IDCW,Aditya Birla Sun Life Mutual Fund,Open Ended Schemes,Debt Scheme - Banking and PSU Fund,INF209KA12Z1,INF209KA13Z9,nav_119551_20260625.csv,103.7259,0.0087000000000045,0.0083874904917716
119551,2013-11-29,103.3436,Aditya Birla Sun Life Banking & PSU Debt Fund - DIRECT - IDCW,Aditya Birla Sun Life Mutual Fund,Open Ended Schemes,Debt Scheme - Banking and PSU Fund,INF209KA12Z1,INF209KA13Z9,nav_119551_20260625.csv,103.7346,-0.3910000000000053,-0.3769234180302477
119551,2013-12-02,103.4284,Aditya Birla Sun Life Banking & PSU Debt Fund - DIRECT - IDCW,Aditya Birla Sun Life Mutual Fund,Open Ended Schemes,Debt Scheme - Banking and PSU Fund,INF209KA12Z1,INF209KA13Z9,nav_119551_20260625.csv,103.3436,0.0848000000000013,0.0820563634322796
119551,2013-12-03,103.4693,Aditya Birla Sun Life Banking & PSU Debt Fund - DIRECT - IDCW,Aditya Birla Sun Life Mutual Fund,Open Ended Schemes,Debt Scheme - Banking and PSU Fund,INF209KA12Z1,INF209KA13Z9,nav_119551_20260625.csv,103.4284,0.0409000000000077,0.0395442644380148
119551,2013-12-04,103.4962,Aditya Birla Sun Life Banking & PSU Debt Fund - DIRECT - IDCW,Aditya Birla Sun Life Mutual Fund,Open Ended Schemes,Debt Scheme - Banking and PSU Fund,INF209KA12Z1,INF209KA13Z9,nav_119551_20260625.csv,103.4693,0.0268999999999977,0.0259980496630379
119551,2013-12-05,103.5545,Aditya Birla Sun Life Banking & PSU Debt Fund - DIRECT - IDCW,Aditya Birla Sun Life Mutual Fund,Open Ended Schemes,Debt Scheme - Banking and PSU Fund,INF209KA12Z1,INF209KA13Z9,nav_119551_20260625.csv,103.4962,0.0583000000000026,0.0563305705910001
119551,2013-12-06,103.5593,Aditya Birla Sun Life Banking & PSU Debt Fund - DIRECT - IDCW,Aditya Birla Sun Life Mutual Fund,Open Ended Schemes,Debt Scheme - Banking and PSU Fund,INF209KA12Z1,INF209KA13Z9,nav_119551_20260625.csv,103.5545,0.0047999999999888,0.0046352403806583
119551,2013-12-09,103.618,Aditya Birla Sun Life Banking & PSU Debt Fund - DIRECT - IDCW,Aditya Birla Sun Life Mutual Fund,Open Ended Schemes,Debt Scheme - Banking and PSU Fund,INF209KA12Z1,INF209KA13Z9,nav_119551_20260625.csv,103.5593,0.0587000000000017,0.0566824997851489
119551,2013-12-10,103.6308,Aditya Birla Sun Life Banking & PSU Debt Fund - DIRECT - IDCW,Aditya Birla Sun Life Mutual Fund,Open Ended Schemes,Debt Scheme - Banking and PSU Fund,INF209KA12Z1,INF209KA13Z9,nav_119551_20260625.csv,103.618,0.0127999999999985,0.0123530660696004
119551,2013-12-11,103.6643,Aditya Birla Sun Life Banking & PSU Debt Fund - DIRECT - IDCW,Aditya Birla Sun Life Mutual Fund,Open Ended Schemes,Debt Scheme - Banking and PSU Fund,INF209KA12Z1,INF209KA13Z9,nav_119551_20260625.csv,103.6308,0.0335000000000036,0.032326296815236
119551,2013-12-12,103.7351,Aditya Birla Sun Life Banking & PSU Debt Fund - DIRECT - IDCW,Aditya Birla Sun Life Mutual Fund,Open Ended Schemes,Debt Scheme - Banking and PSU Fund,INF209KA12Z1,INF209KA13Z9,nav_119551_20260625.csv,103.6643,0.0708000000000055,0.0682973791363135
119551,2013-12-13,103.7247,Aditya Birla Sun Life Banking & PSU Debt Fund - DIRECT - IDCW,Aditya Birla Sun Life Mutual Fund,Open Ended Schemes,Debt Scheme - Banking and PSU Fund,INF209KA12Z1,INF209KA13Z9,nav_119551_20260625.csv,103.7351,-0.0104000000000041,-0.0100255361974916
119551,2013-12-16,103.8019,Aditya Birla Sun Life Banking & PSU Debt Fund - DIRECT - IDCW,Aditya Birla Sun Life Mutual Fund,Open Ended Schemes,Debt Scheme - Banking and PSU Fund,INF209KA12Z1,INF209KA13Z9,nav_119551_20260625.csv,103.7247,0.0772000000000048,0.0744277881738918
119551,2013-12-17,103.3699,Aditya Birla Sun Life Banking & PSU Debt Fund - DIRECT - IDCW,Aditya Birla Sun Life Mutual Fund,Open Ended Schemes,Debt Scheme - Banking and PSU Fund,INF209KA12Z1,INF209KA13Z9,nav_119551_20260625.csv,103.8019,-0.4320000000000021,-0.416177353208373
119551,2013-12-18,103.4075,Aditya Birla Sun Life Banking & PSU Debt Fund - DIRECT - IDCW,Aditya Birla Sun Life Mutual Fund,Open Ended Schemes,Debt Scheme - Banking and PSU Fund,INF209KA12Z1,INF209KA13Z9,nav_119551_20260625.csv,103.3699,0.0375999999999976,0.0363742249919924
119551,2013-12-19,103.4336,Aditya Birla Sun Life Banking & PSU Debt Fund - DIRECT - IDCW,Aditya Birla Sun Life Mutual Fund,Open Ended Schemes,Debt Scheme - Banking and PSU Fund,INF209KA12Z1,INF209KA13Z9,nav_119551_20260625.csv,103.4075,0.0260999999999995,0.0252399487464638
119551,2013-12-20,103.4584,Aditya Birla Sun Life Banking & PSU Debt Fund - DIRECT - IDCW,Aditya Birla Sun Life Mutual Fund,Open Ended Schemes,Debt Scheme - Banking and PSU Fund,INF209KA12Z1,INF209KA13Z9,nav_119551_20260625.csv,103.4336,0.024799999999999,0.0239767348327806
119551,2013-12-23,103.5236,Aditya Birla Sun Life Banking & PSU Debt Fund - DIRECT - IDCW,Aditya Birla Sun Life Mutual Fund,Open Ended Schemes,Debt Scheme - Banking and PSU Fund,INF209KA12Z1,INF209KA13Z9,nav_119551_20260625.csv,103.4584,0.0652000000000043,0.0630204990604961
119551,2013-12-24,103.534,Aditya Birla Sun Life Banking & PSU Debt Fund - DIRECT - IDCW,Aditya Birla Sun Life Mutual Fund,Open Ended Schemes,Debt Scheme - Banking and PSU Fund,INF209KA12Z1,INF209KA13Z9,nav_119551_20260625.csv,103.5236,0.0104000000000041,0.0100460184924057
119551,2013-12-26,103.5763,Aditya Birla Sun Life Banking & PSU Debt Fund - DIRECT - IDCW,Aditya Birla Sun Life Mutual Fund,Open Ended Schemes,Debt Scheme - Banking and PSU Fund,INF209KA12Z1,INF209KA13Z9,nav_119551_20260625.csv,103.534,0.0422999999999973,0.0408561438754393
119551,2013-12-27,103.5893,Aditya Birla Sun Life Banking & PSU Debt Fund - DIRECT - IDCW,Aditya Birla Sun Life Mutual Fund,Open Ended Schemes,Debt Scheme - Banking and PSU Fund,INF209KA12Z1,INF209KA13Z9,nav_119551_20260625.csv,103.5763,0.012999999999991,0.0125511338018359
119551,2013-12-30,103.6429,Aditya Birla Sun Life Banking & PSU Debt Fund - DIRECT - IDCW,Aditya Birla Sun Life Mutual Fund,Open Ended Schemes,Debt Scheme - Banking and PSU Fund,INF209KA12Z1,INF209KA13Z9,nav_119551_20260625.csv,103.5893,0.0536000000000029,0.0517427958293018
119551,2013-12-31,103.3941,Aditya Birla Sun Life Banking & PSU Debt Fund - DIRECT - IDCW,Aditya Birla Sun Life Mutual Fund,Open Ended Schemes,Debt Scheme - Banking and PSU Fund,INF209KA12Z1,INF209KA13Z9,nav_119551_20260625.csv,103.6429,-0.2488000000000028,-0.2400550351254189
119551,2014-01-01,103.446,Aditya Birla Sun Life Banking & PSU Debt Fund - DIRECT - IDCW,Aditya Birla Sun Life Mutual Fund,Open Ended Schemes,Debt Scheme - Banking and PSU Fund,INF209KA12Z1,INF209KA13Z9,nav_119551_20260625.csv,103.3941,0.0519000000000033,0.050196287795922
119551,2014-01-02,103.4808,Aditya Birla Sun Life Banking & PSU Debt Fund - DIRECT - IDCW,Aditya Birla Sun Life Mutual Fund,Open Ended Schemes,Debt Scheme - Banking and PSU Fund,INF209KA12Z1,INF209KA13Z9,nav_119551_20260625.csv,103.446,0.0348000000000041,0.0336407400962861
119551,2014-01-03,103.506,Aditya Birla Sun Life Banking & PSU Debt Fund - DIRECT - IDCW,Aditya Birla Sun Life Mutual Fund,Open Ended Schemes,Debt Scheme - Banking and PSU Fund,INF209KA12Z1,INF209KA13Z9,nav_119551_20260625.csv,103.4808,0.0251999999999981,0.024352343623163
119551,2014-01-06,103.5815,Aditya Birla Sun Life Banking & PSU Debt Fund - DIRECT - IDCW,Aditya Birla Sun Life Mutual Fund,Open Ended Schemes,Debt Scheme - Banking and PSU Fund,INF209KA12Z1,INF209KA13Z9,nav_119551_20260625.csv,103.506,0.0755000000000052,0.0729426313450478
119551,2014-01-07,103.5881,Aditya Birla Sun Life Banking & PSU Debt Fund - DIRECT - IDCW,Aditya Birla Sun Life Mutual Fund,Open Ended Schemes,Debt Scheme - Banking and PSU Fund,INF209KA12Z1,INF209KA13Z9,nav_119551_20260625.csv,103.5815,0.0065999999999917,0.0063717941910396
119551,2014-01-08,103.5945,Aditya Birla Sun Life Banking & PSU Debt Fund - DIRECT - IDCW,Aditya Birla Sun Life Mutual Fund,Open Ended Schemes,Debt Scheme - Banking and PSU Fund,INF209KA12Z1,INF209KA13Z9,nav_119551_20260625.csv,103.5881,0.0063999999999992,0.0061783158490205
119551,2014-01-09,103.5989,Aditya Birla Sun Life Banking & PSU Debt Fund - DIRECT - IDCW,Aditya Birla Sun Life Mutual Fund,Open Ended Schemes,Debt Scheme - Banking and PSU Fund,INF209KA12Z1,INF209KA13Z9,nav_119551_20260625.csv,103.5945,0.0044000000000039,0.0042473297327599
119551,2014-01-10,103.6477,Aditya Birla Sun Life Banking & PSU Debt Fund - DIRECT - IDCW,Aditya Birla Sun Life Mutual Fund,Open Ended Schemes,Debt Scheme - Banking and PSU Fund,INF209KA12Z1,INF209KA13Z9,nav_119551_20260625.csv,103.5989,0.0487999999999999,0.0471047472511773
119551,2014-01-13,103.721,Aditya Birla Sun Life Banking & PSU Debt Fund - DIRECT - IDCW,Aditya Birla Sun Life Mutual Fund,Open Ended Schemes,Debt Scheme - Banking and PSU Fund,INF209KA12Z1,INF209KA13Z9,nav_119551_20260625.csv,103.6477,0.0733000000000032,0.0707203343634284
119551,2014-01-15,103.7752,Aditya Birla Sun Life Banking & PSU Debt Fund - DIRECT - IDCW,Aditya Birla Sun Life Mutual Fund,Open Ended Schemes,Debt Scheme - Banking and PSU Fund,INF209KA12Z1,INF209KA13Z9,nav_119551_20260625.csv,103.721,0.0541999999999944,0.0522555702316738
119551,2014-01-16,103.3942,Aditya Birla Sun Life Banking & PSU Debt Fund - DIRECT - IDCW,Aditya Birla Sun Life Mutual Fund,Open Ended Schemes,Debt Scheme - Banking and PSU Fund,INF209KA12Z1,INF209KA13Z9,nav_119551_20260625.csv,103.7752,-0.3810000000000002,-0.3671397405160387
119551,2014-01-17,103.4134,Aditya Birla Sun Life Banking & PSU Debt Fund - DIRECT - IDCW,Aditya Birla Sun Life Mutual Fund,Open Ended Schemes,Debt Scheme - Banking and PSU Fund,INF209KA12Z1,INF209KA13Z9,nav_119551_20260625.csv,103.3942,0.0191999999999978,0.0185697070048396
119551,2014-01-20,103.4895,Aditya Birla Sun Life Banking & PSU Debt Fund - DIRECT - IDCW,Aditya Birla Sun Life Mutual Fund,Open Ended Schemes,Debt Scheme - Banking and PSU Fund,INF209KA12Z1,INF209KA13Z9,nav_119551_20260625.csv,103.4134,0.0761000000000109,0.0735881423490678
119551,2014-01-21,103.5305,Aditya Birla Sun Life Banking & PSU Debt Fund - DIRECT - IDCW,Aditya Birla Sun Life Mutual Fund,Open Ended Schemes,Debt Scheme - Banking and PSU Fund,INF209KA12Z1,INF209KA13Z9,nav_119551_20260625.csv,103.4895,0.0409999999999968,0.0396175457413523
119551,2014-01-22,103.5532,Aditya Birla Sun Life Banking & PSU Debt Fund - DIRECT - IDCW,Aditya Birla Sun Life Mutual Fund,Open Ended Schemes,Debt Scheme - Banking and PSU Fund,INF209KA12Z1,INF209KA13Z9,nav_119551_20260625.csv,103.5305,0.0227000000000003,0.0219259058924668
119551,2014-01-23,103.5792,Aditya Birla Sun Life Banking & PSU Debt Fund - DIRECT - IDCW,Aditya Birla Sun Life Mutual Fund,Open Ended Schemes,Debt Scheme - Banking and PSU Fund,INF209KA12Z1,INF209KA13Z9,nav_119551_20260625.csv,103.5532,0.0259999999999962,0.0251078672604962
119551,2014-01-24,103.6008,Aditya Birla Sun Life Banking & PSU Debt Fund - DIRECT - IDCW,Aditya Birla Sun Life Mutual Fund,Open Ended Schemes,Debt Scheme - Banking and PSU Fund,INF209KA12Z1,INF209KA13Z9,nav_119551_20260625.csv,103.5792,0.0216000000000065,0.0208536076741339
119551,2014-01-27,103.6718,Aditya Birla Sun Life Banking & PSU Debt Fund - DIRECT - IDCW,Aditya Birla Sun Life Mutual Fund,Open Ended Schemes,Debt Scheme - Banking and PSU Fund,INF209KA12Z1,INF209KA13Z9,nav_119551_20260625.csv,103.6008,0.0709999999999979,0.0685322893259491
119551,2014-01-28,103.6757,Aditya Birla Sun Life Banking & PSU Debt Fund - DIRECT - IDCW,Aditya Birla Sun Life Mutual Fund,Open Ended Schemes,Debt Scheme - Banking and PSU Fund,INF209KA12Z1,INF209KA13Z9,nav_119551_20260625.csv,103.6718,0.0039000000000015,0.0037618715986426
119551,2014-01-29,103.4118,Aditya Birla Sun Life Banking & PSU Debt Fund - DIRECT - IDCW,Aditya Birla Sun Life Mutual Fund,Open Ended Schemes,Debt Scheme - Banking and PSU Fund,INF209KA12Z1,INF209KA13Z9,nav_119551_20260625.csv,103.6757,-0.2639000000000067,-0.254543735899547
119551,2014-01-30,103.4259,Aditya Birla Sun Life Banking & PSU Debt Fund - DIRECT - IDCW,Aditya Birla Sun Life Mutual Fund,Open Ended Schemes,Debt Scheme - Banking and PSU Fund,INF209KA12Z1,INF209KA13Z9,nav_119551_20260625.csv,103.4118,0.0140999999999991,0.0136348076331705
119551,2014-01-31,103.4429,Aditya Birla Sun Life Banking & PSU Debt Fund - DIRECT - IDCW,Aditya Birla Sun Life Mutual Fund,Open Ended Schemes,Debt Scheme - Banking and PSU Fund,INF209KA12Z1,INF209KA13Z9,nav_119551_20260625.csv,103.4259,0.0169999999999959,0.0164368886323405
119551,2014-02-03,103.5223,Aditya Birla Sun Life Banking & PSU Debt Fund - DIRECT - IDCW,Aditya Birla Sun Life Mutual Fund,Open Ended Schemes,Debt Scheme - Banking and PSU Fund,INF209KA12Z1,INF209KA13Z9,nav_119551_20260625.csv,103.4429,0.0794000000000068,0.0767573221555145
119551,2014-02-04,103.5533,Aditya Birla Sun Life Banking & PSU Debt Fund - DIRECT - IDCW,Aditya Birla Sun Life Mutual Fund,Open Ended Schemes,Debt Scheme - Banking and PSU Fund,INF209KA12Z1,INF209KA13Z9,nav_119551_20260625.csv,103.5223,0.0309999999999917,0.0299452388519108
119551,2014-02-05,103.5806,Aditya Birla Sun Life Banking & PSU Debt Fund - DIRECT - IDCW,Aditya Birla Sun Life Mutual Fund,Open Ended Schemes,Debt Scheme - Banking and PSU Fund,INF209KA12Z1,INF209KA13Z9,nav_119551_20260625.csv,103.5533,0.0273000000000109,0.0263632351648967
119551,2014-02-06,103.6157,Aditya Birla Sun Life Banking & PSU Debt Fund - DIRECT - IDCW,Aditya Birla Sun Life Mutual Fund,Open Ended Schemes,Debt Scheme - Banking and PSU Fund,INF209KA12Z1,INF209KA13Z9,nav_119551_20260625.csv,103.5806,0.0350999999999999,0.0338866544507368
119551,2014-02-07,103.6364,Aditya Birla Sun Life Banking & PSU Debt Fund - DIRECT - IDCW,Aditya Birla Sun Life Mutual Fund,Open Ended Schemes,Debt Scheme - Banking and PSU Fund,INF209KA12Z1,INF209KA13Z9,nav_119551_20260625.csv,103.6157,0.0206999999999908,0.019977667477024
119551,2014-02-10,103.7039,Aditya Birla Sun Life Banking & PSU Debt Fund - DIRECT - IDCW,Aditya Birla Sun Life Mutual Fund,Open Ended Schemes,Debt Scheme - Banking and PSU Fund,INF209KA12Z1,INF209KA13Z9,nav_119551_20260625.csv,103.6364,0.0675000000000096,0.0651315560942001
119551,2014-02-11,103.7273,Aditya Birla Sun Life Banking & PSU Debt Fund - DIRECT - IDCW,Aditya Birla Sun Life Mutual Fund,Open Ended Schemes,Debt Scheme - Banking and PSU Fund,INF209KA12Z1,INF209KA13Z9,nav_119551_20260625.csv,103.7039,0.0233999999999952,0.0225642430033925
119551,2014-02-12,103.7487,Aditya Birla Sun Life Banking & PSU Debt Fund - DIRECT - IDCW,Aditya Birla Sun Life Mutual Fund,Open Ended Schemes,Debt Scheme - Banking and PSU Fund,INF209KA12Z1,INF209KA13Z9,nav_119551_20260625.csv,103.7273,0.0213999999999998,0.0206310199918438
119551,2014-02-13,103.7594,Aditya Birla Sun Life Banking & PSU Debt Fund - DIRECT - IDCW,Aditya Birla Sun Life Mutual Fund,Open Ended Schemes,Debt Scheme - Banking and PSU Fund,INF209KA12Z1,INF209KA13Z9,nav_119551_20260625.csv,103.7487,0.0106999999999999,0.0103133822399701
119551,2014-02-14,103.785,Aditya Birla Sun Life Banking & PSU Debt Fund - DIRECT - IDCW,Aditya Birla Sun Life Mutual Fund,Open Ended Schemes,Debt Scheme - Banking and PSU Fund,INF209KA12Z1,INF209KA13Z9,nav_119551_20260625.csv,103.7594,0.0255999999999971,0.0246724634105412
119551,2014-02-17,103.4821,Aditya Birla Sun Life Banking & PSU Debt Fund - DIRECT - IDCW,Aditya Birla Sun Life Mutual Fund,Open Ended Schemes,Debt Scheme - Banking and PSU Fund,INF209KA12Z1,INF209KA13Z9,nav_119551_20260625.csv,103.785,-0.3028999999999939,-0.2918533506768743
119551,2014-02-18,103.5059,Aditya Birla Sun Life Banking & PSU Debt Fund - DIRECT - IDCW,Aditya Birla Sun Life Mutual Fund,Open Ended Schemes,Debt Scheme - Banking and PSU Fund,INF209KA12Z1,INF209KA13Z9,nav_119551_20260625.csv,103.4821,0.0237999999999942,0.0229991467123244
119551,2014-02-20,103.5667,Aditya Birla Sun Life Banking & PSU Debt Fund - DIRECT - IDCW,Aditya Birla Sun Life Mutual Fund,Open Ended Schemes,Debt Scheme - Banking and PSU Fund,INF209KA12Z1,INF209KA13Z9,nav_119551_20260625.csv,103.5059,0.0608000000000004,0.0587406128539536
119551,2014-02-21,103.5927,Aditya Birla Sun Life Banking & PSU Debt Fund - DIRECT - IDCW,Aditya Birla Sun Life Mutual Fund,Open Ended Schemes,Debt Scheme - Banking and PSU Fund,INF209KA12Z1,INF209KA13Z9,nav_119551_20260625.csv,103.5667,0.0259999999999962,0.0251045944304455
119551,2014-02-24,103.6626,Aditya Birla Sun Life Banking & PSU Debt Fund - DIRECT - IDCW,Aditya Birla Sun Life Mutual Fund,Open Ended Schemes,Debt Scheme - Banking and PSU Fund,INF209KA12Z1,INF209KA13Z9,nav_119551_20260625.csv,103.5927,0.069900000000004,0.0674757970397567
119551,2014-02-25,103.687,Aditya Birla Sun Life Banking & PSU Debt Fund - DIRECT - IDCW,Aditya Birla Sun Life Mutual Fund,Open Ended Schemes,Debt Scheme - Banking and PSU Fund,INF209KA12Z1,INF209KA13Z9,nav_119551_20260625.csv,103.6626,0.0243999999999999,0.0235379008436986
119551,2014-02-26,103.7081,Aditya Birla Sun Life Banking & PSU Debt Fund - DIRECT - IDCW,Aditya Birla Sun Life Mutual Fund,Open Ended Schemes,Debt Scheme - Banking and PSU Fund,INF209KA12Z1,INF209KA13Z9,nav_119551_20260625.csv,103.687,0.0211000000000041,0.0203497063277017
119551,2014-02-28,103.7646,Aditya Birla Sun Life Banking & PSU Debt Fund - DIRECT - IDCW,Aditya Birla Sun Life Mutual Fund,Open Ended Schemes,Debt Scheme - Banking and PSU Fund,INF209KA12Z1,INF209KA13Z9,nav_119551_20260625.csv,103.7081,0.0564999999999997,0.0544798333013523
119551,2014-03-03,103.4879,Aditya Birla Sun Life Banking & PSU Debt Fund - DIRECT - IDCW,Aditya Birla Sun Life Mutual Fund,Open Ended Schemes,Debt Scheme - Banking and PSU Fund,INF209KA12Z1,INF209KA13Z9,nav_119551_20260625.csv,103.7646,-0.2767000000000053,-0.2666612698357679
119551,2014-03-04,103.4922,Aditya Birla Sun Life Banking & PSU Debt Fund - DIRECT - IDCW,Aditya Birla Sun Life Mutual Fund,Open Ended Schemes,Debt Scheme - Banking and PSU Fund,INF209KA12Z1,INF209KA13Z9,nav_119551_20260625.csv,103.4879,0.0043000000000006,0.0041550751343883
119551,2014-03-05,103.5515,Aditya Birla Sun Life Banking & PSU Debt Fund - DIRECT - IDCW,Aditya Birla Sun Life Mutual Fund,Open Ended Schemes,Debt Scheme - Banking and PSU Fund,INF209KA12Z1,INF209KA13Z9,nav_119551_20260625.csv,103.4922,0.0593000000000074,0.0572990041761673
119551,2014-03-06,103.5859,Aditya Birla Sun Life Banking & PSU Debt Fund - DIRECT - IDCW,Aditya Birla Sun Life Mutual Fund,Open Ended Schemes,Debt Scheme - Banking and PSU Fund,INF209KA12Z1,INF209KA13Z9,nav_119551_20260625.csv,103.5515,0.0343999999999908,0.033220185125267
119551,2014-03-07,103.6353,Aditya Birla Sun Life Banking & PSU Debt Fund - DIRECT - IDCW,Aditya Birla Sun Life Mutual Fund,Open Ended Schemes,Debt Scheme - Banking and PSU Fund,INF209KA12Z1,INF209KA13Z9,nav_119551_20260625.csv,103.5859,0.0494000000000056,0.0476898882956132
119551,2014-03-10,103.746,Aditya Birla Sun Life Banking & PSU Debt Fund - DIRECT - IDCW,Aditya Birla Sun Life Mutual Fund,Open Ended Schemes,Debt Scheme - Banking and PSU Fund,INF209KA12Z1,INF209KA13Z9,nav_119551_20260625.csv,103.6353,0.1106999999999942,0.1068168857522429
119551,2014-03-11,103.8533,Aditya Birla Sun Life Banking & PSU Debt Fund - DIRECT - IDCW,Aditya Birla Sun Life Mutual Fund,Open Ended Schemes,Debt Scheme - Banking and PSU Fund,INF209KA12Z1,INF209KA13Z9,nav_119551_20260625.csv,103.746,0.1073000000000092,0.1034256742428713
119551,2014-03-12,103.8563,Aditya Birla Sun Life Banking & PSU Debt Fund - DIRECT - IDCW,Aditya Birla Sun Life Mutual Fund,Open Ended Schemes,Debt Scheme - Banking and PSU Fund,INF209KA12Z1,INF209KA13Z9,nav_119551_20260625.csv,103.8533,0.0030000000000001,0.0028886901042144
119551,2014-03-13,103.9202,Aditya Birla Sun Life Banking & PSU Debt Fund - DIRECT - IDCW,Aditya Birla Sun Life Mutual Fund,Open Ended Schemes,Debt Scheme - Banking and PSU Fund,INF209KA12Z1,INF209KA13Z9,nav_119551_20260625.csv,103.8563,0.0638999999999896,0.0615273218860961
119551,2014-03-14,103.9564,Aditya Birla Sun Life Banking & PSU Debt Fund - DIRECT - IDCW,Aditya Birla Sun Life Mutual Fund,Open Ended Schemes,Debt Scheme - Banking and PSU Fund,INF209KA12Z1,INF209KA13Z9,nav_119551_20260625.csv,103.9202,0.036200000000008,0.034834421026911
119551,2014-03-18,104.0619,Aditya Birla Sun Life Banking & PSU Debt Fund - DIRECT - IDCW,Aditya Birla Sun Life Mutual Fund,Open Ended Schemes,Debt Scheme - Banking and PSU Fund,INF209KA12Z1,INF209KA13Z9,nav_119551_20260625.csv,103.9564,0.1054999999999921,0.1014848532653998
119551,2014-03-19,104.0916,Aditya Birla Sun Life Banking & PSU Debt Fund - DIRECT - IDCW,Aditya Birla Sun Life Mutual Fund,Open Ended Schemes,Debt Scheme - Banking and PSU Fund,INF209KA12Z1,INF209KA13Z9,nav_119551_20260625.csv,104.0619,0.0297000000000053,0.0285407050995661
119551,2014-03-20,104.0972,Aditya Birla Sun Life Banking & PSU Debt Fund - DIRECT - IDCW,Aditya Birla Sun Life Mutual Fund,Open Ended Schemes,Debt Scheme - Banking and PSU Fund,INF209KA12Z1,INF209KA13Z9,nav_119551_20260625.csv,104.0916,0.0056000000000011,0.0053798769545296
119551,2014-03-21,104.2069,Aditya Birla Sun Life Banking & PSU Debt Fund - DIRECT - IDCW,Aditya Birla Sun Life Mutual Fund,Open Ended Schemes,Debt Scheme - Banking and PSU Fund,INF209KA12Z1,INF209KA13Z9,nav_119551_20260625.csv,104.0972,0.1097000000000036,0.1053822773331114
119551,2014-03-24,104.3035,Aditya Birla Sun Life Banking & PSU Debt Fund - DIRECT - IDCW,Aditya Birla Sun Life Mutual Fund,Open Ended Schemes,Debt Scheme - Banking and PSU Fund,INF209KA12Z1,INF209KA13Z9,nav_119551_20260625.csv,104.2069,0.0965999999999951,0.0927001954764944
119551,2014-03-25,104.4319,Aditya Birla Sun Life Banking & PSU Debt Fund - DIRECT - IDCW,Aditya Birla Sun Life Mutual Fund,Open Ended Schemes,Debt Scheme - Banking and PSU Fund,INF209KA12Z1,INF209KA13Z9,nav_119551_20260625.csv,104.3035,0.1283999999999991,0.1231022928281401
119551,2014-03-26,104.3934,Aditya Birla Sun Life Banking & PSU Debt Fund - DIRECT - IDCW,Aditya Birla Sun Life Mutual Fund,Open Ended Schemes,Debt Scheme - Banking and PSU Fund,INF209KA12Z1,INF209KA13Z9,nav_119551_20260625.csv,104.4319,-0.038499999999999,-0.0368661299851856
119551,2014-03-27,104.4245,Aditya Birla Sun Life Banking & PSU Debt Fund - DIRECT - IDCW,Aditya Birla Sun Life Mutual Fund,Open Ended Schemes,Debt Scheme - Banking and PSU Fund,INF209KA12Z1,INF209KA13Z9,nav_119551_20260625.csv,104.3934,0.031099999999995,0.0297911553795498
119551,2014-03-28,104.6408,Aditya Birla Sun Life Banking & PSU Debt Fund - DIRECT - IDCW,Aditya Birla Sun Life Mutual Fund,Open Ended Schemes,Debt Scheme - Banking and PSU Fund,INF209KA12Z1,INF209KA13Z9,nav_119551_20260625.csv,104.4245,0.2163000000000039,0.2071352987086401
119551,2014-03-31,104.7403,Aditya Birla Sun Life Banking & PSU Debt Fund - DIRECT - IDCW,Aditya Birla Sun Life Mutual Fund,Open Ended Schemes,Debt Scheme - Banking and PSU Fund,INF209KA12Z1,INF209KA13Z9,nav_119551_20260625.csv,104.6408,0.0995000000000061,0.0950871935229911
119551,2014-04-02,104.6459,Aditya Birla Sun Life Banking & PSU Debt Fund - DIRECT - IDCW,Aditya Birla Sun Life Mutual Fund,Open Ended Schemes,Debt Scheme - Banking and PSU Fund,INF209KA12Z1,INF209KA13Z9,nav_119551_20260625.csv,104.7403,-0.0944000000000073,-0.090127677694266
119551,2014-04-03,104.6613,Aditya Birla Sun Life Banking & PSU Debt Fund - DIRECT - IDCW,Aditya Birla Sun Life Mutual Fund,Open Ended Schemes,Debt Scheme - Banking and PSU Fund,INF209KA12Z1,INF209KA13Z9,nav_119551_20260625.csv,104.6459,0.0153999999999996,0.0147162956217105
119551,2014-04-04,104.6173,Aditya Birla Sun Life Banking & PSU Debt Fund - DIRECT - IDCW,Aditya Birla Sun Life Mutual Fund,Open Ended Schemes,Debt Scheme - Banking and PSU Fund,INF209KA12Z1,INF209KA13Z9,nav_119551_20260625.csv,104.6613,-0.0439999999999969,-0.0420403721337274
119551,2014-04-07,104.6708,Aditya Birla Sun Life Banking & PSU Debt Fund - DIRECT - IDCW,Aditya Birla Sun Life Mutual Fund,Open Ended Schemes,Debt Scheme - Banking and PSU Fund,INF209KA12Z1,INF209KA13Z9,nav_119551_20260625.csv,104.6173,0.0534999999999996,0.0511387695916446
119551,2014-04-09,104.6926,Aditya Birla Sun Life Banking & PSU Debt Fund - DIRECT - IDCW,Aditya Birla Sun Life Mutual Fund,Open Ended Schemes,Debt Scheme - Banking and PSU Fund,INF209KA12Z1,INF209KA13Z9,nav_119551_20260625.csv,104.6708,0.0217999999999989,0.0208272030021734
119551,2014-04-10,104.7079,Aditya Birla Sun Life Banking & PSU Debt Fund - DIRECT - IDCW,Aditya Birla Sun Life Mutual Fund,Open Ended Schemes,Debt Scheme - Banking and PSU Fund,INF209KA12Z1,INF209KA13Z9,nav_119551_20260625.csv,104.6926,0.0152999999999963,0.0146142134210023
119551,2014-04-11,104.7961,Aditya Birla Sun Life Banking & PSU Debt Fund - DIRECT - IDCW,Aditya Birla Sun Life Mutual Fund,Open Ended Schemes,Debt Scheme - Banking and PSU Fund,INF209KA12Z1,INF209KA13Z9,nav_119551_20260625.csv,104.7079,0.0882000000000005,0.0842343318889983
119551,2014-04-15,104.8973,Aditya Birla Sun Life Banking & PSU Debt Fund - DIRECT - IDCW,Aditya Birla Sun Life Mutual Fund,Open Ended Schemes,Debt Scheme - Banking and PSU Fund,INF209KA12Z1,INF209KA13Z9,nav_119551_20260625.csv,104.7961,0.1012000000000057,0.0965684791705089
119551,2014-04-16,104.979,Aditya Birla Sun Life Banking & PSU Debt Fund - DIRECT - IDCW,Aditya Birla Sun Life Mutual Fund,Open Ended Schemes,Debt Scheme - Banking and PSU Fund,INF209KA12Z1,INF209KA13Z9,nav_119551_20260625.csv,104.8973,0.0816999999999978,0.0778857034451772
119551,2014-04-17,104.9728,Aditya Birla Sun Life Banking & PSU Debt Fund - DIRECT - IDCW,Aditya Birla Sun Life Mutual Fund,Open Ended Schemes,Debt Scheme - Banking and PSU Fund,INF209KA12Z1,INF209KA13Z9,nav_119551_20260625.csv,104.979,-0.0061999999999926,-0.0059059430933735
119551,2014-04-21,105.1503,Aditya Birla Sun Life Banking & PSU Debt Fund - DIRECT - IDCW,Aditya Birla Sun Life Mutual Fund,Open Ended Schemes,Debt Scheme - Banking and PSU Fund,INF209KA12Z1,INF209KA13Z9,nav_119551_20260625.csv,104.9728,0.1774999999999948,0.169091421777827
119551,2014-04-22,105.3231,Aditya Birla Sun Life Banking & PSU Debt Fund - DIRECT - IDCW,Aditya Birla Sun Life Mutual Fund,Open Ended Schemes,Debt Scheme - Banking and PSU Fund,INF209KA12Z1,INF209KA13Z9,nav_119551_20260625.csv,105.1503,0.1727999999999951,0.1643361930493733
119551,2014-04-23,105.3895,Aditya Birla Sun Life Banking & PSU Debt Fund - DIRECT - IDCW,Aditya Birla Sun Life Mutual Fund,Open Ended Schemes,Debt Scheme - Banking and PSU Fund,INF209KA12Z1,INF209KA13Z9,nav_119551_20260625.csv,105.3231,0.0664000000000015,0.0630440995375198
119551,2014-04-25,105.4519,Aditya Birla Sun Life Banking & PSU Debt Fund - DIRECT - IDCW,Aditya Birla Sun Life Mutual Fund,Open Ended Schemes,Debt Scheme - Banking and PSU Fund,INF209KA12Z1,INF209KA13Z9,nav_119551_20260625.csv,105.3895,0.0623999999999966,0.0592089344763915
119551,2014-04-28,105.5157,Aditya Birla Sun Life Banking & PSU Debt Fund - DIRECT - IDCW,Aditya Birla Sun Life Mutual Fund,Open Ended Schemes,Debt Scheme - Banking and PSU Fund,INF209KA12Z1,INF209KA13Z9,nav_119551_20260625.csv,105.4519,0.0638000000000005,0.0605015177535924
119551,2014-04-29,105.6008,Aditya Birla Sun Life Banking & PSU Debt Fund - DIRECT - IDCW,Aditya Birla Sun Life Mutual Fund,Open Ended Schemes,Debt Scheme - Banking and PSU Fund,INF209KA12Z1,INF209KA13Z9,nav_119551_20260625.csv,105.5157,0.0851000000000112,0.0806515049419293
119551,2014-04-30,105.6958,Aditya Birla Sun Life Banking & PSU Debt Fund - DIRECT - IDCW,Aditya Birla Sun Life Mutual Fund,Open Ended Schemes,Debt Scheme - Banking and PSU Fund,INF209KA12Z1,INF209KA13Z9,nav_119551_20260625.csv,105.6008,0.0949999999999988,0.0899614396860619
119551,2014-05-02,105.7909,Aditya Birla Sun Life Banking & PSU Debt Fund - DIRECT - IDCW,Aditya Birla Sun Life Mutual Fund,Open Ended Schemes,Debt Scheme - Banking and PSU Fund,INF209KA12Z1,INF209KA13Z9,nav_119551_20260625.csv,105.6958,0.0950999999999879,0.0899751929594061
119551,2014-05-05,105.9859,Aditya Birla Sun Life Banking & PSU Debt Fund - DIRECT - IDCW,Aditya Birla Sun Life Mutual Fund,Open Ended Schemes,Debt Scheme - Banking and PSU Fund,INF209KA12Z1,INF209KA13Z9,nav_119551_20260625.csv,105.7909,0.1950000000000074,0.1843258730193309
119551,2014-05-06,106.009,Aditya Birla Sun Life Banking & PSU Debt Fund - DIRECT - IDCW,Aditya Birla Sun Life Mutual Fund,Open Ended Schemes,Debt Scheme - Banking and PSU Fund,INF209KA12Z1,INF209KA13Z9,nav_119551_20260625.csv,105.9859,0.0230999999999994,0.0217953520232403
119551,2014-05-07,106.0297,Aditya Birla Sun Life Banking & PSU Debt Fund - DIRECT - IDCW,Aditya Birla Sun Life Mutual Fund,Open Ended Schemes,Debt Scheme - Banking and PSU Fund,INF209KA12Z1,INF209KA13Z9,nav_119551_20260625.csv,106.009,0.020700000000005,0.0195266439641964
119551,2014-05-08,106.0486,Aditya Birla Sun Life Banking & PSU Debt Fund - DIRECT - IDCW,Aditya Birla Sun Life Mutual Fund,Open Ended Schemes,Debt Scheme - Banking and PSU Fund,INF209KA12Z1,INF209KA13Z9,nav_119551_20260625.csv,106.0297,0.0188999999999879,0.0178251942615964
119551,2014-05-09,106.1508,Aditya Birla Sun Life Banking & PSU Debt Fund - DIRECT - IDCW,Aditya Birla Sun Life Mutual Fund,Open Ended Schemes,Debt Scheme - Banking and PSU Fund,INF209KA12Z1,INF209KA13Z9,nav_119551_20260625.csv,106.0486,0.1022000000000105,0.0963709091869298
119551,2014-05-12,106.283,Aditya Birla Sun Life Banking & PSU Debt Fund - DIRECT - IDCW,Aditya Birla Sun Life Mutual Fund,Open Ended Schemes,Debt Scheme - Banking and PSU Fund,INF209KA12Z1,INF209KA13Z9,nav_119551_20260625.csv,106.1508,0.1321999999999974,0.1245398056349998
119551,2014-05-13,106.2773,Aditya Birla Sun Life Banking & PSU Debt Fund - DIRECT - IDCW,Aditya Birla Sun Life Mutual Fund,Open Ended Schemes,Debt Scheme - Banking and PSU Fund,INF209KA12Z1,INF209KA13Z9,nav_119551_20260625.csv,106.283,-0.0057000000000044,-0.0053630401851702
119551,2014-05-15,106.371,Aditya Birla Sun Life Banking & PSU Debt Fund - DIRECT - IDCW,Aditya Birla Sun Life Mutual Fund,Open Ended Schemes,Debt Scheme - Banking and PSU Fund,INF209KA12Z1,INF209KA13Z9,nav_119551_20260625.csv,106.2773,0.0936999999999983,0.0881655819257718
119551,2014-05-16,106.578,Aditya Birla Sun Life Banking & PSU Debt Fund - DIRECT - IDCW,Aditya Birla Sun Life Mutual Fund,Open Ended Schemes,Debt Scheme - Banking and PSU Fund,INF209KA12Z1,INF209KA13Z9,nav_119551_20260625.csv,106.371,0.2070000000000078,0.1946019121753183
119551,2014-05-19,106.5839,Aditya Birla Sun Life Banking & PSU Debt Fund - DIRECT - IDCW,Aditya Birla Sun Life Mutual Fund,Open Ended Schemes,Debt Scheme - Banking and PSU Fund,INF209KA12Z1,INF209KA13Z9,nav_119551_20260625.csv,106.578,0.0058999999999969,0.0055358516767033
119551,2014-05-20,106.5899,Aditya Birla Sun Life Banking & PSU Debt Fund - DIRECT - IDCW,Aditya Birla Sun Life Mutual Fund,Open Ended Schemes,Debt Scheme - Banking and PSU Fund,INF209KA12Z1,INF209KA13Z9,nav_119551_20260625.csv,106.5839,0.0060000000000002,0.005629368037762
119551,2014-05-21,106.6686,Aditya Birla Sun Life Banking & PSU Debt Fund - DIRECT - IDCW,Aditya Birla Sun Life Mutual Fund,Open Ended Schemes,Debt Scheme - Banking and PSU Fund,INF209KA12Z1,INF209KA13Z9,nav_119551_20260625.csv,106.5899,0.0786999999999977,0.0738343876858856
119551,2014-05-22,106.7537,Aditya Birla Sun Life Banking & PSU Debt Fund - DIRECT - IDCW,Aditya Birla Sun Life Mutual Fund,Open Ended Schemes,Debt Scheme - Banking and PSU Fund,INF209KA12Z1,INF209KA13Z9,nav_119551_20260625.csv,106.6686,0.085099999999997,0.0797798039910499
119551,2014-05-23,106.9316,Aditya Birla Sun Life Banking & PSU Debt Fund - DIRECT - IDCW,Aditya Birla Sun Life Mutual Fund,Open Ended Schemes,Debt Scheme - Banking and PSU Fund,INF209KA12Z1,INF209KA13Z9,nav_119551_20260625.csv,106.7537,0.1779000000000081,0.1666452778685967
119551,2014-05-26,106.9784,Aditya Birla Sun Life Banking & PSU Debt Fund - DIRECT - IDCW,Aditya Birla Sun Life Mutual Fund,Open Ended Schemes,Debt Scheme - Banking and PSU Fund,INF209KA12Z1,INF209KA13Z9,nav_119551_20260625.csv,106.9316,0.0467999999999904,0.0437662954636332
119551,2014-05-27,107.0365,Aditya Birla Sun Life Banking & PSU Debt Fund - DIRECT - IDCW,Aditya Birla Sun Life Mutual Fund,Open Ended Schemes,Debt Scheme - Banking and PSU Fund,INF209KA12Z1,INF209KA13Z9,nav_119551_20260625.csv,106.9784,0.0581000000000102,0.0543100289404312
119551,2014-05-28,107.0496,Aditya Birla Sun Life Banking & PSU Debt Fund - DIRECT - IDCW,Aditya Birla Sun Life Mutual Fund,Open Ended Schemes,Debt Scheme - Banking and PSU Fund,INF209KA12Z1,INF209KA13Z9,nav_119551_20260625.csv,107.0365,0.0130999999999943,0.012238815731077
119551,2014-05-29,107.1021,Aditya Birla Sun Life Banking & PSU Debt Fund - DIRECT - IDCW,Aditya Birla Sun Life Mutual Fund,Open Ended Schemes,Debt Scheme - Banking and PSU Fund,INF209KA12Z1,INF209KA13Z9,nav_119551_20260625.csv,107.0496,0.0524999999999948,0.0490426867545463
119551,2014-05-30,107.1905,Aditya Birla Sun Life Banking & PSU Debt Fund - DIRECT - IDCW,Aditya Birla Sun Life Mutual Fund,Open Ended Schemes,Debt Scheme - Banking and PSU Fund,INF209KA12Z1,INF209KA13Z9,nav_119551_20260625.csv,107.1021,0.0884000000000071,0.0825380641462745
119551,2014-06-02,107.236,Aditya Birla Sun Life Banking & PSU Debt Fund - DIRECT - IDCW,Aditya Birla Sun Life Mutual Fund,Open Ended Schemes,Debt Scheme - Banking and PSU Fund,INF209KA12Z1,INF209KA13Z9,nav_119551_20260625.csv,107.1905,0.045500000000004,0.0424477915486951
119551,2014-06-03,107.4231,Aditya Birla Sun Life Banking & PSU Debt Fund - DIRECT - IDCW,Aditya Birla Sun Life Mutual Fund,Open Ended Schemes,Debt Scheme - Banking and PSU Fund,INF209KA12Z1,INF209KA13Z9,nav_119551_20260625.csv,107.236,0.1871000000000009,0.1744749897422516
119551,2014-06-04,107.5222,Aditya Birla Sun Life Banking & PSU Debt Fund - DIRECT - IDCW,Aditya Birla Sun Life Mutual Fund,Open Ended Schemes,Debt Scheme - Banking and PSU Fund,INF209KA12Z1,INF209KA13Z9,nav_119551_20260625.csv,107.4231,0.0990999999999928,0.0922520389003788
119551,2014-06-05,107.6529,Aditya Birla Sun Life Banking & PSU Debt Fund - DIRECT - IDCW,Aditya Birla Sun Life Mutual Fund,Open Ended Schemes,Debt Scheme - Banking and PSU Fund,INF209KA12Z1,INF209KA13Z9,nav_119551_20260625.csv,107.5222,0.1307000000000044,0.1215562925609822
119551,2014-06-06,107.7408,Aditya Birla Sun Life Banking & PSU Debt Fund - DIRECT - IDCW,Aditya Birla Sun Life Mutual Fund,Open Ended Schemes,Debt Scheme - Banking and PSU Fund,INF209KA12Z1,INF209KA13Z9,nav_119551_20260625.csv,107.6529,0.0878999999999905,0.0816513071175886
119551,2014-06-09,107.8767,Aditya Birla Sun Life Banking & PSU Debt Fund - DIRECT - IDCW,Aditya Birla Sun Life Mutual Fund,Open Ended Schemes,Debt Scheme - Banking and PSU Fund,INF209KA12Z1,INF209KA13Z9,nav_119551_20260625.csv,107.7408,0.1359000000000065,0.1261360598770443
119551,2014-06-10,107.878,Aditya Birla Sun Life Banking & PSU Debt Fund - DIRECT - IDCW,Aditya Birla Sun Life Mutual Fund,Open Ended Schemes,Debt Scheme - Banking and PSU Fund,INF209KA12Z1,INF209KA13Z9,nav_119551_20260625.csv,107.8767,0.0013000000000005,0.0012050795028032
119551,2014-06-11,107.8761,Aditya Birla Sun Life Banking & PSU Debt Fund - DIRECT - IDCW,Aditya Birla Sun Life Mutual Fund,Open Ended Schemes,Debt Scheme - Banking and PSU Fund,INF209KA12Z1,INF209KA13Z9,nav_119551_20260625.csv,107.878,-0.0019000000000062,-0.0017612488181151
119551,2014-06-12,107.9228,Aditya Birla Sun Life Banking & PSU Debt Fund - DIRECT - IDCW,Aditya Birla Sun Life Mutual Fund,Open Ended Schemes,Debt Scheme - Banking and PSU Fund,INF209KA12Z1,INF209KA13Z9,nav_119551_20260625.csv,107.8761,0.0467000000000012,0.0432904044547414
119551,2014-06-13,107.976,Aditya Birla Sun Life Banking & PSU Debt Fund - DIRECT - IDCW,Aditya Birla Sun Life Mutual Fund,Open Ended Schemes,Debt Scheme - Banking and PSU Fund,INF209KA12Z1,INF209KA13Z9,nav_119551_20260625.csv,107.9228,0.0532000000000039,0.0492944956950745
119551,2014-06-16,107.9536,Aditya Birla Sun Life Banking & PSU Debt Fund - DIRECT - IDCW,Aditya Birla Sun Life Mutual Fund,Open Ended Schemes,Debt Scheme - Banking and PSU Fund,INF209KA12Z1,INF209KA13Z9,nav_119551_20260625.csv,107.976,-0.0224000000000046,-0.0207453508187047
119551,2014-06-17,107.9426,Aditya Birla Sun Life Banking & PSU Debt Fund - DIRECT - IDCW,Aditya Birla Sun Life Mutual Fund,Open Ended Schemes,Debt Scheme - Banking and PSU Fund,INF209KA12Z1,INF209KA13Z9,nav_119551_20260625.csv,107.9536,-0.0109999999999956,-0.010189562923326
119551,2014-06-18,107.9489,Aditya Birla Sun Life Banking & PSU Debt Fund - DIRECT - IDCW,Aditya Birla Sun Life Mutual Fund,Open Ended Schemes,Debt Scheme - Banking and PSU Fund,INF209KA12Z1,INF209KA13Z9,nav_119551_20260625.csv,107.9426,0.0062999999999959,0.0058364352906044
119551,2014-06-19,107.9016,Aditya Birla Sun Life Banking & PSU Debt Fund - DIRECT - IDCW,Aditya Birla Sun Life Mutual Fund,Open Ended Schemes,Debt Scheme - Banking and PSU Fund,INF209KA12Z1,INF209KA13Z9,nav_119551_20260625.csv,107.9489,-0.0472999999999927,-0.0438170282420597
119551,2014-06-20,107.8502,Aditya Birla Sun Life Banking & PSU Debt Fund - DIRECT - IDCW,Aditya Birla Sun Life Mutual Fund,Open Ended Schemes,Debt Scheme - Banking and PSU Fund,INF209KA12Z1,INF209KA13Z9,nav_119551_20260625.csv,107.9016,-0.051400000000001,-0.0476359942762674
119551,2014-06-23,107.8791,Aditya Birla Sun Life Banking & PSU Debt Fund - DIRECT - IDCW,Aditya Birla Sun Life Mutual Fund,Open Ended Schemes,Debt Scheme - Banking and PSU Fund,INF209KA12Z1,INF209KA13Z9,nav_119551_20260625.csv,107.8502,0.028899999999993,0.0267964268958175
119551,2014-06-24,107.9086,Aditya Birla Sun Life Banking & PSU Debt Fund - DIRECT - IDCW,Aditya Birla Sun Life Mutual Fund,Open Ended Schemes,Debt Scheme - Banking and PSU Fund,INF209KA12Z1,INF209KA13Z9,nav_119551_20260625.csv,107.8791,0.0295000000000129,0.0273454265006038
119551,2014-06-25,107.9552,Aditya Birla Sun Life Banking & PSU Debt Fund - DIRECT - IDCW,Aditya Birla Sun Life Mutual Fund,Open Ended Schemes,Debt Scheme - Banking and PSU Fund,INF209KA12Z1,INF209KA13Z9,nav_119551_20260625.csv,107.9086,0.0465999999999979,0.0431846951957471
119551,2014-06-26,108.0195,Aditya Birla Sun Life Banking & PSU Debt Fund - DIRECT - IDCW,Aditya Birla Sun Life Mutual Fund,Open Ended Schemes,Debt Scheme - Banking and PSU Fund,INF209KA12Z1,INF209KA13Z9,nav_119551_20260625.csv,107.9552,0.0642999999999887,0.0595617441308882
119551,2014-06-27,108.0211,Aditya Birla Sun Life Banking & PSU Debt Fund - DIRECT - IDCW,Aditya Birla Sun Life Mutual Fund,Open Ended Schemes,Debt Scheme - Banking and PSU Fund,INF209KA12Z1,INF209KA13Z9,nav_119551_20260625.csv,108.0195,0.0016000000000104,0.0014812140400672
119551,2014-06-30,108.1211,Aditya Birla Sun Life Banking & PSU Debt Fund - DIRECT - IDCW,Aditya Birla Sun Life Mutual Fund,Open Ended Schemes,Debt Scheme - Banking and PSU Fund,INF209KA12Z1,INF209KA13Z9,nav_119551_20260625.csv,108.0211,0.0999999999999943,0.0925745062770091
119551,2014-07-02,108.251,Aditya Birla Sun Life Banking & PSU Debt Fund - DIRECT - IDCW,Aditya Birla Sun Life Mutual Fund,Open Ended Schemes,Debt Scheme - Banking and PSU Fund,INF209KA12Z1,INF209KA13Z9,nav_119551_20260625.csv,108.1211,0.1299000000000063,0.1201430618075531
119551,2014-07-03,108.2774,Aditya Birla Sun Life Banking & PSU Debt Fund - DIRECT - IDCW,Aditya Birla Sun Life Mutual Fund,Open Ended Schemes,Debt Scheme - Banking and PSU Fund,INF209KA12Z1,INF209KA13Z9,nav_119551_20260625.csv,108.251,0.0263999999999953,0.0243877654709843
119551,2014-07-04,108.3324,Aditya Birla Sun Life Banking & PSU Debt Fund - DIRECT - IDCW,Aditya Birla Sun Life Mutual Fund,Open Ended Schemes,Debt Scheme - Banking and PSU Fund,INF209KA12Z1,INF209KA13Z9,nav_119551_20260625.csv,108.2774,0.0550000000000068,0.0507954568543452
119551,2014-07-07,108.3898,Aditya Birla Sun Life Banking & PSU Debt Fund - DIRECT - IDCW,Aditya Birla Sun Life Mutual Fund,Open Ended Schemes,Debt Scheme - Banking and PSU Fund,INF209KA12Z1,INF209KA13Z9,nav_119551_20260625.csv,108.3324,0.057399999999987,0.0529850718713764
119551,2014-07-08,108.3878,Aditya Birla Sun Life Banking & PSU Debt Fund - DIRECT - IDCW,Aditya Birla Sun Life Mutual Fund,Open Ended Schemes,Debt Scheme - Banking and PSU Fund,INF209KA12Z1,INF209KA13Z9,nav_119551_20260625.csv,108.3898,-0.0019999999999953,-0.0018451920752647
119551,2014-07-09,108.4151,Aditya Birla Sun Life Banking & PSU Debt Fund - DIRECT - IDCW,Aditya Birla Sun Life Mutual Fund,Open Ended Schemes,Debt Scheme - Banking and PSU Fund,INF209KA12Z1,INF209KA13Z9,nav_119551_20260625.csv,108.3878,0.0272999999999967,0.0251873365821584
119551,2014-07-10,108.4249,Aditya Birla Sun Life Banking & PSU Debt Fund - DIRECT - IDCW,Aditya Birla Sun Life Mutual Fund,Open Ended Schemes,Debt Scheme - Banking and PSU Fund,INF209KA12Z1,INF209KA13Z9,nav_119551_20260625.csv,108.4151,0.0097999999999984,0.0090393312370679
119551,2014-07-11,108.1137,Aditya Birla Sun Life Banking & PSU Debt Fund - DIRECT - IDCW,Aditya Birla Sun Life Mutual Fund,Open Ended Schemes,Debt Scheme - Banking and PSU Fund,INF209KA12Z1,INF209KA13Z9,nav_119551_20260625.csv,108.4249,-0.3111999999999995,-0.2870189412210659
119551,2014-07-14,107.9854,Aditya Birla Sun Life Banking & PSU Debt Fund - DIRECT - IDCW,Aditya Birla Sun Life Mutual Fund,Open Ended Schemes,Debt Scheme - Banking and PSU Fund,INF209KA12Z1,INF209KA13Z9,nav_119551_20260625.csv,108.1137,-0.1282999999999958,-0.118671361723811
119551,2014-07-15,108.0604,Aditya Birla Sun Life Banking & PSU Debt Fund - DIRECT - IDCW,Aditya Birla Sun Life Mutual Fund,Open Ended Schemes,Debt Scheme - Banking and PSU Fund,INF209KA12Z1,INF209KA13Z9,nav_119551_20260625.csv,107.9854,0.0750000000000028,0.0694538335738005
119551,2014-07-16,108.1362,Aditya Birla Sun Life Banking & PSU Debt Fund - DIRECT - IDCW,Aditya Birla Sun Life Mutual Fund,Open Ended Schemes,Debt Scheme - Banking and PSU Fund,INF209KA12Z1,INF209KA13Z9,nav_119551_20260625.csv,108.0604,0.0758000000000009,0.0701459554101233
119551,2014-07-17,108.2175,Aditya Birla Sun Life Banking & PSU Debt Fund - DIRECT - IDCW,Aditya Birla Sun Life Mutual Fund,Open Ended Schemes,Debt Scheme - Banking and PSU Fund,INF209KA12Z1,INF209KA13Z9,nav_119551_20260625.csv,108.1362,0.0812999999999988,0.0751829637068796
119551,2014-07-18,108.2555,Aditya Birla Sun Life Banking & PSU Debt Fund - DIRECT - IDCW,Aditya Birla Sun Life Mutual Fund,Open Ended Schemes,Debt Scheme - Banking and PSU Fund,INF209KA12Z1,INF209KA13Z9,nav_119551_20260625.csv,108.2175,0.0379999999999967,0.0351144685471358
119551,2014-07-21,108.3794,Aditya Birla Sun Life Banking & PSU Debt Fund - DIRECT - IDCW,Aditya Birla Sun Life Mutual Fund,Open Ended Schemes,Debt Scheme - Banking and PSU Fund,INF209KA12Z1,INF209KA13Z9,nav_119551_20260625.csv,108.2555,0.1239000000000061,0.1144514597410811
119551,2014-07-22,108.4712,Aditya Birla Sun Life Banking & PSU Debt Fund - DIRECT - IDCW,Aditya Birla Sun Life Mutual Fund,Open Ended Schemes,Debt Scheme - Banking and PSU Fund,INF209KA12Z1,INF209KA13Z9,nav_119551_20260625.csv,108.3794,0.0917999999999921,0.0847024434532689
119551,2014-07-23,108.5746,Aditya Birla Sun Life Banking & PSU Debt Fund - DIRECT - IDCW,Aditya Birla Sun Life Mutual Fund,Open Ended Schemes,Debt Scheme - Banking and PSU Fund,INF209KA12Z1,INF209KA13Z9,nav_119551_20260625.csv,108.4712,0.1034000000000077,0.0953248419857139
119551,2014-07-24,108.6962,Aditya Birla Sun Life Banking & PSU Debt Fund - DIRECT - IDCW,Aditya Birla Sun Life Mutual Fund,Open Ended Schemes,Debt Scheme - Banking and PSU Fund,INF209KA12Z1,INF209KA13Z9,nav_119551_20260625.csv,108.5746,0.1216000000000008,0.1119967285166151
119551,2014-07-25,108.7179,Aditya Birla Sun Life Banking & PSU Debt Fund - DIRECT - IDCW,Aditya Birla Sun Life Mutual Fund,Open Ended Schemes,Debt Scheme - Banking and PSU Fund,INF209KA12Z1,INF209KA13Z9,nav_119551_20260625.csv,108.6962,0.0216999999999956,0.019963899381943
119551,2014-07-28,108.7696,Aditya Birla Sun Life Banking & PSU Debt Fund - DIRECT - IDCW,Aditya Birla Sun Life Mutual Fund,Open Ended Schemes,Debt Scheme - Banking and PSU Fund,INF209KA12Z1,INF209KA13Z9,nav_119551_20260625.csv,108.7179,0.0516999999999967,0.0475542665927108
119551,2014-07-30,108.7581,Aditya Birla Sun Life Banking & PSU Debt Fund - DIRECT - IDCW,Aditya Birla Sun Life Mutual Fund,Open Ended Schemes,Debt Scheme - Banking and PSU Fund,INF209KA12Z1,INF209KA13Z9,nav_119551_20260625.csv,108.7696,-0.011499999999998,-0.0105728071078665
119551,2014-07-31,108.8084,Aditya Birla Sun Life Banking & PSU Debt Fund - DIRECT - IDCW,Aditya Birla Sun Life Mutual Fund,Open Ended Schemes,Debt Scheme - Banking and PSU Fund,INF209KA12Z1,INF209KA13Z9,nav_119551_20260625.csv,108.7581,0.0503000000000071,0.0462494287781849
119551,2014-08-01,108.7849,Aditya Birla Sun Life Banking & PSU Debt Fund - DIRECT - IDCW,Aditya Birla Sun Life Mutual Fund,Open Ended Schemes,Debt Scheme - Banking and PSU Fund,INF209KA12Z1,INF209KA13Z9,nav_119551_20260625.csv,108.8084,-0.0235000000000127,-0.0215975972443421
119551,2014-08-04,108.8673,Aditya Birla Sun Life Banking & PSU Debt Fund - DIRECT - IDCW,Aditya Birla Sun Life Mutual Fund,Open Ended Schemes,Debt Scheme - Banking and PSU Fund,INF209KA12Z1,INF209KA13Z9,nav_119551_20260625.csv,108.7849,0.0824000000000069,0.075745806633096
119551,2014-08-05,108.7745,Aditya Birla Sun Life Banking & PSU Debt Fund - DIRECT - IDCW,Aditya Birla Sun Life Mutual Fund,Open Ended Schemes,Debt Scheme - Banking and PSU Fund,INF209KA12Z1,INF209KA13Z9,nav_119551_20260625.csv,108.8673,-0.0927999999999968,-0.085241390206239
119551,2014-08-06,108.6927,Aditya Birla Sun Life Banking & PSU Debt Fund - DIRECT - IDCW,Aditya Birla Sun Life Mutual Fund,Open Ended Schemes,Debt Scheme - Banking and PSU Fund,INF209KA12Z1,INF209KA13Z9,nav_119551_20260625.csv,108.7745,-0.0818000000000012,-0.0752014488689915
119551,2014-08-07,108.7486,Aditya Birla Sun Life Banking & PSU Debt Fund - DIRECT - IDCW,Aditya Birla Sun Life Mutual Fund,Open Ended Schemes,Debt Scheme - Banking and PSU Fund,INF209KA12Z1,INF209KA13Z9,nav_119551_20260625.csv,108.6927,0.055899999999994,0.0514293968224122
119551,2014-08-08,108.7279,Aditya Birla Sun Life Banking & PSU Debt Fund - DIRECT - IDCW,Aditya Birla Sun Life Mutual Fund,Open Ended Schemes,Debt Scheme - Banking and PSU Fund,INF209KA12Z1,INF209KA13Z9,nav_119551_20260625.csv,108.7486,-0.0206999999999908,-0.0190347278033839
119551,2014-08-11,108.8297,Aditya Birla Sun Life Banking & PSU Debt Fund - DIRECT - IDCW,Aditya Birla Sun Life Mutual Fund,Open Ended Schemes,Debt Scheme - Banking and PSU Fund,INF209KA12Z1,INF209KA13Z9,nav_119551_20260625.csv,108.7279,0.1017999999999972,0.093628222378982
119551,2014-08-12,108.8541,Aditya Birla Sun Life Banking & PSU Debt Fund - DIRECT - IDCW,Aditya Birla Sun Life Mutual Fund,Open Ended Schemes,Debt Scheme - Banking and PSU Fund,INF209KA12Z1,INF209KA13Z9,nav_119551_20260625.csv,108.8297,0.0243999999999999,0.0224203503271625
119551,2014-08-13,108.9453,Aditya Birla Sun Life Banking & PSU Debt Fund - DIRECT - IDCW,Aditya Birla Sun Life Mutual Fund,Open Ended Schemes,Debt Scheme - Banking and PSU Fund,INF209KA12Z1,INF209KA13Z9,nav_119551_20260625.csv,108.8541,0.0912000000000006,0.0837818694932029
119551,2014-08-14,108.9888,Aditya Birla Sun Life Banking & PSU Debt Fund - DIRECT - IDCW,Aditya Birla Sun Life Mutual Fund,Open Ended Schemes,Debt Scheme - Banking and PSU Fund,INF209KA12Z1,INF209KA13Z9,nav_119551_20260625.csv,108.9453,0.0434999999999945,0.0399282942907996
119551,2014-08-19,109.1381,Aditya Birla Sun Life Banking & PSU Debt Fund - DIRECT - IDCW,Aditya Birla Sun Life Mutual Fund,Open Ended Schemes,Debt Scheme - Banking and PSU Fund,INF209KA12Z1,INF209KA13Z9,nav_119551_20260625.csv,108.9888,0.1492999999999966,0.1369865527467011
119551,2014-08-20,109.199,Aditya Birla Sun Life Banking & PSU Debt Fund - DIRECT - IDCW,Aditya Birla Sun Life Mutual Fund,Open Ended Schemes,Debt Scheme - Banking and PSU Fund,INF209KA12Z1,INF209KA13Z9,nav_119551_20260625.csv,109.1381,0.0609000000000037,0.0558008614773426
119551,2014-08-21,109.1791,Aditya Birla Sun Life Banking & PSU Debt Fund - DIRECT - IDCW,Aditya Birla Sun Life Mutual Fund,Open Ended Schemes,Debt Scheme - Banking and PSU Fund,INF209KA12Z1,INF209KA13Z9,nav_119551_20260625.csv,109.199,-0.0198999999999927,-0.0182236101063129
119551,2014-08-22,109.2192,Aditya Birla Sun Life Banking & PSU Debt Fund - DIRECT - IDCW,Aditya Birla Sun Life Mutual Fund,Open Ended Schemes,Debt Scheme - Banking and PSU Fund,INF209KA12Z1,INF209KA13Z9,nav_119551_20260625.csv,109.1791,0.0400999999999953,0.0367286412875681
119551,2014-08-25,109.2596,Aditya Birla Sun Life Banking & PSU Debt Fund - DIRECT - IDCW,Aditya Birla Sun Life Mutual Fund,Open Ended Schemes,Debt Scheme - Banking and PSU Fund,INF209KA12Z1,INF209KA13Z9,nav_119551_20260625.csv,109.2192,0.0404000000000053,0.0369898332893898
119551,2014-08-26,109.2961,Aditya Birla Sun Life Banking & PSU Debt Fund - DIRECT - IDCW,Aditya Birla Sun Life Mutual Fund,Open Ended Schemes,Debt Scheme - Banking and PSU Fund,INF209KA12Z1,INF209KA13Z9,nav_119551_20260625.csv,109.2596,0.0364999999999895,0.033406675477477
119551,2014-08-27,109.3655,Aditya Birla Sun Life Banking & PSU Debt Fund - DIRECT - IDCW,Aditya Birla Sun Life Mutual Fund,Open Ended Schemes,Debt Scheme - Banking and PSU Fund,INF209KA12Z1,INF209KA13Z9,nav_119551_20260625.csv,109.2961,0.0694000000000016,0.0634972336615869
119551,2014-08-28,109.3934,Aditya Birla Sun Life Banking & PSU Debt Fund - DIRECT - IDCW,Aditya Birla Sun Life Mutual Fund,Open Ended Schemes,Debt Scheme - Banking and PSU Fund,INF209KA12Z1,INF209KA13Z9,nav_119551_20260625.csv,109.3655,0.0279000000000024,0.0255107872226638
119551,2014-09-01,109.5116,Aditya Birla Sun Life Banking & PSU Debt Fund - DIRECT - IDCW,Aditya Birla Sun Life Mutual Fund,Open Ended Schemes,Debt Scheme - Banking and PSU Fund,INF209KA12Z1,INF209KA13Z9,nav_119551_20260625.csv,109.3934,0.1182000000000016,0.1080503942651034
119551,2014-09-02,109.5448,Aditya Birla Sun Life Banking & PSU Debt Fund - DIRECT - IDCW,Aditya Birla Sun Life Mutual Fund,Open Ended Schemes,Debt Scheme - Banking and PSU Fund,INF209KA12Z1,INF209KA13Z9,nav_119551_20260625.csv,109.5116,0.0331999999999936,0.0303164231003781
119551,2014-09-03,109.6166,Aditya Birla Sun Life Banking & PSU Debt Fund - DIRECT - IDCW,Aditya Birla Sun Life Mutual Fund,Open Ended Schemes,Debt Scheme - Banking and PSU Fund,INF209KA12Z1,INF209KA13Z9,nav_119551_20260625.csv,109.5448,0.0718000000000103,0.0655439600967004
119551,2014-09-04,109.6473,Aditya Birla Sun Life Banking & PSU Debt Fund - DIRECT - IDCW,Aditya Birla Sun Life Mutual Fund,Open Ended Schemes,Debt Scheme - Banking and PSU Fund,INF209KA12Z1,INF209KA13Z9,nav_119551_20260625.csv,109.6166,0.0306999999999959,0.0280067070133501
119551,2014-09-05,109.6985,Aditya Birla Sun Life Banking & PSU Debt Fund - DIRECT - IDCW,Aditya Birla Sun Life Mutual Fund,Open Ended Schemes,Debt Scheme - Banking and PSU Fund,INF209KA12Z1,INF209KA13Z9,nav_119551_20260625.csv,109.6473,0.0511999999999943,0.046695176260605
119551,2014-09-08,109.8163,Aditya Birla Sun Life Banking & PSU Debt Fund - DIRECT - IDCW,Aditya Birla Sun Life Mutual Fund,Open Ended Schemes,Debt Scheme - Banking and PSU Fund,INF209KA12Z1,INF209KA13Z9,nav_119551_20260625.csv,109.6985,0.1178000000000025,0.1073852422776998
119551,2014-09-09,109.721,Aditya Birla Sun Life Banking & PSU Debt Fund - DIRECT - IDCW,Aditya Birla Sun Life Mutual Fund,Open Ended Schemes,Debt Scheme - Banking and PSU Fund,INF209KA12Z1,INF209KA13Z9,nav_119551_20260625.csv,109.8163,-0.0952999999999946,-0.0867812883879666
119551,2014-09-10,109.8244,Aditya Birla Sun Life Banking & PSU Debt Fund - DIRECT - IDCW,Aditya Birla Sun Life Mutual Fund,Open Ended Schemes,Debt Scheme - Banking and PSU Fund,INF209KA12Z1,INF209KA13Z9,nav_119551_20260625.csv,109.721,0.1033999999999935,0.0942390244346966
119551,2014-09-11,109.8546,Aditya Birla Sun Life Banking & PSU Debt Fund - DIRECT - IDCW,Aditya Birla Sun Life Mutual Fund,Open Ended Schemes,Debt Scheme - Banking and PSU Fund,INF209KA12Z1,INF209KA13Z9,nav_119551_20260625.csv,109.8244,0.0302000000000077,0.0274984429689648
119551,2014-09-12,109.8922,Aditya Birla Sun Life Banking & PSU Debt Fund - DIRECT - IDCW,Aditya Birla Sun Life Mutual Fund,Open Ended Schemes,Debt Scheme - Banking and PSU Fund,INF209KA12Z1,INF209KA13Z9,nav_119551_20260625.csv,109.8546,0.0375999999999976,0.0342270601322089
119551,2014-09-15,109.9641,Aditya Birla Sun Life Banking & PSU Debt Fund - DIRECT - IDCW,Aditya Birla Sun Life Mutual Fund,Open Ended Schemes,Debt Scheme - Banking and PSU Fund,INF209KA12Z1,INF209KA13Z9,nav_119551_20260625.csv,109.8922,0.0718999999999994,0.0654277555640886
119551,2014-09-16,109.9902,Aditya Birla Sun Life Banking & PSU Debt Fund - DIRECT - IDCW,Aditya Birla Sun Life Mutual Fund,Open Ended Schemes,Debt Scheme - Banking and PSU Fund,INF209KA12Z1,INF209KA13Z9,nav_119551_20260625.csv,109.9641,0.0260999999999995,0.0237350189743739
119551,2014-09-17,110.0495,Aditya Birla Sun Life Banking & PSU Debt Fund - DIRECT - IDCW,Aditya Birla Sun Life Mutual Fund,Open Ended Schemes,Debt Scheme - Banking and PSU Fund,INF209KA12Z1,INF209KA13Z9,nav_119551_20260625.csv,109.9902,0.0592999999999932,0.0539138941469269
119551,2014-09-18,110.1537,Aditya Birla Sun Life Banking & PSU Debt Fund - DIRECT - IDCW,Aditya Birla Sun Life Mutual Fund,Open Ended Schemes,Debt Scheme - Banking and PSU Fund,INF209KA12Z1,INF209KA13Z9,nav_119551_20260625.csv,110.0495,0.1042000000000058,0.0946846646281953
119551,2014-09-19,110.2016,Aditya Birla Sun Life Banking & PSU Debt Fund - DIRECT - IDCW,Aditya Birla Sun Life Mutual Fund,Open Ended Schemes,Debt Scheme - Banking and PSU Fund,INF209KA12Z1,INF209KA13Z9,nav_119551_20260625.csv,110.1537,0.0478999999999985,0.0434846945676799
119551,2014-09-22,110.3306,Aditya Birla Sun Life Banking & PSU Debt Fund - DIRECT - IDCW,Aditya Birla Sun Life Mutual Fund,Open Ended Schemes,Debt Scheme - Banking and PSU Fund,INF209KA12Z1,INF209KA13Z9,nav_119551_20260625.csv,110.2016,0.1290000000000049,0.1170581915326137
119551,2014-09-23,110.361,Aditya Birla Sun Life Banking & PSU Debt Fund - DIRECT - IDCW,Aditya Birla Sun Life Mutual Fund,Open Ended Schemes,Debt Scheme - Banking and PSU Fund,INF209KA12Z1,INF209KA13Z9,nav_119551_20260625.csv,110.3306,0.0304000000000002,0.0275535526861996
119551,2014-09-24,110.4004,Aditya Birla Sun Life Banking & PSU Debt Fund - DIRECT - IDCW,Aditya Birla Sun Life Mutual Fund,Open Ended Schemes,Debt Scheme - Banking and PSU Fund,INF209KA12Z1,INF209KA13Z9,nav_119551_20260625.csv,110.361,0.0394000000000005,0.0357010175696129
119551,2014-09-25,110.4443,Aditya Birla Sun Life Banking & PSU Debt Fund - DIRECT - IDCW,Aditya Birla Sun Life Mutual Fund,Open Ended Schemes,Debt Scheme - Banking and PSU Fund,INF209KA12Z1,INF209KA13Z9,nav_119551_20260625.csv,110.4004,0.0438999999999936,0.0397643486798903
119551,2014-09-26,110.5813,Aditya Birla Sun Life Banking & PSU Debt Fund - DIRECT - IDCW,Aditya Birla Sun Life Mutual Fund,Open Ended Schemes,Debt Scheme - Banking and PSU Fund,INF209KA12Z1,INF209KA13Z9,nav_119551_20260625.csv,110.4443,0.1370000000000004,0.1240444278247048
119551,2014-09-29,110.6058,Aditya Birla Sun Life Banking & PSU Debt Fund - DIRECT - IDCW,Aditya Birla Sun Life Mutual Fund,Open Ended Schemes,Debt Scheme - Banking and PSU Fund,INF209KA12Z1,INF209KA13Z9,nav_119551_20260625.csv,110.5813,0.0245000000000032,0.0221556447609164
119551,2014-09-30,110.6084,Aditya Birla Sun Life Banking & PSU Debt Fund - DIRECT - IDCW,Aditya Birla Sun Life Mutual Fund,Open Ended Schemes,Debt Scheme - Banking and PSU Fund,INF209KA12Z1,INF209KA13Z9,nav_119551_20260625.csv,110.6058,0.002600000000001,0.0023506904701209
119551,2014-10-01,110.6379,Aditya Birla Sun Life Banking & PSU Debt Fund - DIRECT - IDCW,Aditya Birla Sun Life Mutual Fund,Open Ended Schemes,Debt Scheme - Banking and PSU Fund,INF209KA12Z1,INF209KA13Z9,nav_119551_20260625.csv,110.6084,0.0294999999999987,0.026670668773799
119551,2014-10-07,110.878,Aditya Birla Sun Life Banking & PSU Debt Fund - DIRECT - IDCW,Aditya Birla Sun Life Mutual Fund,Open Ended Schemes,Debt Scheme - Banking and PSU Fund,INF209KA12Z1,INF209KA13Z9,nav_119551_20260625.csv,110.6379,0.2400999999999982,0.2170142419550607
119551,2014-10-08,110.9817,Aditya Birla Sun Life Banking & PSU Debt Fund - DIRECT - IDCW,Aditya Birla Sun Life Mutual Fund,Open Ended Schemes,Debt Scheme - Banking and PSU Fund,INF209KA12Z1,INF209KA13Z9,nav_119551_20260625.csv,110.878,0.1037000000000034,0.0935262180053783
119551,2014-10-09,110.9422,Aditya Birla Sun Life Banking & PSU Debt Fund - DIRECT - IDCW,Aditya Birla Sun Life Mutual Fund,Open Ended Schemes,Debt Scheme - Banking and PSU Fund,INF209KA12Z1,INF209KA13Z9,nav_119551_20260625.csv,110.9817,-0.0395000000000038,-0.0355914533657385
119551,2014-10-10,111.0732,Aditya Birla Sun Life Banking & PSU Debt Fund - DIRECT - IDCW,Aditya Birla Sun Life Mutual Fund,Open Ended Schemes,Debt Scheme - Banking and PSU Fund,INF209KA12Z1,INF209KA13Z9,nav_119551_20260625.csv,110.9422,0.1310000000000002,0.1180795044626843
119551,2014-10-13,111.165,Aditya Birla Sun Life Banking & PSU Debt Fund - DIRECT - IDCW,Aditya Birla Sun Life Mutual Fund,Open Ended Schemes,Debt Scheme - Banking and PSU Fund,INF209KA12Z1,INF209KA13Z9,nav_119551_20260625.csv,111.0732,0.0918000000000063,0.0826481995656975
119551,2014-10-14,111.3032,Aditya Birla Sun Life Banking & PSU Debt Fund - DIRECT - IDCW,Aditya Birla Sun Life Mutual Fund,Open Ended Schemes,Debt Scheme - Banking and PSU Fund,INF209KA12Z1,INF209KA13Z9,nav_119551_20260625.csv,111.165,0.1381999999999976,0.1243197049431004
119551,2014-10-16,111.4989,Aditya Birla Sun Life Banking & PSU Debt Fund - DIRECT - IDCW,Aditya Birla Sun Life Mutual Fund,Open Ended Schemes,Debt Scheme - Banking and PSU Fund,INF209KA12Z1,INF209KA13Z9,nav_119551_20260625.csv,111.3032,0.1957000000000022,0.1758260319559565
119551,2014-10-17,111.5184,Aditya Birla Sun Life Banking & PSU Debt Fund - DIRECT - IDCW,Aditya Birla Sun Life Mutual Fund,Open Ended Schemes,Debt Scheme - Banking and PSU Fund,INF209KA12Z1,INF209KA13Z9,nav_119551_20260625.csv,111.4989,0.0194999999999936,0.017488961774505
119551,2014-10-20,111.6753,Aditya Birla Sun Life Banking & PSU Debt Fund - DIRECT - IDCW,Aditya Birla Sun Life Mutual Fund,Open Ended Schemes,Debt Scheme - Banking and PSU Fund,INF209KA12Z1,INF209KA13Z9,nav_119551_20260625.csv,111.5184,0.1568999999999931,0.1406942710799232
119551,2014-10-21,111.7859,Aditya Birla Sun Life Banking & PSU Debt Fund - DIRECT - IDCW,Aditya Birla Sun Life Mutual Fund,Open Ended Schemes,Debt Scheme - Banking and PSU Fund,INF209KA12Z1,INF209KA13Z9,nav_119551_20260625.csv,111.6753,0.1106000000000051,0.0990371192197425
119551,2014-10-22,111.8628,Aditya Birla Sun Life Banking & PSU Debt Fund - DIRECT - IDCW,Aditya Birla Sun Life Mutual Fund,Open Ended Schemes,Debt Scheme - Banking and PSU Fund,INF209KA12Z1,INF209KA13Z9,nav_119551_20260625.csv,111.7859,0.0768999999999948,0.0687922179809751
119551,2014-10-27,112.0815,Aditya Birla Sun Life Banking & PSU Debt Fund - DIRECT - IDCW,Aditya Birla Sun Life Mutual Fund,Open Ended Schemes,Debt Scheme - Banking and PSU Fund,INF209KA12Z1,INF209KA13Z9,nav_119551_20260625.csv,111.8628,0.2187000000000125,0.1955073536510909
119551,2014-10-28,112.18,Aditya Birla Sun Life Banking & PSU Debt Fund - DIRECT - IDCW,Aditya Birla Sun Life Mutual Fund,Open Ended Schemes,Debt Scheme - Banking and PSU Fund,INF209KA12Z1,INF209KA13Z9,nav_119551_20260625.csv,112.0815,0.0985000000000013,0.0878824783751121
119551,2014-10-29,112.2563,Aditya Birla Sun Life Banking & PSU Debt Fund - DIRECT - IDCW,Aditya Birla Sun Life Mutual Fund,Open Ended Schemes,Debt Scheme - Banking and PSU Fund,INF209KA12Z1,INF209KA13Z9,nav_119551_20260625.csv,112.18,0.0762999999999891,0.068015689071126
119551,2014-10-30,112.3874,Aditya Birla Sun Life Banking & PSU Debt Fund - DIRECT - IDCW,Aditya Birla Sun Life Mutual Fund,Open Ended Schemes,Debt Scheme - Banking and PSU Fund,INF209KA12Z1,INF209KA13Z9,nav_119551_20260625.csv,112.2563,0.1311000000000035,0.1167863184516179
119551,2014-10-31,112.549,Aditya Birla Sun Life Banking & PSU Debt Fund - DIRECT - IDCW,Aditya Birla Sun Life Mutual Fund,Open Ended Schemes,Debt Scheme - Banking and PSU Fund,INF209KA12Z1,INF209KA13Z9,nav_119551_20260625.csv,112.3874,0.161600000000007,0.1437883606169437
119551,2014-11-03,112.7413,Aditya Birla Sun Life Banking & PSU Debt Fund - DIRECT - IDCW,Aditya Birla Sun Life Mutual Fund,Open Ended Schemes,Debt Scheme - Banking and PSU Fund,INF209KA12Z1,INF209KA13Z9,nav_119551_20260625.csv,112.549,0.1922999999999888,0.1708589147837731
119551,2014-11-05,113.0,Aditya Birla Sun Life Banking & PSU Debt Fund - DIRECT - IDCW,Aditya Birla Sun Life Mutual Fund,Open Ended Schemes,Debt Scheme - Banking and PSU Fund,INF209KA12Z1,INF209KA13Z9,nav_119551_20260625.csv,112.7413,0.2587000000000046,0.2294633820968931
119551,2014-11-07,113.0631,Aditya Birla Sun Life Banking & PSU Debt Fund - DIRECT - IDCW,Aditya Birla Sun Life Mutual Fund,Open Ended Schemes,Debt Scheme - Banking and PSU Fund,INF209KA12Z1,INF209KA13Z9,nav_119551_20260625.csv,113.0,0.0631000000000057,0.0558407079646068
119551,2014-11-10,113.2158,Aditya Birla Sun Life Banking & PSU Debt Fund - DIRECT - IDCW,Aditya Birla Sun Life Mutual Fund,Open Ended Schemes,Debt Scheme - Banking and PSU Fund,INF209KA12Z1,INF209KA13Z9,nav_119551_20260625.csv,113.0631,0.1526999999999958,0.1350573263956108
119551,2014-11-11,113.233,Aditya Birla Sun Life Banking & PSU Debt Fund - DIRECT - IDCW,Aditya Birla Sun Life Mutual Fund,Open Ended Schemes,Debt Scheme - Banking and PSU Fund,INF209KA12Z1,INF209KA13Z9,nav_119551_20260625.csv,113.2158,0.0172000000000025,0.0151922258200732
119551,2014-11-12,113.2863,Aditya Birla Sun Life Banking & PSU Debt Fund - DIRECT - IDCW,Aditya Birla Sun Life Mutual Fund,Open Ended Schemes,Debt Scheme - Banking and PSU Fund,INF209KA12Z1,INF209KA13Z9,nav_119551_20260625.csv,113.233,0.053299999999993,0.0470710835180495
119551,2014-11-13,113.1662,Aditya Birla Sun Life Banking & PSU Debt Fund - DIRECT - IDCW,Aditya Birla Sun Life Mutual Fund,Open Ended Schemes,Debt Scheme - Banking and PSU Fund,INF209KA12Z1,INF209KA13Z9,nav_119551_20260625.csv,113.2863,-0.1200999999999936,-0.1060145842877679
119551,2014-11-14,113.1821,Aditya Birla Sun Life Banking & PSU Debt Fund - DIRECT - IDCW,Aditya Birla Sun Life Mutual Fund,Open Ended Schemes,Debt Scheme - Banking and PSU Fund,INF209KA12Z1,INF209KA13Z9,nav_119551_20260625.csv,113.1662,0.015900000000002,0.0140501315763912
119551,2014-11-17,113.3374,Aditya Birla Sun Life Banking & PSU Debt Fund - DIRECT - IDCW,Aditya Birla Sun Life Mutual Fund,Open Ended Schemes,Debt Scheme - Banking and PSU Fund,INF209KA12Z1,INF209KA13Z9,nav_119551_20260625.csv,113.1821,0.1552999999999968,0.137212509751981
119551,2014-11-18,113.4102,Aditya Birla Sun Life Banking & PSU Debt Fund - DIRECT - IDCW,Aditya Birla Sun Life Mutual Fund,Open Ended Schemes,Debt Scheme - Banking and PSU Fund,INF209KA12Z1,INF209KA13Z9,nav_119551_20260625.csv,113.3374,0.0728000000000008,0.0642329892868557
119551,2014-11-19,113.4418,Aditya Birla Sun Life Banking & PSU Debt Fund - DIRECT - IDCW,Aditya Birla Sun Life Mutual Fund,Open Ended Schemes,Debt Scheme - Banking and PSU Fund,INF209KA12Z1,INF209KA13Z9,nav_119551_20260625.csv,113.4102,0.0315999999999974,0.0278634549626024
119551,2014-11-20,113.4823,Aditya Birla Sun Life Banking & PSU Debt Fund - DIRECT - IDCW,Aditya Birla Sun Life Mutual Fund,Open Ended Schemes,Debt Scheme - Banking and PSU Fund,INF209KA12Z1,INF209KA13Z9,nav_119551_20260625.csv,113.4418,0.0404999999999944,0.0357011260399556
119551,2014-11-21,113.5065,Aditya Birla Sun Life Banking & PSU Debt Fund - DIRECT - IDCW,Aditya Birla Sun Life Mutual Fund,Open Ended Schemes,Debt Scheme - Banking and PSU Fund,INF209KA12Z1,INF209KA13Z9,nav_119551_20260625.csv,113.4823,0.0242000000000075,0.0213249114619703
119551,2014-11-24,113.5794,Aditya Birla Sun Life Banking & PSU Debt Fund - DIRECT - IDCW,Aditya Birla Sun Life Mutual Fund,Open Ended Schemes,Debt Scheme - Banking and PSU Fund,INF209KA12Z1,INF209KA13Z9,nav_119551_20260625.csv,113.5065,0.0729000000000041,0.0642253967834478
119551,2014-11-25,113.6379,Aditya Birla Sun Life Banking & PSU Debt Fund - DIRECT - IDCW,Aditya Birla Sun Life Mutual Fund,Open Ended Schemes,Debt Scheme - Banking and PSU Fund,INF209KA12Z1,INF209KA13Z9,nav_119551_20260625.csv,113.5794,0.0584999999999951,0.0515058188368622
119551,2014-11-26,113.6632,Aditya Birla Sun Life Banking & PSU Debt Fund - DIRECT - IDCW,Aditya Birla Sun Life Mutual Fund,Open Ended Schemes,Debt Scheme - Banking and PSU Fund,INF209KA12Z1,INF209KA13Z9,nav_119551_20260625.csv,113.6379,0.0253000000000014,0.0222636989947908
119551,2014-11-27,113.6867,Aditya Birla Sun Life Banking & PSU Debt Fund - DIRECT - IDCW,Aditya Birla Sun Life Mutual Fund,Open Ended Schemes,Debt Scheme - Banking and PSU Fund,INF209KA12Z1,INF209KA13Z9,nav_119551_20260625.csv,113.6632,0.0234999999999985,0.0206751173642819
119551,2014-11-28,113.8838,Aditya Birla Sun Life Banking & PSU Debt Fund - DIRECT - IDCW,Aditya Birla Sun Life Mutual Fund,Open Ended Schemes,Debt Scheme - Banking and PSU Fund,INF209KA12Z1,INF209KA13Z9,nav_119551_20260625.csv,113.6867,0.1970999999999918,0.1733712034916941
119551,2014-12-01,114.0367,Aditya Birla Sun Life Banking & PSU Debt Fund - DIRECT - IDCW,Aditya Birla Sun Life Mutual Fund,Open Ended Schemes,Debt Scheme - Banking and PSU Fund,INF209KA12Z1,INF209KA13Z9,nav_119551_20260625.csv,113.8838,0.1529000000000024,0.1342596576510465
119551,2014-12-02,114.3339,Aditya Birla Sun Life Banking & PSU Debt Fund - DIRECT - IDCW,Aditya Birla Sun Life Mutual Fund,Open Ended Schemes,Debt Scheme - Banking and PSU Fund,INF209KA12Z1,INF209KA13Z9,nav_119551_20260625.csv,114.0367,0.2972000000000037,0.2606178537260405
119551,2014-12-03,114.3739,Aditya Birla Sun Life Banking & PSU Debt Fund - DIRECT - IDCW,Aditya Birla Sun Life Mutual Fund,Open Ended Schemes,Debt Scheme - Banking and PSU Fund,INF209KA12Z1,INF209KA13Z9,nav_119551_20260625.csv,114.3339,0.0400000000000062,0.0349852493442507
119551,2014-12-04,114.375,Aditya Birla Sun Life Banking & PSU Debt Fund - DIRECT - IDCW,Aditya Birla Sun Life Mutual Fund,Open Ended Schemes,Debt Scheme - Banking and PSU Fund,INF209KA12Z1,INF209KA13Z9,nav_119551_20260625.csv,114.3739,0.0010999999999938,0.0009617578835677
119551,2014-12-05,114.4292,Aditya Birla Sun Life Banking & PSU Debt Fund - DIRECT - IDCW,Aditya Birla Sun Life Mutual Fund,Open Ended Schemes,Debt Scheme - Banking and PSU Fund,INF209KA12Z1,INF209KA13Z9,nav_119551_20260625.csv,114.375,0.0541999999999944,0.0473879781420716
119551,2014-12-08,114.5229,Aditya Birla Sun Life Banking & PSU Debt Fund - DIRECT - IDCW,Aditya Birla Sun Life Mutual Fund,Open Ended Schemes,Debt Scheme - Banking and PSU Fund,INF209KA12Z1,INF209KA13Z9,nav_119551_20260625.csv,114.4292,0.0937000000000125,0.0818846937669865
119551,2014-12-09,114.6075,Aditya Birla Sun Life Banking & PSU Debt Fund - DIRECT - IDCW,Aditya Birla Sun Life Mutual Fund,Open Ended Schemes,Debt Scheme - Banking and PSU Fund,INF209KA12Z1,INF209KA13Z9,nav_119551_20260625.csv,114.5229,0.0845999999999946,0.0738716885443825
119551,2014-12-10,114.5532,Aditya Birla Sun Life Banking & PSU Debt Fund - DIRECT - IDCW,Aditya Birla Sun Life Mutual Fund,Open Ended Schemes,Debt Scheme - Banking and PSU Fund,INF209KA12Z1,INF209KA13Z9,nav_119551_20260625.csv,114.6075,-0.0542999999999977,-0.0473790982265539
119551,2014-12-11,114.6519,Aditya Birla Sun Life Banking & PSU Debt Fund - DIRECT - IDCW,Aditya Birla Sun Life Mutual Fund,Open Ended Schemes,Debt Scheme - Banking and PSU Fund,INF209KA12Z1,INF209KA13Z9,nav_119551_20260625.csv,114.5532,0.0986999999999937,0.086160840552681
119551,2014-12-12,114.7909,Aditya Birla Sun Life Banking & PSU Debt Fund - DIRECT - IDCW,Aditya Birla Sun Life Mutual Fund,Open Ended Schemes,Debt Scheme - Banking and PSU Fund,INF209KA12Z1,INF209KA13Z9,nav_119551_20260625.csv,114.6519,0.1389999999999958,0.1212365429617789
119551,2014-12-15,114.8848,Aditya Birla Sun Life Banking & PSU Debt Fund - DIRECT - IDCW,Aditya Birla Sun Life Mutual Fund,Open Ended Schemes,Debt Scheme - Banking and PSU Fund,INF209KA12Z1,INF209KA13Z9,nav_119551_20260625.csv,114.7909,0.0939000000000049,0.0818009093055329
119551,2014-12-16,114.3427,Aditya Birla Sun Life Banking & PSU Debt Fund - DIRECT - IDCW,Aditya Birla Sun Life Mutual Fund,Open Ended Schemes,Debt Scheme - Banking and PSU Fund,INF209KA12Z1,INF209KA13Z9,nav_119551_20260625.csv,114.8848,-0.5421000000000049,-0.4718639889698245
119551,2014-12-17,114.3381,Aditya Birla Sun Life Banking & PSU Debt Fund - DIRECT - IDCW,Aditya Birla Sun Life Mutual Fund,Open Ended Schemes,Debt Scheme - Banking and PSU Fund,INF209KA12Z1,INF209KA13Z9,nav_119551_20260625.csv,114.3427,-0.0045999999999963,-0.0040229940345963
119551,2014-12-18,114.4956,Aditya Birla Sun Life Banking & PSU Debt Fund - DIRECT - IDCW,Aditya Birla Sun Life Mutual Fund,Open Ended Schemes,Debt Scheme - Banking and PSU Fund,INF209KA12Z1,INF209KA13Z9,nav_119551_20260625.csv,114.3381,0.1574999999999988,0.1377493591375043
119551,2014-12-19,114.4116,Aditya Birla Sun Life Banking & PSU Debt Fund - DIRECT - IDCW,Aditya Birla Sun Life Mutual Fund,Open Ended Schemes,Debt Scheme - Banking and PSU Fund,INF209KA12Z1,INF209KA13Z9,nav_119551_20260625.csv,114.4956,-0.0839999999999889,-0.0733652646913846
119551,2014-12-22,114.5061,Aditya Birla Sun Life Banking & PSU Debt Fund - DIRECT - IDCW,Aditya Birla Sun Life Mutual Fund,Open Ended Schemes,Debt Scheme - Banking and PSU Fund,INF209KA12Z1,INF209KA13Z9,nav_119551_20260625.csv,114.4116,0.0944999999999964,0.0825965199332904
119551,2014-12-23,114.6022,Aditya Birla Sun Life Banking & PSU Debt Fund - DIRECT - IDCW,Aditya Birla Sun Life Mutual Fund,Open Ended Schemes,Debt Scheme - Banking and PSU Fund,INF209KA12Z1,INF209KA13Z9,nav_119551_20260625.csv,114.5061,0.0960999999999927,0.0839256598556694
119551,2014-12-24,114.5759,Aditya Birla Sun Life Banking & PSU Debt Fund - DIRECT - IDCW,Aditya Birla Sun Life Mutual Fund,Open Ended Schemes,Debt Scheme - Banking and PSU Fund,INF209KA12Z1,INF209KA13Z9,nav_119551_20260625.csv,114.6022,-0.0262999999999919,-0.0229489486240159
119551,2014-12-26,114.5973,Aditya Birla Sun Life Banking & PSU Debt Fund - DIRECT - IDCW,Aditya Birla Sun Life Mutual Fund,Open Ended Schemes,Debt Scheme - Banking and PSU Fund,INF209KA12Z1,INF209KA13Z9,nav_119551_20260625.csv,114.5759,0.0213999999999998,0.0186775753016121
119551,2014-12-29,114.7535,Aditya Birla Sun Life Banking & PSU Debt Fund - DIRECT - IDCW,Aditya Birla Sun Life Mutual Fund,Open Ended Schemes,Debt Scheme - Banking and PSU Fund,INF209KA12Z1,INF209KA13Z9,nav_119551_20260625.csv,114.5973,0.1561999999999983,0.1363033858563843
119551,2014-12-30,114.9108,Aditya Birla Sun Life Banking & PSU Debt Fund - DIRECT - IDCW,Aditya Birla Sun Life Mutual Fund,Open Ended Schemes,Debt Scheme - Banking and PSU Fund,INF209KA12Z1,INF209KA13Z9,nav_119551_20260625.csv,114.7535,0.1572999999999922,0.1370764290413732
119551,2014-12-31,115.0256,Aditya Birla Sun Life Banking & PSU Debt Fund - DIRECT - IDCW,Aditya Birla Sun Life Mutual Fund,Open Ended Schemes,Debt Scheme - Banking and PSU Fund,INF209KA12Z1,INF209KA13Z9,nav_119551_20260625.csv,114.9108,0.1148000000000024,0.099903577383503
119551,2015-01-01,115.0622,Aditya Birla Sun Life Banking & PSU Debt Fund - DIRECT - IDCW,Aditya Birla Sun Life Mutual Fund,Open Ended Schemes,Debt Scheme - Banking and PSU Fund,INF209KA12Z1,INF209KA13Z9,nav_119551_20260625.csv,115.0256,0.036600000000007,0.0318190037696017
119551,2015-01-02,115.0298,Aditya Birla Sun Life Banking & PSU Debt Fund - DIRECT - IDCW,Aditya Birla Sun Life Mutual Fund,Open Ended Schemes,Debt Scheme - Banking and PSU Fund,INF209KA12Z1,INF209KA13Z9,nav_119551_20260625.csv,115.0622,-0.0324000000000097,-0.0281586828689263
119551,2015-01-05,115.0697,Aditya Birla Sun Life Banking & PSU Debt Fund - DIRECT - IDCW,Aditya Birla Sun Life Mutual Fund,Open Ended Schemes,Debt Scheme - Banking and PSU Fund,INF209KA12Z1,INF209KA13Z9,nav_119551_20260625.csv,115.0298,0.0399000000000029,0.034686663803643
119551,2015-01-06,115.0098,Aditya Birla Sun Life Banking & PSU Debt Fund - DIRECT - IDCW,Aditya Birla Sun Life Mutual Fund,Open Ended Schemes,Debt Scheme - Banking and PSU Fund,INF209KA12Z1,INF209KA13Z9,nav_119551_20260625.csv,115.0697,-0.0598999999999989,-0.0520554064188912
119551,2015-01-07,115.0964,Aditya Birla Sun Life Banking & PSU Debt Fund - DIRECT - IDCW,Aditya Birla Sun Life Mutual Fund,Open Ended Schemes,Debt Scheme - Banking and PSU Fund,INF209KA12Z1,INF209KA13Z9,nav_119551_20260625.csv,115.0098,0.0866000000000042,0.0752979311328288
119551,2015-01-08,115.1534,Aditya Birla Sun Life Banking & PSU Debt Fund - DIRECT - IDCW,Aditya Birla Sun Life Mutual Fund,Open Ended Schemes,Debt Scheme - Banking and PSU Fund,INF209KA12Z1,INF209KA13Z9,nav_119551_20260625.csv,115.0964,0.0570000000000021,0.0495237036084553
119551,2015-01-09,115.2179,Aditya Birla Sun Life Banking & PSU Debt Fund - DIRECT - IDCW,Aditya Birla Sun Life Mutual Fund,Open Ended Schemes,Debt Scheme - Banking and PSU Fund,INF209KA12Z1,INF209KA13Z9,nav_119551_20260625.csv,115.1534,0.0644999999999953,0.0560122410627869
119551,2015-01-12,115.4215,Aditya Birla Sun Life Banking & PSU Debt Fund - DIRECT - IDCW,Aditya Birla Sun Life Mutual Fund,Open Ended Schemes,Debt Scheme - Banking and PSU Fund,INF209KA12Z1,INF209KA13Z9,nav_119551_20260625.csv,115.2179,0.2035999999999944,0.1767086537768823
119551,2015-01-13,115.5874,Aditya Birla Sun Life Banking & PSU Debt Fund - DIRECT - IDCW,Aditya Birla Sun Life Mutual Fund,Open Ended Schemes,Debt Scheme - Banking and PSU Fund,INF209KA12Z1,INF209KA13Z9,nav_119551_20260625.csv,115.4215,0.1659000000000077,0.143734053014393
119551,2015-01-14,115.6112,Aditya Birla Sun Life Banking & PSU Debt Fund - DIRECT - IDCW,Aditya Birla Sun Life Mutual Fund,Open Ended Schemes,Debt Scheme - Banking and PSU Fund,INF209KA12Z1,INF209KA13Z9,nav_119551_20260625.csv,115.5874,0.0237999999999942,0.0205904795851401
119551,2015-01-15,115.9938,Aditya Birla Sun Life Banking & PSU Debt Fund - DIRECT - IDCW,Aditya Birla Sun Life Mutual Fund,Open Ended Schemes,Debt Scheme - Banking and PSU Fund,INF209KA12Z1,INF209KA13Z9,nav_119551_20260625.csv,115.6112,0.3825999999999965,0.3309367950509955
119551,2015-01-16,116.1579,Aditya Birla Sun Life Banking & PSU Debt Fund - DIRECT - IDCW,Aditya Birla Sun Life Mutual Fund,Open Ended Schemes,Debt Scheme - Banking and PSU Fund,INF209KA12Z1,INF209KA13Z9,nav_119551_20260625.csv,115.9938,0.1641000000000048,0.1414730787335226
119551,2015-01-19,116.243,Aditya Birla Sun Life Banking & PSU Debt Fund - DIRECT - IDCW,Aditya Birla Sun Life Mutual Fund,Open Ended Schemes,Debt Scheme - Banking and PSU Fund,INF209KA12Z1,INF209KA13Z9,nav_119551_20260625.csv,116.1579,0.085099999999997,0.0732623437579338
119551,2015-01-20,116.2527,Aditya Birla Sun Life Banking & PSU Debt Fund - DIRECT - IDCW,Aditya Birla Sun Life Mutual Fund,Open Ended Schemes,Debt Scheme - Banking and PSU Fund,INF209KA12Z1,INF209KA13Z9,nav_119551_20260625.csv,116.243,0.0097000000000093,0.008344588491358
119551,2015-01-21,116.3456,Aditya Birla Sun Life Banking & PSU Debt Fund - DIRECT - IDCW,Aditya Birla Sun Life Mutual Fund,Open Ended Schemes,Debt Scheme - Banking and PSU Fund,INF209KA12Z1,INF209KA13Z9,nav_119551_20260625.csv,116.2527,0.0929000000000002,0.0799121224711341
119551,2015-01-22,116.3811,Aditya Birla Sun Life Banking & PSU Debt Fund - DIRECT - IDCW,Aditya Birla Sun Life Mutual Fund,Open Ended Schemes,Debt Scheme - Banking and PSU Fund,INF209KA12Z1,INF209KA13Z9,nav_119551_20260625.csv,116.3456,0.0354999999999989,0.0305125419440004
119551,2015-01-23,116.4146,Aditya Birla Sun Life Banking & PSU Debt Fund - DIRECT - IDCW,Aditya Birla Sun Life Mutual Fund,Open Ended Schemes,Debt Scheme - Banking and PSU Fund,INF209KA12Z1,INF209KA13Z9,nav_119551_20260625.csv,116.3811,0.0334999999999894,0.0287847425398019
119551,2015-01-27,116.4896,Aditya Birla Sun Life Banking & PSU Debt Fund - DIRECT - IDCW,Aditya Birla Sun Life Mutual Fund,Open Ended Schemes,Debt Scheme - Banking and PSU Fund,INF209KA12Z1,INF209KA13Z9,nav_119551_20260625.csv,116.4146,0.0750000000000028,0.0644249089031812
119551,2015-01-28,116.5474,Aditya Birla Sun Life Banking & PSU Debt Fund - DIRECT - IDCW,Aditya Birla Sun Life Mutual Fund,Open Ended Schemes,Debt Scheme - Banking and PSU Fund,INF209KA12Z1,INF209KA13Z9,nav_119551_20260625.csv,116.4896,0.0578000000000002,0.0496181633381866
119551,2015-01-29,116.583,Aditya Birla Sun Life Banking & PSU Debt Fund - DIRECT - IDCW,Aditya Birla Sun Life Mutual Fund,Open Ended Schemes,Debt Scheme - Banking and PSU Fund,INF209KA12Z1,INF209KA13Z9,nav_119551_20260625.csv,116.5474,0.0356000000000022,0.0305455119547946
119551,2015-01-30,116.5922,Aditya Birla Sun Life Banking & PSU Debt Fund - DIRECT - IDCW,Aditya Birla Sun Life Mutual Fund,Open Ended Schemes,Debt Scheme - Banking and PSU Fund,INF209KA12Z1,INF209KA13Z9,nav_119551_20260625.csv,116.583,0.0092000000000069,0.0078913735278788
119551,2015-02-02,116.7716,Aditya Birla Sun Life Banking & PSU Debt Fund - DIRECT - IDCW,Aditya Birla Sun Life Mutual Fund,Open Ended Schemes,Debt Scheme - Banking and PSU Fund,INF209KA12Z1,INF209KA13Z9,nav_119551_20260625.csv,116.5922,0.1794000000000011,0.1538696413653753
119551,2015-02-03,116.6952,Aditya Birla Sun Life Banking & PSU Debt Fund - DIRECT - IDCW,Aditya Birla Sun Life Mutual Fund,Open Ended Schemes,Debt Scheme - Banking and PSU Fund,INF209KA12Z1,INF209KA13Z9,nav_119551_20260625.csv,116.7716,-0.0764000000000066,-0.0654268674917588
119551,2015-02-04,116.6401,Aditya Birla Sun Life Banking & PSU Debt Fund - DIRECT - IDCW,Aditya Birla Sun Life Mutual Fund,Open Ended Schemes,Debt Scheme - Banking and PSU Fund,INF209KA12Z1,INF209KA13Z9,nav_119551_20260625.csv,116.6952,-0.0550999999999959,-0.0472170234936792
119551,2015-02-05,116.6397,Aditya Birla Sun Life Banking & PSU Debt Fund - DIRECT - IDCW,Aditya Birla Sun Life Mutual Fund,Open Ended Schemes,Debt Scheme - Banking and PSU Fund,INF209KA12Z1,INF209KA13Z9,nav_119551_20260625.csv,116.6401,-0.000399999999999,-0.0003429352341082
119551,2015-02-06,116.6382,Aditya Birla Sun Life Banking & PSU Debt Fund - DIRECT - IDCW,Aditya Birla Sun Life Mutual Fund,Open Ended Schemes,Debt Scheme - Banking and PSU Fund,INF209KA12Z1,INF209KA13Z9,nav_119551_20260625.csv,116.6397,-0.0015000000000071,-0.0012860115381016
119551,2015-02-09,116.6428,Aditya Birla Sun Life Banking & PSU Debt Fund - DIRECT - IDCW,Aditya Birla Sun Life Mutual Fund,Open Ended Schemes,Debt Scheme - Banking and PSU Fund,INF209KA12Z1,INF209KA13Z9,nav_119551_20260625.csv,116.6382,0.0045999999999963,0.0039438194347961
119551,2015-02-10,116.6639,Aditya Birla Sun Life Banking & PSU Debt Fund - DIRECT - IDCW,Aditya Birla Sun Life Mutual Fund,Open Ended Schemes,Debt Scheme - Banking and PSU Fund,INF209KA12Z1,INF209KA13Z9,nav_119551_20260625.csv,116.6428,0.0211000000000041,0.0180894148631583
119551,2015-02-11,116.669,Aditya Birla Sun Life Banking & PSU Debt Fund - DIRECT - IDCW,Aditya Birla Sun Life Mutual Fund,Open Ended Schemes,Debt Scheme - Banking and PSU Fund,INF209KA12Z1,INF209KA13Z9,nav_119551_20260625.csv,116.6639,0.0050999999999987,0.004371532239192
119551,2015-02-12,116.6546,Aditya Birla Sun Life Banking & PSU Debt Fund - DIRECT - IDCW,Aditya Birla Sun Life Mutual Fund,Open Ended Schemes,Debt Scheme - Banking and PSU Fund,INF209KA12Z1,INF209KA13Z9,nav_119551_20260625.csv,116.669,-0.0143999999999948,-0.0123426102906469
119551,2015-02-13,116.7452,Aditya Birla Sun Life Banking & PSU Debt Fund - DIRECT - IDCW,Aditya Birla Sun Life Mutual Fund,Open Ended Schemes,Debt Scheme - Banking and PSU Fund,INF209KA12Z1,INF209KA13Z9,nav_119551_20260625.csv,116.6546,0.0905999999999949,0.0776651756553062
119551,2015-02-16,116.8223,Aditya Birla Sun Life Banking & PSU Debt Fund - DIRECT - IDCW,Aditya Birla Sun Life Mutual Fund,Open Ended Schemes,Debt Scheme - Banking and PSU Fund,INF209KA12Z1,INF209KA13Z9,nav_119551_20260625.csv,116.7452,0.0771000000000015,0.0660412590838865
119551,2015-02-18,116.8588,Aditya Birla Sun Life Banking & PSU Debt Fund - DIRECT - IDCW,Aditya Birla Sun Life Mutual Fund,Open Ended Schemes,Debt Scheme - Banking and PSU Fund,INF209KA12Z1,INF209KA13Z9,nav_119551_20260625.csv,116.8223,0.0365000000000037,0.0312440347433698
119551,2015-02-20,116.9274,Aditya Birla Sun Life Banking & PSU Debt Fund - DIRECT - IDCW,Aditya Birla Sun Life Mutual Fund,Open Ended Schemes,Debt Scheme - Banking and PSU Fund,INF209KA12Z1,INF209KA13Z9,nav_119551_20260625.csv,116.8588,0.0686000000000035,0.0587033240115451
119551,2015-02-23,116.9984,Aditya Birla Sun Life Banking & PSU Debt Fund - DIRECT - IDCW,Aditya Birla Sun Life Mutual Fund,Open Ended Schemes,Debt Scheme - Banking and PSU Fund,INF209KA12Z1,INF209KA13Z9,nav_119551_20260625.csv,116.9274,0.0709999999999979,0.0607214391152099
119551,2015-02-24,117.0714,Aditya Birla Sun Life Banking & PSU Debt Fund - DIRECT - IDCW,Aditya Birla Sun Life Mutual Fund,Open Ended Schemes,Debt Scheme - Banking and PSU Fund,INF209KA12Z1,INF209KA13Z9,nav_119551_20260625.csv,116.9984,0.0729999999999932,0.0623940156446526
119551,2015-02-25,117.136,Aditya Birla Sun Life Banking & PSU Debt Fund - DIRECT - IDCW,Aditya Birla Sun Life Mutual Fund,Open Ended Schemes,Debt Scheme - Banking and PSU Fund,INF209KA12Z1,INF209KA13Z9,nav_119551_20260625.csv,117.0714,0.0645999999999986,0.0551800012641846
119551,2015-02-26,117.1316,Aditya Birla Sun Life Banking & PSU Debt Fund - DIRECT - IDCW,Aditya Birla Sun Life Mutual Fund,Open Ended Schemes,Debt Scheme - Banking and PSU Fund,INF209KA12Z1,INF209KA13Z9,nav_119551_20260625.csv,117.136,-0.0043999999999897,-0.0037563174429635
119551,2015-02-27,117.1873,Aditya Birla Sun Life Banking & PSU Debt Fund - DIRECT - IDCW,Aditya Birla Sun Life Mutual Fund,Open Ended Schemes,Debt Scheme - Banking and PSU Fund,INF209KA12Z1,INF209KA13Z9,nav_119551_20260625.csv,117.1316,0.0556999999999874,0.0475533502487692
119551,2015-03-02,117.2585,Aditya Birla Sun Life Banking & PSU Debt Fund - DIRECT - IDCW,Aditya Birla Sun Life Mutual Fund,Open Ended Schemes,Debt Scheme - Banking and PSU Fund,INF209KA12Z1,INF209KA13Z9,nav_119551_20260625.csv,117.1873,0.0712000000000045,0.0607574370260297
119551,2015-03-03,117.2102,Aditya Birla Sun Life Banking & PSU Debt Fund - DIRECT - IDCW,Aditya Birla Sun Life Mutual Fund,Open Ended Schemes,Debt Scheme - Banking and PSU Fund,INF209KA12Z1,INF209KA13Z9,nav_119551_20260625.csv,117.2585,-0.0482999999999975,-0.0411910437196429
119551,2015-03-04,117.4492,Aditya Birla Sun Life Banking & PSU Debt Fund - DIRECT - IDCW,Aditya Birla Sun Life Mutual Fund,Open Ended Schemes,Debt Scheme - Banking and PSU Fund,INF209KA12Z1,INF209KA13Z9,nav_119551_20260625.csv,117.2102,0.2390000000000043,0.2039071684887529
119551,2015-03-05,117.4822,Aditya Birla Sun Life Banking & PSU Debt Fund - DIRECT - IDCW,Aditya Birla Sun Life Mutual Fund,Open Ended Schemes,Debt Scheme - Banking and PSU Fund,INF209KA12Z1,INF209KA13Z9,nav_119551_20260625.csv,117.4492,0.0330000000000012,0.0280972539617138
119551,2015-03-09,117.449,Aditya Birla Sun Life Banking & PSU Debt Fund - DIRECT - IDCW,Aditya Birla Sun Life Mutual Fund,Open Ended Schemes,Debt Scheme - Banking and PSU Fund,INF209KA12Z1,INF209KA13Z9,nav_119551_20260625.csv,117.4822,-0.0332000000000078,-0.0282596001777357
119551,2015-03-10,117.4224,Aditya Birla Sun Life Banking & PSU Debt Fund - DIRECT - IDCW,Aditya Birla Sun Life Mutual Fund,Open Ended Schemes,Debt Scheme - Banking and PSU Fund,INF209KA12Z1,INF209KA13Z9,nav_119551_20260625.csv,117.449,-0.0266000000000019,-0.0226481281236979
119551,2015-03-11,117.412,Aditya Birla Sun Life Banking & PSU Debt Fund - DIRECT - IDCW,Aditya Birla Sun Life Mutual Fund,Open Ended Schemes,Debt Scheme - Banking and PSU Fund,INF209KA12Z1,INF209KA13Z9,nav_119551_20260625.csv,117.4224,-0.0103999999999899,-0.0088569131613644
119551,2015-03-12,117.4767,Aditya Birla Sun Life Banking & PSU Debt Fund - DIRECT - IDCW,Aditya Birla Sun Life Mutual Fund,Open Ended Schemes,Debt Scheme - Banking and PSU Fund,INF209KA12Z1,INF209KA13Z9,nav_119551_20260625.csv,117.412,0.0646999999999877,0.0551050999897691
119551,2015-03-13,117.3557,Aditya Birla Sun Life Banking & PSU Debt Fund - DIRECT - IDCW,Aditya Birla Sun Life Mutual Fund,Open Ended Schemes,Debt Scheme - Banking and PSU Fund,INF209KA12Z1,INF209KA13Z9,nav_119551_20260625.csv,117.4767,-0.1209999999999951,-0.1029991479161358
119551,2015-03-16,117.4257,Aditya Birla Sun Life Banking & PSU Debt Fund - DIRECT - IDCW,Aditya Birla Sun Life Mutual Fund,Open Ended Schemes,Debt Scheme - Banking and PSU Fund,INF209KA12Z1,INF209KA13Z9,nav_119551_20260625.csv,117.3557,0.0700000000000073,0.059647720562365
119551,2015-03-17,117.4812,Aditya Birla Sun Life Banking & PSU Debt Fund - DIRECT - IDCW,Aditya Birla Sun Life Mutual Fund,Open Ended Schemes,Debt Scheme - Banking and PSU Fund,INF209KA12Z1,INF209KA13Z9,nav_119551_20260625.csv,117.4257,0.055499999999995,0.0472639294464457
119551,2015-03-18,117.4713,Aditya Birla Sun Life Banking & PSU Debt Fund - DIRECT - IDCW,Aditya Birla Sun Life Mutual Fund,Open Ended Schemes,Debt Scheme - Banking and PSU Fund,INF209KA12Z1,INF209KA13Z9,nav_119551_20260625.csv,117.4812,-0.0099000000000017,-0.0084268802157296
119551,2015-03-19,117.5422,Aditya Birla Sun Life Banking & PSU Debt Fund - DIRECT - IDCW,Aditya Birla Sun Life Mutual Fund,Open Ended Schemes,Debt Scheme - Banking and PSU Fund,INF209KA12Z1,INF209KA13Z9,nav_119551_20260625.csv,117.4713,0.0708999999999946,0.0603551676026353
119551,2015-03-20,117.6167,Aditya Birla Sun Life Banking & PSU Debt Fund - DIRECT - IDCW,Aditya Birla Sun Life Mutual Fund,Open Ended Schemes,Debt Scheme - Banking and PSU Fund,INF209KA12Z1,INF209KA13Z9,nav_119551_20260625.csv,117.5422,0.0745000000000004,0.063381491923752
119551,2015-03-23,117.6634,Aditya Birla Sun Life Banking & PSU Debt Fund - DIRECT - IDCW,Aditya Birla Sun Life Mutual Fund,Open Ended Schemes,Debt Scheme - Banking and PSU Fund,INF209KA12Z1,INF209KA13Z9,nav_119551_20260625.csv,117.6167,0.0467000000000012,0.0397052459387155
119551,2015-03-24,117.7014,Aditya Birla Sun Life Banking & PSU Debt Fund - DIRECT - IDCW,Aditya Birla Sun Life Mutual Fund,Open Ended Schemes,Debt Scheme - Banking and PSU Fund,INF209KA12Z1,INF209KA13Z9,nav_119551_20260625.csv,117.6634,0.0380000000000109,0.0322955141530934
119551,2015-03-25,117.721,Aditya Birla Sun Life Banking & PSU Debt Fund - DIRECT - IDCW,Aditya Birla Sun Life Mutual Fund,Open Ended Schemes,Debt Scheme - Banking and PSU Fund,INF209KA12Z1,INF209KA13Z9,nav_119551_20260625.csv,117.7014,0.0195999999999969,0.0166523082987941
119551,2015-03-26,117.7366,Aditya Birla Sun Life Banking & PSU Debt Fund - DIRECT - IDCW,Aditya Birla Sun Life Mutual Fund,Open Ended Schemes,Debt Scheme - Banking and PSU Fund,INF209KA12Z1,INF209KA13Z9,nav_119551_20260625.csv,117.721,0.015599999999992,0.0132516713245657
119551,2015-03-27,117.7888,Aditya Birla Sun Life Banking & PSU Debt Fund - DIRECT - IDCW,Aditya Birla Sun Life Mutual Fund,Open Ended Schemes,Debt Scheme - Banking and PSU Fund,INF209KA12Z1,INF209KA13Z9,nav_119551_20260625.csv,117.7366,0.0521999999999991,0.0443362556758044
119551,2015-03-30,117.8781,Aditya Birla Sun Life Banking & PSU Debt Fund - DIRECT - IDCW,Aditya Birla Sun Life Mutual Fund,Open Ended Schemes,Debt Scheme - Banking and PSU Fund,INF209KA12Z1,INF209KA13Z9,nav_119551_20260625.csv,117.7888,0.0893000000000086,0.0758136597027973
119551,2015-03-31,118.0538,Aditya Birla Sun Life Banking & PSU Debt Fund - DIRECT - IDCW,Aditya Birla Sun Life Mutual Fund,Open Ended Schemes,Debt Scheme - Banking and PSU Fund,INF209KA12Z1,INF209KA13Z9,nav_119551_20260625.csv,117.8781,0.1756999999999919,0.1490522836727025
119551,2015-04-06,118.3359,Aditya Birla Sun Life Banking & PSU Debt Fund - DIRECT - IDCW,Aditya Birla Sun Life Mutual Fund,Open Ended Schemes,Debt Scheme - Banking and PSU Fund,INF209KA12Z1,INF209KA13Z9,nav_119551_20260625.csv,118.0538,0.2820999999999998,0.2389588475762743
119551,2015-04-07,118.3426,Aditya Birla Sun Life Banking & PSU Debt Fund - DIRECT - IDCW,Aditya Birla Sun Life Mutual Fund,Open Ended Schemes,Debt Scheme - Banking and PSU Fund,INF209KA12Z1,INF209KA13Z9,nav_119551_20260625.csv,118.3359,0.0067000000000092,0.0056618490246909
119551,2015-04-08,118.3201,Aditya Birla Sun Life Banking & PSU Debt Fund - DIRECT - IDCW,Aditya Birla Sun Life Mutual Fund,Open Ended Schemes,Debt Scheme - Banking and PSU Fund,INF209KA12Z1,INF209KA13Z9,nav_119551_20260625.csv,118.3426,-0.0225000000000079,-0.0190125956333627
119551,2015-04-09,118.4202,Aditya Birla Sun Life Banking & PSU Debt Fund - DIRECT - IDCW,Aditya Birla Sun Life Mutual Fund,Open Ended Schemes,Debt Scheme - Banking and PSU Fund,INF209KA12Z1,INF209KA13Z9,nav_119551_20260625.csv,118.3201,0.1000999999999976,0.084601010310165
119551,2015-04-10,118.4427,Aditya Birla Sun Life Banking & PSU Debt Fund - DIRECT - IDCW,Aditya Birla Sun Life Mutual Fund,Open Ended Schemes,Debt Scheme - Banking and PSU Fund,INF209KA12Z1,INF209KA13Z9,nav_119551_20260625.csv,118.4202,0.0225000000000079,0.0190001368009916
119551,2015-04-13,118.5303,Aditya Birla Sun Life Banking & PSU Debt Fund - DIRECT - IDCW,Aditya Birla Sun Life Mutual Fund,Open Ended Schemes,Debt Scheme - Banking and PSU Fund,INF209KA12Z1,INF209KA13Z9,nav_119551_20260625.csv,118.4427,0.0875999999999948,0.0739598134794249
119551,2015-04-15,118.5848,Aditya Birla Sun Life Banking & PSU Debt Fund - DIRECT - IDCW,Aditya Birla Sun Life Mutual Fund,Open Ended Schemes,Debt Scheme - Banking and PSU Fund,INF209KA12Z1,INF209KA13Z9,nav_119551_20260625.csv,118.5303,0.0545000000000044,0.0459798043200805
119551,2015-04-16,118.6022,Aditya Birla Sun Life Banking & PSU Debt Fund - DIRECT - IDCW,Aditya Birla Sun Life Mutual Fund,Open Ended Schemes,Debt Scheme - Banking and PSU Fund,INF209KA12Z1,INF209KA13Z9,nav_119551_20260625.csv,118.5848,0.0173999999999949,0.0146730441000827
119551,2015-04-17,118.6016,Aditya Birla Sun Life Banking & PSU Debt Fund - DIRECT - IDCW,Aditya Birla Sun Life Mutual Fund,Open Ended Schemes,Debt Scheme - Banking and PSU Fund,INF209KA12Z1,INF209KA13Z9,nav_119551_20260625.csv,118.6022,-0.0005999999999914,-0.000505892808052
119551,2015-04-20,118.6696,Aditya Birla Sun Life Banking & PSU Debt Fund - DIRECT - IDCW,Aditya Birla Sun Life Mutual Fund,Open Ended Schemes,Debt Scheme - Banking and PSU Fund,INF209KA12Z1,INF209KA13Z9,nav_119551_20260625.csv,118.6016,0.0679999999999978,0.0573348082993803
119551,2015-04-21,118.7199,Aditya Birla Sun Life Banking & PSU Debt Fund - DIRECT - IDCW,Aditya Birla Sun Life Mutual Fund,Open Ended Schemes,Debt Scheme - Banking and PSU Fund,INF209KA12Z1,INF209KA13Z9,nav_119551_20260625.csv,118.6696,0.0502999999999929,0.0423865926909612
119551,2015-04-22,118.7833,Aditya Birla Sun Life Banking & PSU Debt Fund - DIRECT - IDCW,Aditya Birla Sun Life Mutual Fund,Open Ended Schemes,Debt Scheme - Banking and PSU Fund,INF209KA12Z1,INF209KA13Z9,nav_119551_20260625.csv,118.7199,0.0634000000000014,0.0534030099418896
119551,2015-04-23,118.7552,Aditya Birla Sun Life Banking & PSU Debt Fund - DIRECT - IDCW,Aditya Birla Sun Life Mutual Fund,Open Ended Schemes,Debt Scheme - Banking and PSU Fund,INF209KA12Z1,INF209KA13Z9,nav_119551_20260625.csv,118.7833,-0.0280999999999949,-0.0236565241073407
119551,2015-04-24,118.7424,Aditya Birla Sun Life Banking & PSU Debt Fund - DIRECT - IDCW,Aditya Birla Sun Life Mutual Fund,Open Ended Schemes,Debt Scheme - Banking and PSU Fund,INF209KA12Z1,INF209KA13Z9,nav_119551_20260625.csv,118.7552,-0.0127999999999985,-0.0107784753846556
119551,2015-04-27,118.7981,Aditya Birla Sun Life Banking & PSU Debt Fund - DIRECT - IDCW,Aditya Birla Sun Life Mutual Fund,Open Ended Schemes,Debt Scheme - Banking and PSU Fund,INF209KA12Z1,INF209KA13Z9,nav_119551_20260625.csv,118.7424,0.0557000000000016,0.0469082652868744
119551,2015-04-28,118.8214,Aditya Birla Sun Life Banking & PSU Debt Fund - DIRECT - IDCW,Aditya Birla Sun Life Mutual Fund,Open Ended Schemes,Debt Scheme - Banking and PSU Fund,INF209KA12Z1,INF209KA13Z9,nav_119551_20260625.csv,118.7981,0.0232999999999918,0.0196131082904456
119551,2015-04-29,118.7676,Aditya Birla Sun Life Banking & PSU Debt Fund - DIRECT - IDCW,Aditya Birla Sun Life Mutual Fund,Open Ended Schemes,Debt Scheme - Banking and PSU Fund,INF209KA12Z1,INF209KA13Z9,nav_119551_20260625.csv,118.8214,-0.0537999999999954,-0.0452780391410936
119551,2015-04-30,118.6387,Aditya Birla Sun Life Banking & PSU Debt Fund - DIRECT - IDCW,Aditya Birla Sun Life Mutual Fund,Open Ended Schemes,Debt Scheme - Banking and PSU Fund,INF209KA12Z1,INF209KA13Z9,nav_119551_20260625.csv,118.7676,-0.1289000000000015,-0.1085312829424873
119551,2015-05-05,118.7349,Aditya Birla Sun Life Banking & PSU Debt Fund - DIRECT - IDCW,Aditya Birla Sun Life Mutual Fund,Open Ended Schemes,Debt Scheme - Banking and PSU Fund,INF209KA12Z1,INF209KA13Z9,nav_119551_20260625.csv,118.6387,0.096199999999996,0.0810865257289536
119551,2015-05-06,118.6148,Aditya Birla Sun Life Banking & PSU Debt Fund - DIRECT - IDCW,Aditya Birla Sun Life Mutual Fund,Open Ended Schemes,Debt Scheme - Banking and PSU Fund,INF209KA12Z1,INF209KA13Z9,nav_119551_20260625.csv,118.7349,-0.1200999999999936,-0.1011497040886829
119551,2015-05-07,118.376,Aditya Birla Sun Life Banking & PSU Debt Fund - DIRECT - IDCW,Aditya Birla Sun Life Mutual Fund,Open Ended Schemes,Debt Scheme - Banking and PSU Fund,INF209KA12Z1,INF209KA13Z9,nav_119551_20260625.csv,118.6148,-0.2387999999999976,-0.2013239494565582
119551,2015-05-08,118.3858,Aditya Birla Sun Life Banking & PSU Debt Fund - DIRECT - IDCW,Aditya Birla Sun Life Mutual Fund,Open Ended Schemes,Debt Scheme - Banking and PSU Fund,INF209KA12Z1,INF209KA13Z9,nav_119551_20260625.csv,118.376,0.0097999999999984,0.008278705142933
119551,2015-05-11,118.671,Aditya Birla Sun Life Banking & PSU Debt Fund - DIRECT - IDCW,Aditya Birla Sun Life Mutual Fund,Open Ended Schemes,Debt Scheme - Banking and PSU Fund,INF209KA12Z1,INF209KA13Z9,nav_119551_20260625.csv,118.3858,0.2852000000000032,0.2409072709733796
119551,2015-05-12,118.5949,Aditya Birla Sun Life Banking & PSU Debt Fund - DIRECT - IDCW,Aditya Birla Sun Life Mutual Fund,Open Ended Schemes,Debt Scheme - Banking and PSU Fund,INF209KA12Z1,INF209KA13Z9,nav_119551_20260625.csv,118.671,-0.0761000000000109,-0.0641268717715456
119551,2015-05-13,118.5796,Aditya Birla Sun Life Banking & PSU Debt Fund - DIRECT - IDCW,Aditya Birla Sun Life Mutual Fund,Open Ended Schemes,Debt Scheme - Banking and PSU Fund,INF209KA12Z1,INF209KA13Z9,nav_119551_20260625.csv,118.5949,-0.0152999999999963,-0.0129010606695535
119551,2015-05-14,118.5984,Aditya Birla Sun Life Banking & PSU Debt Fund - DIRECT - IDCW,Aditya Birla Sun Life Mutual Fund,Open Ended Schemes,Debt Scheme - Banking and PSU Fund,INF209KA12Z1,INF209KA13Z9,nav_119551_20260625.csv,118.5796,0.0187999999999988,0.0158543290751519
119551,2015-05-15,118.638,Aditya Birla Sun Life Banking & PSU Debt Fund - DIRECT - IDCW,Aditya Birla Sun Life Mutual Fund,Open Ended Schemes,Debt Scheme - Banking and PSU Fund,INF209KA12Z1,INF209KA13Z9,nav_119551_20260625.csv,118.5984,0.0396000000000071,0.0333899951432794
119551,2015-05-18,118.8277,Aditya Birla Sun Life Banking & PSU Debt Fund - DIRECT - IDCW,Aditya Birla Sun Life Mutual Fund,Open Ended Schemes,Debt Scheme - Banking and PSU Fund,INF209KA12Z1,INF209KA13Z9,nav_119551_20260625.csv,118.638,0.1896999999999877,0.1598981776496466
119551,2015-05-19,119.0042,Aditya Birla Sun Life Banking & PSU Debt Fund - DIRECT - IDCW,Aditya Birla Sun Life Mutual Fund,Open Ended Schemes,Debt Scheme - Banking and PSU Fund,INF209KA12Z1,INF209KA13Z9,nav_119551_20260625.csv,118.8277,0.1765000000000043,0.1485343905503551
119551,2015-05-20,119.0625,Aditya Birla Sun Life Banking & PSU Debt Fund - DIRECT - IDCW,Aditya Birla Sun Life Mutual Fund,Open Ended Schemes,Debt Scheme - Banking and PSU Fund,INF209KA12Z1,INF209KA13Z9,nav_119551_20260625.csv,119.0042,0.0583000000000026,0.0489898675845076
119551,2015-05-21,119.0962,Aditya Birla Sun Life Banking & PSU Debt Fund - DIRECT - IDCW,Aditya Birla Sun Life Mutual Fund,Open Ended Schemes,Debt Scheme - Banking and PSU Fund,INF209KA12Z1,INF209KA13Z9,nav_119551_20260625.csv,119.0625,0.033699999999996,0.0283044619422539
119551,2015-05-22,119.1641,Aditya Birla Sun Life Banking & PSU Debt Fund - DIRECT - IDCW,Aditya Birla Sun Life Mutual Fund,Open Ended Schemes,Debt Scheme - Banking and PSU Fund,INF209KA12Z1,INF209KA13Z9,nav_119551_20260625.csv,119.0962,0.0679000000000087,0.0570127342434172
119551,2015-05-25,119.2195,Aditya Birla Sun Life Banking & PSU Debt Fund - DIRECT - IDCW,Aditya Birla Sun Life Mutual Fund,Open Ended Schemes,Debt Scheme - Banking and PSU Fund,INF209KA12Z1,INF209KA13Z9,nav_119551_20260625.csv,119.1641,0.0553999999999916,0.0464905118236043
119551,2015-05-26,119.1981,Aditya Birla Sun Life Banking & PSU Debt Fund - DIRECT - IDCW,Aditya Birla Sun Life Mutual Fund,Open Ended Schemes,Debt Scheme - Banking and PSU Fund,INF209KA12Z1,INF209KA13Z9,nav_119551_20260625.csv,119.2195,-0.0213999999999998,-0.0179500836691982
119551,2015-05-27,119.2361,Aditya Birla Sun Life Banking & PSU Debt Fund - DIRECT - IDCW,Aditya Birla Sun Life Mutual Fund,Open Ended Schemes,Debt Scheme - Banking and PSU Fund,INF209KA12Z1,INF209KA13Z9,nav_119551_20260625.csv,119.1981,0.0379999999999967,0.0318797027804945
119551,2015-05-28,119.3367,Aditya Birla Sun Life Banking & PSU Debt Fund - DIRECT - IDCW,Aditya Birla Sun Life Mutual Fund,Open Ended Schemes,Debt Scheme - Banking and PSU Fund,INF209KA12Z1,INF209KA13Z9,nav_119551_20260625.csv,119.2361,0.1006,0.0843704213740637
119551,2015-05-29,119.4459,Aditya Birla Sun Life Banking & PSU Debt Fund - DIRECT - IDCW,Aditya Birla Sun Life Mutual Fund,Open Ended Schemes,Debt Scheme - Banking and PSU Fund,INF209KA12Z1,INF209KA13Z9,nav_119551_20260625.csv,119.3367,0.1092000000000013,0.0915057983001049
119551,2015-06-01,119.5416,Aditya Birla Sun Life Banking & PSU Debt Fund - DIRECT - IDCW,Aditya Birla Sun Life Mutual Fund,Open Ended Schemes,Debt Scheme - Banking and PSU Fund,INF209KA12Z1,INF209KA13Z9,nav_119551_20260625.csv,119.4459,0.0957000000000078,0.0801199538870801
119551,2015-06-02,119.1982,Aditya Birla Sun Life Banking & PSU Debt Fund - DIRECT - IDCW,Aditya Birla Sun Life Mutual Fund,Open Ended Schemes,Debt Scheme - Banking and PSU Fund,INF209KA12Z1,INF209KA13Z9,nav_119551_20260625.csv,119.5416,-0.3434000000000026,-0.287264015204751
119551,2015-06-03,119.0994,Aditya Birla Sun Life Banking & PSU Debt Fund - DIRECT - IDCW,Aditya Birla Sun Life Mutual Fund,Open Ended Schemes,Debt Scheme - Banking and PSU Fund,INF209KA12Z1,INF209KA13Z9,nav_119551_20260625.csv,119.1982,-0.0987999999999971,-0.0828871576919761
119551,2015-06-04,118.9151,Aditya Birla Sun Life Banking & PSU Debt Fund - DIRECT - IDCW,Aditya Birla Sun Life Mutual Fund,Open Ended Schemes,Debt Scheme - Banking and PSU Fund,INF209KA12Z1,INF209KA13Z9,nav_119551_20260625.csv,119.0994,-0.1843000000000074,-0.1547446922486658
119551,2015-06-05,119.0347,Aditya Birla Sun Life Banking & PSU Debt Fund - DIRECT - IDCW,Aditya Birla Sun Life Mutual Fund,Open Ended Schemes,Debt Scheme - Banking and PSU Fund,INF209KA12Z1,INF209KA13Z9,nav_119551_20260625.csv,118.9151,0.1196000000000054,0.1005759571324461
119551,2015-06-08,119.0629,Aditya Birla Sun Life Banking & PSU Debt Fund - DIRECT - IDCW,Aditya Birla Sun Life Mutual Fund,Open Ended Schemes,Debt Scheme - Banking and PSU Fund,INF209KA12Z1,INF209KA13Z9,nav_119551_20260625.csv,119.0347,0.0281999999999982,0.0236905709007526
119551,2015-06-09,119.1989,Aditya Birla Sun Life Banking & PSU Debt Fund - DIRECT - IDCW,Aditya Birla Sun Life Mutual Fund,Open Ended Schemes,Debt Scheme - Banking and PSU Fund,INF209KA12Z1,INF209KA13Z9,nav_119551_20260625.csv,119.0629,0.1359999999999956,0.1142253380356061
119551,2015-06-10,119.091,Aditya Birla Sun Life Banking & PSU Debt Fund - DIRECT - IDCW,Aditya Birla Sun Life Mutual Fund,Open Ended Schemes,Debt Scheme - Banking and PSU Fund,INF209KA12Z1,INF209KA13Z9,nav_119551_20260625.csv,119.1989,-0.1079000000000007,-0.0905209695727064
119551,2015-06-11,118.8986,Aditya Birla Sun Life Banking & PSU Debt Fund - DIRECT - IDCW,Aditya Birla Sun Life Mutual Fund,Open Ended Schemes,Debt Scheme - Banking and PSU Fund,INF209KA12Z1,INF209KA13Z9,nav_119551_20260625.csv,119.091,-0.1923999999999921,-0.161557128582338
119551,2015-06-12,118.8557,Aditya Birla Sun Life Banking & PSU Debt Fund - DIRECT - IDCW,Aditya Birla Sun Life Mutual Fund,Open Ended Schemes,Debt Scheme - Banking and PSU Fund,INF209KA12Z1,INF209KA13Z9,nav_119551_20260625.csv,118.8986,-0.042900000000003,-0.0360811649590517
119551,2015-06-15,119.029,Aditya Birla Sun Life Banking & PSU Debt Fund - DIRECT - IDCW,Aditya Birla Sun Life Mutual Fund,Open Ended Schemes,Debt Scheme - Banking and PSU Fund,INF209KA12Z1,INF209KA13Z9,nav_119551_20260625.csv,118.8557,0.1732999999999975,0.1458070584751068
119551,2015-06-16,118.9396,Aditya Birla Sun Life Banking & PSU Debt Fund - DIRECT - IDCW,Aditya Birla Sun Life Mutual Fund,Open Ended Schemes,Debt Scheme - Banking and PSU Fund,INF209KA12Z1,INF209KA13Z9,nav_119551_20260625.csv,119.029,-0.0893999999999977,-0.0751077468516056
119551,2015-06-17,119.1569,Aditya Birla Sun Life Banking & PSU Debt Fund - DIRECT - IDCW,Aditya Birla Sun Life Mutual Fund,Open Ended Schemes,Debt Scheme - Banking and PSU Fund,INF209KA12Z1,INF209KA13Z9,nav_119551_20260625.csv,118.9396,0.2172999999999945,0.182697772650988
119551,2015-06-18,119.5056,Aditya Birla Sun Life Banking & PSU Debt Fund - DIRECT - IDCW,Aditya Birla Sun Life Mutual Fund,Open Ended Schemes,Debt Scheme - Banking and PSU Fund,INF209KA12Z1,INF209KA13Z9,nav_119551_20260625.csv,119.1569,0.348700000000008,0.2926393687650552
119551,2015-06-19,119.761,Aditya Birla Sun Life Banking & PSU Debt Fund - DIRECT - IDCW,Aditya Birla Sun Life Mutual Fund,Open Ended Schemes,Debt Scheme - Banking and PSU Fund,INF209KA12Z1,INF209KA13Z9,nav_119551_20260625.csv,119.5056,0.2553999999999945,0.2137138343307715
119551,2015-06-22,119.7631,Aditya Birla Sun Life Banking & PSU Debt Fund - DIRECT - IDCW,Aditya Birla Sun Life Mutual Fund,Open Ended Schemes,Debt Scheme - Banking and PSU Fund,INF209KA12Z1,INF209KA13Z9,nav_119551_20260625.csv,119.761,0.0020999999999986,0.001753492372307
119551,2015-06-23,119.7242,Aditya Birla Sun Life Banking & PSU Debt Fund - DIRECT - IDCW,Aditya Birla Sun Life Mutual Fund,Open Ended Schemes,Debt Scheme - Banking and PSU Fund,INF209KA12Z1,INF209KA13Z9,nav_119551_20260625.csv,119.7631,-0.0388999999999981,-0.0324807891579277
119551,2015-06-24,119.586,Aditya Birla Sun Life Banking & PSU Debt Fund - DIRECT - IDCW,Aditya Birla Sun Life Mutual Fund,Open Ended Schemes,Debt Scheme - Banking and PSU Fund,INF209KA12Z1,INF209KA13Z9,nav_119551_20260625.csv,119.7242,-0.1381999999999976,-0.1154319678060055
119551,2015-06-25,119.4568,Aditya Birla Sun Life Banking & PSU Debt Fund - DIRECT - IDCW,Aditya Birla Sun Life Mutual Fund,Open Ended Schemes,Debt Scheme - Banking and PSU Fund,INF209KA12Z1,INF209KA13Z9,nav_119551_20260625.csv,119.586,-0.1291999999999973,-0.1080394026056539
119551,2015-06-26,119.5192,Aditya Birla Sun Life Banking & PSU Debt Fund - DIRECT - IDCW,Aditya Birla Sun Life Mutual Fund,Open Ended Schemes,Debt Scheme - Banking and PSU Fund,INF209KA12Z1,INF209KA13Z9,nav_119551_20260625.csv,119.4568,0.0623999999999966,0.0522364570288143
119551,2015-06-29,119.3389,Aditya Birla Sun Life Banking & PSU Debt Fund - DIRECT - IDCW,Aditya Birla Sun Life Mutual Fund,Open Ended Schemes,Debt Scheme - Banking and PSU Fund,INF209KA12Z1,INF209KA13Z9,nav_119551_20260625.csv,119.5192,-0.1803000000000025,-0.1508544233897169
119551,2015-06-30,119.4628,Aditya Birla Sun Life Banking & PSU Debt Fund - DIRECT - IDCW,Aditya Birla Sun Life Mutual Fund,Open Ended Schemes,Debt Scheme - Banking and PSU Fund,INF209KA12Z1,INF209KA13Z9,nav_119551_20260625.csv,119.3389,0.1239000000000061,0.1038219725504476
119551,2015-07-01,119.6428,Aditya Birla Sun Life Banking & PSU Debt Fund - DIRECT - IDCW,Aditya Birla Sun Life Mutual Fund,Open Ended Schemes,Debt Scheme - Banking and PSU Fund,INF209KA12Z1,INF209KA13Z9,nav_119551_20260625.csv,119.4628,0.1799999999999926,0.1506745195994005
119551,2015-07-02,119.7538,Aditya Birla Sun Life Banking & PSU Debt Fund - DIRECT - IDCW,Aditya Birla Sun Life Mutual Fund,Open Ended Schemes,Debt Scheme - Banking and PSU Fund,INF209KA12Z1,INF209KA13Z9,nav_119551_20260625.csv,119.6428,0.1110000000000042,0.0927761637139921
119551,2015-07-03,119.8612,Aditya Birla Sun Life Banking & PSU Debt Fund - DIRECT - IDCW,Aditya Birla Sun Life Mutual Fund,Open Ended Schemes,Debt Scheme - Banking and PSU Fund,INF209KA12Z1,INF209KA13Z9,nav_119551_20260625.csv,119.7538,0.1073999999999983,0.0896840016767721
119551,2015-07-06,120.0581,Aditya Birla Sun Life Banking & PSU Debt Fund - DIRECT - IDCW,Aditya Birla Sun Life Mutual Fund,Open Ended Schemes,Debt Scheme - Banking and PSU Fund,INF209KA12Z1,INF209KA13Z9,nav_119551_20260625.csv,119.8612,0.1968999999999994,0.1642733428332099
119551,2015-07-07,120.0419,Aditya Birla Sun Life Banking & PSU Debt Fund - DIRECT - IDCW,Aditya Birla Sun Life Mutual Fund,Open Ended Schemes,Debt Scheme - Banking and PSU Fund,INF209KA12Z1,INF209KA13Z9,nav_119551_20260625.csv,120.0581,-0.0161999999999977,-0.013493466913101
119551,2015-07-08,120.0759,Aditya Birla Sun Life Banking & PSU Debt Fund - DIRECT - IDCW,Aditya Birla Sun Life Mutual Fund,Open Ended Schemes,Debt Scheme - Banking and PSU Fund,INF209KA12Z1,INF209KA13Z9,nav_119551_20260625.csv,120.0419,0.034000000000006,0.0283234437309023
119551,2015-07-09,120.0964,Aditya Birla Sun Life Banking & PSU Debt Fund - DIRECT - IDCW,Aditya Birla Sun Life Mutual Fund,Open Ended Schemes,Debt Scheme - Banking and PSU Fund,INF209KA12Z1,INF209KA13Z9,nav_119551_20260625.csv,120.0759,0.0204999999999984,0.0170725349549729
119551,2015-07-10,120.1484,Aditya Birla Sun Life Banking & PSU Debt Fund - DIRECT - IDCW,Aditya Birla Sun Life Mutual Fund,Open Ended Schemes,Debt Scheme - Banking and PSU Fund,INF209KA12Z1,INF209KA13Z9,nav_119551_20260625.csv,120.0964,0.0519999999999925,0.0432985501646947
119551,2015-07-13,119.9544,Aditya Birla Sun Life Banking & PSU Debt Fund - DIRECT - IDCW,Aditya Birla Sun Life Mutual Fund,Open Ended Schemes,Debt Scheme - Banking and PSU Fund,INF209KA12Z1,INF209KA13Z9,nav_119551_20260625.csv,120.1484,-0.1939999999999884,-0.1614669858275169
119551,2015-07-14,120.0999,Aditya Birla Sun Life Banking & PSU Debt Fund - DIRECT - IDCW,Aditya Birla Sun Life Mutual Fund,Open Ended Schemes,Debt Scheme - Banking and PSU Fund,INF209KA12Z1,INF209KA13Z9,nav_119551_20260625.csv,119.9544,0.1454999999999984,0.1212960925151544
119551,2015-07-15,120.1371,Aditya Birla Sun Life Banking & PSU Debt Fund - DIRECT - IDCW,Aditya Birla Sun Life Mutual Fund,Open Ended Schemes,Debt Scheme - Banking and PSU Fund,INF209KA12Z1,INF209KA13Z9,nav_119551_20260625.csv,120.0999,0.0371999999999985,0.0309742139668713
119551,2015-07-16,120.1474,Aditya Birla Sun Life Banking & PSU Debt Fund - DIRECT - IDCW,Aditya Birla Sun Life Mutual Fund,Open Ended Schemes,Debt Scheme - Banking and PSU Fund,INF209KA12Z1,INF209KA13Z9,nav_119551_20260625.csv,120.1371,0.0103000000000008,0.0085735380660935
119551,2015-07-17,120.1974,Aditya Birla Sun Life Banking & PSU Debt Fund - DIRECT - IDCW,Aditya Birla Sun Life Mutual Fund,Open Ended Schemes,Debt Scheme - Banking and PSU Fund,INF209KA12Z1,INF209KA13Z9,nav_119551_20260625.csv,120.1474,0.0499999999999971,0.0416155489007645
119551,2015-07-20,120.227,Aditya Birla Sun Life Banking & PSU Debt Fund - DIRECT - IDCW,Aditya Birla Sun Life Mutual Fund,Open Ended Schemes,Debt Scheme - Banking and PSU Fund,INF209KA12Z1,INF209KA13Z9,nav_119551_20260625.csv,120.1974,0.029600000000002,0.0246261566389972
119551,2015-07-21,120.2742,Aditya Birla Sun Life Banking & PSU Debt Fund - DIRECT - IDCW,Aditya Birla Sun Life Mutual Fund,Open Ended Schemes,Debt Scheme - Banking and PSU Fund,INF209KA12Z1,INF209KA13Z9,nav_119551_20260625.csv,120.227,0.0471999999999894,0.0392590682625279
119551,2015-07-22,120.3286,Aditya Birla Sun Life Banking & PSU Debt Fund - DIRECT - IDCW,Aditya Birla Sun Life Mutual Fund,Open Ended Schemes,Debt Scheme - Banking and PSU Fund,INF209KA12Z1,INF209KA13Z9,nav_119551_20260625.csv,120.2742,0.0544000000000011,0.0452299828225846
119551,2015-07-23,120.4142,Aditya Birla Sun Life Banking & PSU Debt Fund - DIRECT - IDCW,Aditya Birla Sun Life Mutual Fund,Open Ended Schemes,Debt Scheme - Banking and PSU Fund,INF209KA12Z1,INF209KA13Z9,nav_119551_20260625.csv,120.3286,0.0855999999999994,0.0711385323189993
119551,2015-07-24,120.411,Aditya Birla Sun Life Banking & PSU Debt Fund - DIRECT - IDCW,Aditya Birla Sun Life Mutual Fund,Open Ended Schemes,Debt Scheme - Banking and PSU Fund,INF209KA12Z1,INF209KA13Z9,nav_119551_20260625.csv,120.4142,-0.0031999999999925,-0.0026574938836055
119551,2015-07-27,120.5074,Aditya Birla Sun Life Banking & PSU Debt Fund - DIRECT - IDCW,Aditya Birla Sun Life Mutual Fund,Open Ended Schemes,Debt Scheme - Banking and PSU Fund,INF209KA12Z1,INF209KA13Z9,nav_119551_20260625.csv,120.411,0.0964000000000027,0.0800591308103102
119551,2015-07-28,120.7053,Aditya Birla Sun Life Banking & PSU Debt Fund - DIRECT - IDCW,Aditya Birla Sun Life Mutual Fund,Open Ended Schemes,Debt Scheme - Banking and PSU Fund,INF209KA12Z1,INF209KA13Z9,nav_119551_20260625.csv,120.5074,0.1978999999999899,0.1642222801255275
119551,2015-07-29,120.7768,Aditya Birla Sun Life Banking & PSU Debt Fund - DIRECT - IDCW,Aditya Birla Sun Life Mutual Fund,Open Ended Schemes,Debt Scheme - Banking and PSU Fund,INF209KA12Z1,INF209KA13Z9,nav_119551_20260625.csv,120.7053,0.0715000000000003,0.0592351785712809
119551,2015-07-30,120.7773,Aditya Birla Sun Life Banking & PSU Debt Fund - DIRECT - IDCW,Aditya Birla Sun Life Mutual Fund,Open Ended Schemes,Debt Scheme - Banking and PSU Fund,INF209KA12Z1,INF209KA13Z9,nav_119551_20260625.csv,120.7768,0.0005000000000023,0.0004139867921673
119551,2015-07-31,120.858,Aditya Birla Sun Life Banking & PSU Debt Fund - DIRECT - IDCW,Aditya Birla Sun Life Mutual Fund,Open Ended Schemes,Debt Scheme - Banking and PSU Fund,INF209KA12Z1,INF209KA13Z9,nav_119551_20260625.csv,120.7773,0.0807000000000073,0.0668171916411505
119551,2015-08-03,120.9192,Aditya Birla Sun Life Banking & PSU Debt Fund - DIRECT - IDCW,Aditya Birla Sun Life Mutual Fund,Open Ended Schemes,Debt Scheme - Banking and PSU Fund,INF209KA12Z1,INF209KA13Z9,nav_119551_20260625.csv,120.858,0.0611999999999994,0.0506379387380227
119551,2015-08-04,120.8481,Aditya Birla Sun Life Banking & PSU Debt Fund - DIRECT - IDCW,Aditya Birla Sun Life Mutual Fund,Open Ended Schemes,Debt Scheme - Banking and PSU Fund,INF209KA12Z1,INF209KA13Z9,nav_119551_20260625.csv,120.9192,-0.0711000000000012,-0.0587995951015233
119551,2015-08-05,120.864,Aditya Birla Sun Life Banking & PSU Debt Fund - DIRECT - IDCW,Aditya Birla Sun Life Mutual Fund,Open Ended Schemes,Debt Scheme - Banking and PSU Fund,INF209KA12Z1,INF209KA13Z9,nav_119551_20260625.csv,120.8481,0.015900000000002,0.0131570128119532
119551,2015-08-06,120.9792,Aditya Birla Sun Life Banking & PSU Debt Fund - DIRECT - IDCW,Aditya Birla Sun Life Mutual Fund,Open Ended Schemes,Debt Scheme - Banking and PSU Fund,INF209KA12Z1,INF209KA13Z9,nav_119551_20260625.csv,120.864,0.1152000000000015,0.095313741064338
119551,2015-08-07,120.9962,Aditya Birla Sun Life Banking & PSU Debt Fund - DIRECT - IDCW,Aditya Birla Sun Life Mutual Fund,Open Ended Schemes,Debt Scheme - Banking and PSU Fund,INF209KA12Z1,INF209KA13Z9,nav_119551_20260625.csv,120.9792,0.0169999999999959,0.0140520023276694
119551,2015-08-10,121.1234,Aditya Birla Sun Life Banking & PSU Debt Fund - DIRECT - IDCW,Aditya Birla Sun Life Mutual Fund,Open Ended Schemes,Debt Scheme - Banking and PSU Fund,INF209KA12Z1,INF209KA13Z9,nav_119551_20260625.csv,120.9962,0.1272000000000019,0.1051272684596722
119551,2015-08-11,121.1502,Aditya Birla Sun Life Banking & PSU Debt Fund - DIRECT - IDCW,Aditya Birla Sun Life Mutual Fund,Open Ended Schemes,Debt Scheme - Banking and PSU Fund,INF209KA12Z1,INF209KA13Z9,nav_119551_20260625.csv,121.1234,0.0267999999999943,0.0221261952686222
119551,2015-08-12,121.1846,Aditya Birla Sun Life Banking & PSU Debt Fund - DIRECT - IDCW,Aditya Birla Sun Life Mutual Fund,Open Ended Schemes,Debt Scheme - Banking and PSU Fund,INF209KA12Z1,INF209KA13Z9,nav_119551_20260625.csv,121.1502,0.034400000000005,0.0283945053330535
119551,2015-08-13,121.3935,Aditya Birla Sun Life Banking & PSU Debt Fund - DIRECT - IDCW,Aditya Birla Sun Life Mutual Fund,Open Ended Schemes,Debt Scheme - Banking and PSU Fund,INF209KA12Z1,INF209KA13Z9,nav_119551_20260625.csv,121.1846,0.2088999999999998,0.1723816392511918
119551,2015-08-14,121.4723,Aditya Birla Sun Life Banking & PSU Debt Fund - DIRECT - IDCW,Aditya Birla Sun Life Mutual Fund,Open Ended Schemes,Debt Scheme - Banking and PSU Fund,INF209KA12Z1,INF209KA13Z9,nav_119551_20260625.csv,121.3935,0.078800000000001,0.064912866010125
119551,2015-08-17,121.5407,Aditya Birla Sun Life Banking & PSU Debt Fund - DIRECT - IDCW,Aditya Birla Sun Life Mutual Fund,Open Ended Schemes,Debt Scheme - Banking and PSU Fund,INF209KA12Z1,INF209KA13Z9,nav_119551_20260625.csv,121.4723,0.0683999999999969,0.0563091338519126
119551,2015-08-19,121.6068,Aditya Birla Sun Life Banking & PSU Debt Fund - DIRECT - IDCW,Aditya Birla Sun Life Mutual Fund,Open Ended Schemes,Debt Scheme - Banking and PSU Fund,INF209KA12Z1,INF209KA13Z9,nav_119551_20260625.csv,121.5407,0.0661000000000058,0.0543850743002186
119551,2015-08-20,121.6568,Aditya Birla Sun Life Banking & PSU Debt Fund - DIRECT - IDCW,Aditya Birla Sun Life Mutual Fund,Open Ended Schemes,Debt Scheme - Banking and PSU Fund,INF209KA12Z1,INF209KA13Z9,nav_119551_20260625.csv,121.6068,0.0499999999999971,0.0411161217958182
119551,2015-08-21,121.5475,Aditya Birla Sun Life Banking & PSU Debt Fund - DIRECT - IDCW,Aditya Birla Sun Life Mutual Fund,Open Ended Schemes,Debt Scheme - Banking and PSU Fund,INF209KA12Z1,INF209KA13Z9,nav_119551_20260625.csv,121.6568,-0.1093000000000046,-0.0898429023285213
119551,2015-08-24,121.2877,Aditya Birla Sun Life Banking & PSU Debt Fund - DIRECT - IDCW,Aditya Birla Sun Life Mutual Fund,Open Ended Schemes,Debt Scheme - Banking and PSU Fund,INF209KA12Z1,INF209KA13Z9,nav_119551_20260625.csv,121.5475,-0.2597999999999985,-0.2137435981817795
119551,2015-08-25,121.4763,Aditya Birla Sun Life Banking & PSU Debt Fund - DIRECT - IDCW,Aditya Birla Sun Life Mutual Fund,Open Ended Schemes,Debt Scheme - Banking and PSU Fund,INF209KA12Z1,INF209KA13Z9,nav_119551_20260625.csv,121.2877,0.1885999999999938,0.1554980430826818
119551,2015-08-26,121.5738,Aditya Birla Sun Life Banking & PSU Debt Fund - DIRECT - IDCW,Aditya Birla Sun Life Mutual Fund,Open Ended Schemes,Debt Scheme - Banking and PSU Fund,INF209KA12Z1,INF209KA13Z9,nav_119551_20260625.csv,121.4763,0.0975000000000108,0.0802625697358339
119551,2015-08-27,121.6848,Aditya Birla Sun Life Banking & PSU Debt Fund - DIRECT - IDCW,Aditya Birla Sun Life Mutual Fund,Open Ended Schemes,Debt Scheme - Banking and PSU Fund,INF209KA12Z1,INF209KA13Z9,nav_119551_20260625.csv,121.5738,0.11099999999999,0.0913025668359383
119551,2015-08-28,121.688,Aditya Birla Sun Life Banking & PSU Debt Fund - DIRECT - IDCW,Aditya Birla Sun Life Mutual Fund,Open Ended Schemes,Debt Scheme - Banking and PSU Fund,INF209KA12Z1,INF209KA13Z9,nav_119551_20260625.csv,121.6848,0.0032000000000067,0.0026297450462233
119551,2015-08-31,121.7255,Aditya Birla Sun Life Banking & PSU Debt Fund - DIRECT - IDCW,Aditya Birla Sun Life Mutual Fund,Open Ended Schemes,Debt Scheme - Banking and PSU Fund,INF209KA12Z1,INF209KA13Z9,nav_119551_20260625.csv,121.688,0.0374999999999943,0.0308165143645998
119551,2015-09-01,121.8545,Aditya Birla Sun Life Banking & PSU Debt Fund - DIRECT - IDCW,Aditya Birla Sun Life Mutual Fund,Open Ended Schemes,Debt Scheme - Banking and PSU Fund,INF209KA12Z1,INF209KA13Z9,nav_119551_20260625.csv,121.7255,0.1290000000000049,0.1059761512583681
119551,2015-09-02,121.8592,Aditya Birla Sun Life Banking & PSU Debt Fund - DIRECT - IDCW,Aditya Birla Sun Life Mutual Fund,Open Ended Schemes,Debt Scheme - Banking and PSU Fund,INF209KA12Z1,INF209KA13Z9,nav_119551_20260625.csv,121.8545,0.0046999999999997,0.0038570590335192
119551,2015-09-03,121.8344,Aditya Birla Sun Life Banking & PSU Debt Fund - DIRECT - IDCW,Aditya Birla Sun Life Mutual Fund,Open Ended Schemes,Debt Scheme - Banking and PSU Fund,INF209KA12Z1,INF209KA13Z9,nav_119551_20260625.csv,121.8592,-0.024799999999999,-0.0203513563194236
119551,2015-09-04,121.7976,Aditya Birla Sun Life Banking & PSU Debt Fund - DIRECT - IDCW,Aditya Birla Sun Life Mutual Fund,Open Ended Schemes,Debt Scheme - Banking and PSU Fund,INF209KA12Z1,INF209KA13Z9,nav_119551_20260625.csv,121.8344,-0.0367999999999995,-0.0302049339102909
119551,2015-09-07,121.7402,Aditya Birla Sun Life Banking & PSU Debt Fund - DIRECT - IDCW,Aditya Birla Sun Life Mutual Fund,Open Ended Schemes,Debt Scheme - Banking and PSU Fund,INF209KA12Z1,INF209KA13Z9,nav_119551_20260625.csv,121.7976,-0.0574000000000012,-0.0471273653996476
119551,2015-09-08,121.8281,Aditya Birla Sun Life Banking & PSU Debt Fund - DIRECT - IDCW,Aditya Birla Sun Life Mutual Fund,Open Ended Schemes,Debt Scheme - Banking and PSU Fund,INF209KA12Z1,INF209KA13Z9,nav_119551_20260625.csv,121.7402,0.0879000000000047,0.0722029370741996
119551,2015-09-09,121.8833,Aditya Birla Sun Life Banking & PSU Debt Fund - DIRECT - IDCW,Aditya Birla Sun Life Mutual Fund,Open Ended Schemes,Debt Scheme - Banking and PSU Fund,INF209KA12Z1,INF209KA13Z9,nav_119551_20260625.csv,121.8281,0.0551999999999992,0.0453097438111562
119551,2015-09-10,121.8109,Aditya Birla Sun Life Banking & PSU Debt Fund - DIRECT - IDCW,Aditya Birla Sun Life Mutual Fund,Open Ended Schemes,Debt Scheme - Banking and PSU Fund,INF209KA12Z1,INF209KA13Z9,nav_119551_20260625.csv,121.8833,-0.0724000000000018,-0.0594010828390778
119551,2015-09-11,121.8402,Aditya Birla Sun Life Banking & PSU Debt Fund - DIRECT - IDCW,Aditya Birla Sun Life Mutual Fund,Open Ended Schemes,Debt Scheme - Banking and PSU Fund,INF209KA12Z1,INF209KA13Z9,nav_119551_20260625.csv,121.8109,0.0292999999999921,0.0240536766414106
119551,2015-09-14,121.9531,Aditya Birla Sun Life Banking & PSU Debt Fund - DIRECT - IDCW,Aditya Birla Sun Life Mutual Fund,Open Ended Schemes,Debt Scheme - Banking and PSU Fund,INF209KA12Z1,INF209KA13Z9,nav_119551_20260625.csv,121.8402,0.1129000000000104,0.09266235610251
119551,2015-09-15,121.9858,Aditya Birla Sun Life Banking & PSU Debt Fund - DIRECT - IDCW,Aditya Birla Sun Life Mutual Fund,Open Ended Schemes,Debt Scheme - Banking and PSU Fund,INF209KA12Z1,INF209KA13Z9,nav_119551_20260625.csv,121.9531,0.0326999999999912,0.0268135865344884
119551,2015-09-16,121.9789,Aditya Birla Sun Life Banking & PSU Debt Fund - DIRECT - IDCW,Aditya Birla Sun Life Mutual Fund,Open Ended Schemes,Debt Scheme - Banking and PSU Fund,INF209KA12Z1,INF209KA13Z9,nav_119551_20260625.csv,121.9858,-0.0069000000000016,-0.0056563960723311
119551,2015-09-18,122.2648,Aditya Birla Sun Life Banking & PSU Debt Fund - DIRECT - IDCW,Aditya Birla Sun Life Mutual Fund,Open Ended Schemes,Debt Scheme - Banking and PSU Fund,INF209KA12Z1,INF209KA13Z9,nav_119551_20260625.csv,121.9789,0.285899999999998,0.2343847993382446
119551,2015-09-21,122.338,Aditya Birla Sun Life Banking & PSU Debt Fund - DIRECT - IDCW,Aditya Birla Sun Life Mutual Fund,Open Ended Schemes,Debt Scheme - Banking and PSU Fund,INF209KA12Z1,INF209KA13Z9,nav_119551_20260625.csv,122.2648,0.0731999999999999,0.0598700525416963
119551,2015-09-22,122.3174,Aditya Birla Sun Life Banking & PSU Debt Fund - DIRECT - IDCW,Aditya Birla Sun Life Mutual Fund,Open Ended Schemes,Debt Scheme - Banking and PSU Fund,INF209KA12Z1,INF209KA13Z9,nav_119551_20260625.csv,122.338,-0.0205999999999875,-0.016838594712998
119551,2015-09-23,122.3206,Aditya Birla Sun Life Banking & PSU Debt Fund - DIRECT - IDCW,Aditya Birla Sun Life Mutual Fund,Open Ended Schemes,Debt Scheme - Banking and PSU Fund,INF209KA12Z1,INF209KA13Z9,nav_119551_20260625.csv,122.3174,0.0031999999999925,0.0026161445550612
119551,2015-09-24,122.3672,Aditya Birla Sun Life Banking & PSU Debt Fund - DIRECT - IDCW,Aditya Birla Sun Life Mutual Fund,Open Ended Schemes,Debt Scheme - Banking and PSU Fund,INF209KA12Z1,INF209KA13Z9,nav_119551_20260625.csv,122.3206,0.0465999999999979,0.0380966084208203
119551,2015-09-28,122.4558,Aditya Birla Sun Life Banking & PSU Debt Fund - DIRECT - IDCW,Aditya Birla Sun Life Mutual Fund,Open Ended Schemes,Debt Scheme - Banking and PSU Fund,INF209KA12Z1,INF209KA13Z9,nav_119551_20260625.csv,122.3672,0.0885999999999995,0.0724050235684068
119551,2015-09-29,123.1053,Aditya Birla Sun Life Banking & PSU Debt Fund - DIRECT - IDCW,Aditya Birla Sun Life Mutual Fund,Open Ended Schemes,Debt Scheme - Banking and PSU Fund,INF209KA12Z1,INF209KA13Z9,nav_119551_20260625.csv,122.4558,0.6495000000000033,0.5303954569730494
119551,2015-09-30,123.4889,Aditya Birla Sun Life Banking & PSU Debt Fund - DIRECT - IDCW,Aditya Birla Sun Life Mutual Fund,Open Ended Schemes,Debt Scheme - Banking and PSU Fund,INF209KA12Z1,INF209KA13Z9,nav_119551_20260625.csv,123.1053,0.3836000000000013,0.3116031559973464
119551,2015-10-01,123.4236,Aditya Birla Sun Life Banking & PSU Debt Fund - DIRECT - IDCW,Aditya Birla Sun Life Mutual Fund,Open Ended Schemes,Debt Scheme - Banking and PSU Fund,INF209KA12Z1,INF209KA13Z9,nav_119551_20260625.csv,123.4889,-0.0653000000000076,-0.0528792466367484
119551,2015-10-05,123.7102,Aditya Birla Sun Life Banking & PSU Debt Fund - DIRECT - IDCW,Aditya Birla Sun Life Mutual Fund,Open Ended Schemes,Debt Scheme - Banking and PSU Fund,INF209KA12Z1,INF209KA13Z9,nav_119551_20260625.csv,123.4236,0.286600000000007,0.2322084269134971
119551,2015-10-06,123.7049,Aditya Birla Sun Life Banking & PSU Debt Fund - DIRECT - IDCW,Aditya Birla Sun Life Mutual Fund,Open Ended Schemes,Debt Scheme - Banking and PSU Fund,INF209KA12Z1,INF209KA13Z9,nav_119551_20260625.csv,123.7102,-0.0053000000000054,-0.004284206152771
119551,2015-10-07,123.6703,Aditya Birla Sun Life Banking & PSU Debt Fund - DIRECT - IDCW,Aditya Birla Sun Life Mutual Fund,Open Ended Schemes,Debt Scheme - Banking and PSU Fund,INF209KA12Z1,INF209KA13Z9,nav_119551_20260625.csv,123.7049,-0.0345999999999975,-0.0279697893939508
119551,2015-10-08,123.7508,Aditya Birla Sun Life Banking & PSU Debt Fund - DIRECT - IDCW,Aditya Birla Sun Life Mutual Fund,Open Ended Schemes,Debt Scheme - Banking and PSU Fund,INF209KA12Z1,INF209KA13Z9,nav_119551_20260625.csv,123.6703,0.0805000000000006,0.0650924272036218
119551,2015-10-09,123.8076,Aditya Birla Sun Life Banking & PSU Debt Fund - DIRECT - IDCW,Aditya Birla Sun Life Mutual Fund,Open Ended Schemes,Debt Scheme - Banking and PSU Fund,INF209KA12Z1,INF209KA13Z9,nav_119551_20260625.csv,123.7508,0.0567999999999955,0.0458986931801616
119551,2015-10-12,123.7532,Aditya Birla Sun Life Banking & PSU Debt Fund - DIRECT - IDCW,Aditya Birla Sun Life Mutual Fund,Open Ended Schemes,Debt Scheme - Banking and PSU Fund,INF209KA12Z1,INF209KA13Z9,nav_119551_20260625.csv,123.8076,-0.0543999999999869,-0.0439391442851544
119551,2015-10-13,123.7951,Aditya Birla Sun Life Banking & PSU Debt Fund - DIRECT - IDCW,Aditya Birla Sun Life Mutual Fund,Open Ended Schemes,Debt Scheme - Banking and PSU Fund,INF209KA12Z1,INF209KA13Z9,nav_119551_20260625.csv,123.7532,0.0418999999999982,0.0338577103460745
119551,2015-10-14,123.8612,Aditya Birla Sun Life Banking & PSU Debt Fund - DIRECT - IDCW,Aditya Birla Sun Life Mutual Fund,Open Ended Schemes,Debt Scheme - Banking and PSU Fund,INF209KA12Z1,INF209KA13Z9,nav_119551_20260625.csv,123.7951,0.0660999999999916,0.0533946820189099
119551,2015-10-15,123.9272,Aditya Birla Sun Life Banking & PSU Debt Fund - DIRECT - IDCW,Aditya Birla Sun Life Mutual Fund,Open Ended Schemes,Debt Scheme - Banking and PSU Fund,INF209KA12Z1,INF209KA13Z9,nav_119551_20260625.csv,123.8612,0.0660000000000025,0.0532854517798975
119551,2015-10-16,123.9423,Aditya Birla Sun Life Banking & PSU Debt Fund - DIRECT - IDCW,Aditya Birla Sun Life Mutual Fund,Open Ended Schemes,Debt Scheme - Banking and PSU Fund,INF209KA12Z1,INF209KA13Z9,nav_119551_20260625.csv,123.9272,0.0151000000000038,0.0121845728782736
119551,2015-10-19,124.0158,Aditya Birla Sun Life Banking & PSU Debt Fund - DIRECT - IDCW,Aditya Birla Sun Life Mutual Fund,Open Ended Schemes,Debt Scheme - Banking and PSU Fund,INF209KA12Z1,INF209KA13Z9,nav_119551_20260625.csv,123.9423,0.0734999999999956,0.059301788009417
119551,2015-10-20,124.0561,Aditya Birla Sun Life Banking & PSU Debt Fund - DIRECT - IDCW,Aditya Birla Sun Life Mutual Fund,Open Ended Schemes,Debt Scheme - Banking and PSU Fund,INF209KA12Z1,INF209KA13Z9,nav_119551_20260625.csv,124.0158,0.040300000000002,0.0324958593985621
119551,2015-10-21,124.0459,Aditya Birla Sun Life Banking & PSU Debt Fund - DIRECT - IDCW,Aditya Birla Sun Life Mutual Fund,Open Ended Schemes,Debt Scheme - Banking and PSU Fund,INF209KA12Z1,INF209KA13Z9,nav_119551_20260625.csv,124.0561,-0.0101999999999975,-0.0082220866204866
119551,2015-10-23,124.1065,Aditya Birla Sun Life Banking & PSU Debt Fund - DIRECT - IDCW,Aditya Birla Sun Life Mutual Fund,Open Ended Schemes,Debt Scheme - Banking and PSU Fund,INF209KA12Z1,INF209KA13Z9,nav_119551_20260625.csv,124.0459,0.0605999999999937,0.0488528842952437
119551,2015-10-26,124.0884,Aditya Birla Sun Life Banking & PSU Debt Fund - DIRECT - IDCW,Aditya Birla Sun Life Mutual Fund,Open Ended Schemes,Debt Scheme - Banking and PSU Fund,INF209KA12Z1,INF209KA13Z9,nav_119551_20260625.csv,124.1065,-0.018100000000004,-0.0145842482061809
119551,2015-10-27,124.1443,Aditya Birla Sun Life Banking & PSU Debt Fund - DIRECT - IDCW,Aditya Birla Sun Life Mutual Fund,Open Ended Schemes,Debt Scheme - Banking and PSU Fund,INF209KA12Z1,INF209KA13Z9,nav_119551_20260625.csv,124.0884,0.0559000000000082,0.0450485299189999
119551,2015-10-28,124.2162,Aditya Birla Sun Life Banking & PSU Debt Fund - DIRECT - IDCW,Aditya Birla Sun Life Mutual Fund,Open Ended Schemes,Debt Scheme - Banking and PSU Fund,INF209KA12Z1,INF209KA13Z9,nav_119551_20260625.csv,124.1443,0.0718999999999994,0.0579164730076205
119551,2015-10-29,124.1596,Aditya Birla Sun Life Banking & PSU Debt Fund - DIRECT - IDCW,Aditya Birla Sun Life Mutual Fund,Open Ended Schemes,Debt Scheme - Banking and PSU Fund,INF209KA12Z1,INF209KA13Z9,nav_119551_20260625.csv,124.2162,-0.056600000000003,-0.0455657152609748
119551,2015-10-30,124.1571,Aditya Birla Sun Life Banking & PSU Debt Fund - DIRECT - IDCW,Aditya Birla Sun Life Mutual Fund,Open Ended Schemes,Debt Scheme - Banking and PSU Fund,INF209KA12Z1,INF209KA13Z9,nav_119551_20260625.csv,124.1596,-0.0024999999999977,-0.0020135374147449
119551,2015-11-02,124.2771,Aditya Birla Sun Life Banking & PSU Debt Fund - DIRECT - IDCW,Aditya Birla Sun Life Mutual Fund,Open Ended Schemes,Debt Scheme - Banking and PSU Fund,INF209KA12Z1,INF209KA13Z9,nav_119551_20260625.csv,124.1571,0.1200000000000045,0.096651742026839
119551,2015-11-03,124.2894,Aditya Birla Sun Life Banking & PSU Debt Fund - DIRECT - IDCW,Aditya Birla Sun Life Mutual Fund,Open Ended Schemes,Debt Scheme - Banking and PSU Fund,INF209KA12Z1,INF209KA13Z9,nav_119551_20260625.csv,124.2771,0.0122999999999962,0.009897237705093
119551,2015-11-04,124.2333,Aditya Birla Sun Life Banking & PSU Debt Fund - DIRECT - IDCW,Aditya Birla Sun Life Mutual Fund,Open Ended Schemes,Debt Scheme - Banking and PSU Fund,INF209KA12Z1,INF209KA13Z9,nav_119551_20260625.csv,124.2894,-0.0561000000000007,-0.0451365925010505
119551,2015-11-05,124.1902,Aditya Birla Sun Life Banking & PSU Debt Fund - DIRECT - IDCW,Aditya Birla Sun Life Mutual Fund,Open Ended Schemes,Debt Scheme - Banking and PSU Fund,INF209KA12Z1,INF209KA13Z9,nav_119551_20260625.csv,124.2333,-0.0430999999999954,-0.0346927917072117
119551,2015-11-06,124.1927,Aditya Birla Sun Life Banking & PSU Debt Fund - DIRECT - IDCW,Aditya Birla Sun Life Mutual Fund,Open Ended Schemes,Debt Scheme - Banking and PSU Fund,INF209KA12Z1,INF209KA13Z9,nav_119551_20260625.csv,124.1902,0.0024999999999977,0.0020130412866697
119551,2015-11-09,124.1346,Aditya Birla Sun Life Banking & PSU Debt Fund - DIRECT - IDCW,Aditya Birla Sun Life Mutual Fund,Open Ended Schemes,Debt Scheme - Banking and PSU Fund,INF209KA12Z1,INF209KA13Z9,nav_119551_20260625.csv,124.1927,-0.058099999999996,-0.0467821377584963
119551,2015-11-10,124.236,Aditya Birla Sun Life Banking & PSU Debt Fund - DIRECT - IDCW,Aditya Birla Sun Life Mutual Fund,Open Ended Schemes,Debt Scheme - Banking and PSU Fund,INF209KA12Z1,INF209KA13Z9,nav_119551_20260625.csv,124.1346,0.1013999999999981,0.0816855252282588
119551,2015-11-13,124.4146,Aditya Birla Sun Life Banking & PSU Debt Fund - DIRECT - IDCW,Aditya Birla Sun Life Mutual Fund,Open Ended Schemes,Debt Scheme - Banking and PSU Fund,INF209KA12Z1,INF209KA13Z9,nav_119551_20260625.csv,124.236,0.1785999999999887,0.1437586528864328
119551,2015-11-16,124.5039,Aditya Birla Sun Life Banking & PSU Debt Fund - DIRECT - IDCW,Aditya Birla Sun Life Mutual Fund,Open Ended Schemes,Debt Scheme - Banking and PSU Fund,INF209KA12Z1,INF209KA13Z9,nav_119551_20260625.csv,124.4146,0.0893000000000086,0.071776142028354
119551,2015-11-17,124.471,Aditya Birla Sun Life Banking & PSU Debt Fund - DIRECT - IDCW,Aditya Birla Sun Life Mutual Fund,Open Ended Schemes,Debt Scheme - Banking and PSU Fund,INF209KA12Z1,INF209KA13Z9,nav_119551_20260625.csv,124.5039,-0.0328999999999979,-0.0264248750440732
119551,2015-11-18,124.4731,Aditya Birla Sun Life Banking & PSU Debt Fund - DIRECT - IDCW,Aditya Birla Sun Life Mutual Fund,Open Ended Schemes,Debt Scheme - Banking and PSU Fund,INF209KA12Z1,INF209KA13Z9,nav_119551_20260625.csv,124.471,0.0020999999999986,0.0016871399763789
119551,2015-11-19,124.5005,Aditya Birla Sun Life Banking & PSU Debt Fund - DIRECT - IDCW,Aditya Birla Sun Life Mutual Fund,Open Ended Schemes,Debt Scheme - Banking and PSU Fund,INF209KA12Z1,INF209KA13Z9,nav_119551_20260625.csv,124.4731,0.0274,0.0220127883052644
119551,2015-11-20,124.4288,Aditya Birla Sun Life Banking & PSU Debt Fund - DIRECT - IDCW,Aditya Birla Sun Life Mutual Fund,Open Ended Schemes,Debt Scheme - Banking and PSU Fund,INF209KA12Z1,INF209KA13Z9,nav_119551_20260625.csv,124.5005,-0.0717000000000069,-0.0575901301601254
119551,2015-11-23,124.4523,Aditya Birla Sun Life Banking & PSU Debt Fund - DIRECT - IDCW,Aditya Birla Sun Life Mutual Fund,Open Ended Schemes,Debt Scheme - Banking and PSU Fund,INF209KA12Z1,INF209KA13Z9,nav_119551_20260625.csv,124.4288,0.0234999999999985,0.0188863028494998
119551,2015-11-24,124.5215,Aditya Birla Sun Life Banking & PSU Debt Fund - DIRECT - IDCW,Aditya Birla Sun Life Mutual Fund,Open Ended Schemes,Debt Scheme - Banking and PSU Fund,INF209KA12Z1,INF209KA13Z9,nav_119551_20260625.csv,124.4523,0.0692000000000092,0.0556036328778248
119551,2015-11-26,124.5172,Aditya Birla Sun Life Banking & PSU Debt Fund - DIRECT - IDCW,Aditya Birla Sun Life Mutual Fund,Open Ended Schemes,Debt Scheme - Banking and PSU Fund,INF209KA12Z1,INF209KA13Z9,nav_119551_20260625.csv,124.5215,-0.0043000000000006,-0.003453218922034
119551,2015-11-27,124.423,Aditya Birla Sun Life Banking & PSU Debt Fund - DIRECT - IDCW,Aditya Birla Sun Life Mutual Fund,Open Ended Schemes,Debt Scheme - Banking and PSU Fund,INF209KA12Z1,INF209KA13Z9,nav_119551_20260625.csv,124.5172,-0.0942000000000007,-0.0756521990536253
119551,2015-11-30,124.4419,Aditya Birla Sun Life Banking & PSU Debt Fund - DIRECT - IDCW,Aditya Birla Sun Life Mutual Fund,Open Ended Schemes,Debt Scheme - Banking and PSU Fund,INF209KA12Z1,INF209KA13Z9,nav_119551_20260625.csv,124.423,0.0189000000000021,0.0151901175827637
119551,2015-12-01,124.6288,Aditya Birla Sun Life Banking & PSU Debt Fund - DIRECT - IDCW,Aditya Birla Sun Life Mutual Fund,Open Ended Schemes,Debt Scheme - Banking and PSU Fund,INF209KA12Z1,INF209KA13Z9,nav_119551_20260625.csv,124.4419,0.1868999999999943,0.1501905708607746
119551,2015-12-02,124.6293,Aditya Birla Sun Life Banking & PSU Debt Fund - DIRECT - IDCW,Aditya Birla Sun Life Mutual Fund,Open Ended Schemes,Debt Scheme - Banking and PSU Fund,INF209KA12Z1,INF209KA13Z9,nav_119551_20260625.csv,124.6288,0.0005000000000023,0.0004011913779177
119551,2015-12-03,124.7928,Aditya Birla Sun Life Banking & PSU Debt Fund - DIRECT - IDCW,Aditya Birla Sun Life Mutual Fund,Open Ended Schemes,Debt Scheme - Banking and PSU Fund,INF209KA12Z1,INF209KA13Z9,nav_119551_20260625.csv,124.6293,0.1634999999999991,0.1311890542593106
119551,2015-12-04,124.672,Aditya Birla Sun Life Banking & PSU Debt Fund - DIRECT - IDCW,Aditya Birla Sun Life Mutual Fund,Open Ended Schemes,Debt Scheme - Banking and PSU Fund,INF209KA12Z1,INF209KA13Z9,nav_119551_20260625.csv,124.7928,-0.1208000000000026,-0.0968004564365914
119551,2015-12-07,124.7185,Aditya Birla Sun Life Banking & PSU Debt Fund - DIRECT - IDCW,Aditya Birla Sun Life Mutual Fund,Open Ended Schemes,Debt Scheme - Banking and PSU Fund,INF209KA12Z1,INF209KA13Z9,nav_119551_20260625.csv,124.672,0.0465000000000088,0.0372978696098633
119551,2015-12-08,124.6356,Aditya Birla Sun Life Banking & PSU Debt Fund - DIRECT - IDCW,Aditya Birla Sun Life Mutual Fund,Open Ended Schemes,Debt Scheme - Banking and PSU Fund,INF209KA12Z1,INF209KA13Z9,nav_119551_20260625.csv,124.7185,-0.0829000000000093,-0.0664696897413048
119551,2015-12-09,124.6578,Aditya Birla Sun Life Banking & PSU Debt Fund - DIRECT - IDCW,Aditya Birla Sun Life Mutual Fund,Open Ended Schemes,Debt Scheme - Banking and PSU Fund,INF209KA12Z1,INF209KA13Z9,nav_119551_20260625.csv,124.6356,0.022199999999998,0.0178119253247049
119551,2015-12-10,124.6787,Aditya Birla Sun Life Banking & PSU Debt Fund - DIRECT - IDCW,Aditya Birla Sun Life Mutual Fund,Open Ended Schemes,Debt Scheme - Banking and PSU Fund,INF209KA12Z1,INF209KA13Z9,nav_119551_20260625.csv,124.6578,0.0209000000000116,0.0167658983232591
119551,2015-12-11,124.7011,Aditya Birla Sun Life Banking & PSU Debt Fund - DIRECT - IDCW,Aditya Birla Sun Life Mutual Fund,Open Ended Schemes,Debt Scheme - Banking and PSU Fund,INF209KA12Z1,INF209KA13Z9,nav_119551_20260625.csv,124.6787,0.0223999999999904,0.0179661802697577
119551,2015-12-14,124.6657,Aditya Birla Sun Life Banking & PSU Debt Fund - DIRECT - IDCW,Aditya Birla Sun Life Mutual Fund,Open Ended Schemes,Debt Scheme - Banking and PSU Fund,INF209KA12Z1,INF209KA13Z9,nav_119551_20260625.csv,124.7011,-0.0353999999999956,-0.0283878811012859
119551,2015-12-15,124.6736,Aditya Birla Sun Life Banking & PSU Debt Fund - DIRECT - IDCW,Aditya Birla Sun Life Mutual Fund,Open Ended Schemes,Debt Scheme - Banking and PSU Fund,INF209KA12Z1,INF209KA13Z9,nav_119551_20260625.csv,124.6657,0.0078999999999922,0.0063369475324746
119551,2015-12-16,124.852,Aditya Birla Sun Life Banking & PSU Debt Fund - DIRECT - IDCW,Aditya Birla Sun Life Mutual Fund,Open Ended Schemes,Debt Scheme - Banking and PSU Fund,INF209KA12Z1,INF209KA13Z9,nav_119551_20260625.csv,124.6736,0.1784000000000105,0.1430936461287799
119551,2015-12-17,124.9378,Aditya Birla Sun Life Banking & PSU Debt Fund - DIRECT - IDCW,Aditya Birla Sun Life Mutual Fund,Open Ended Schemes,Debt Scheme - Banking and PSU Fund,INF209KA12Z1,INF209KA13Z9,nav_119551_20260625.csv,124.852,0.0857999999999918,0.0687213660974528
119551,2015-12-18,124.8784,Aditya Birla Sun Life Banking & PSU Debt Fund - DIRECT - IDCW,Aditya Birla Sun Life Mutual Fund,Open Ended Schemes,Debt Scheme - Banking and PSU Fund,INF209KA12Z1,INF209KA13Z9,nav_119551_20260625.csv,124.9378,-0.0593999999999965,-0.0475436577240807
119551,2015-12-21,124.826,Aditya Birla Sun Life Banking & PSU Debt Fund - DIRECT - IDCW,Aditya Birla Sun Life Mutual Fund,Open Ended Schemes,Debt Scheme - Banking and PSU Fund,INF209KA12Z1,INF209KA13Z9,nav_119551_20260625.csv,124.8784,-0.0524000000000057,-0.0419608194851998
119551,2015-12-22,124.8958,Aditya Birla Sun Life Banking & PSU Debt Fund - DIRECT - IDCW,Aditya Birla Sun Life Mutual Fund,Open Ended Schemes,Debt Scheme - Banking and PSU Fund,INF209KA12Z1,INF209KA13Z9,nav_119551_20260625.csv,124.826,0.0698000000000007,0.0559178376299815
119551,2015-12-23,125.0151,Aditya Birla Sun Life Banking & PSU Debt Fund - DIRECT - IDCW,Aditya Birla Sun Life Mutual Fund,Open Ended Schemes,Debt Scheme - Banking and PSU Fund,INF209KA12Z1,INF209KA13Z9,nav_119551_20260625.csv,124.8958,0.1193000000000097,0.0955196251595408
119551,2015-12-28,125.1004,Aditya Birla Sun Life Banking & PSU Debt Fund - DIRECT - IDCW,Aditya Birla Sun Life Mutual Fund,Open Ended Schemes,Debt Scheme - Banking and PSU Fund,INF209KA12Z1,INF209KA13Z9,nav_119551_20260625.csv,125.0151,0.0852999999999895,0.068231757603673
119551,2015-12-29,125.097,Aditya Birla Sun Life Banking & PSU Debt Fund - DIRECT - IDCW,Aditya Birla Sun Life Mutual Fund,Open Ended Schemes,Debt Scheme - Banking and PSU Fund,INF209KA12Z1,INF209KA13Z9,nav_119551_20260625.csv,125.1004,-0.0033999999999991,-0.0027178170493453
119551,2015-12-30,125.18,Aditya Birla Sun Life Banking & PSU Debt Fund - DIRECT - IDCW,Aditya Birla Sun Life Mutual Fund,Open Ended Schemes,Debt Scheme - Banking and PSU Fund,INF209KA12Z1,INF209KA13Z9,nav_119551_20260625.csv,125.097,0.0830000000000126,0.0663485135534925
119551,2015-12-31,125.202,Aditya Birla Sun Life Banking & PSU Debt Fund - DIRECT - IDCW,Aditya Birla Sun Life Mutual Fund,Open Ended Schemes,Debt Scheme - Banking and PSU Fund,INF209KA12Z1,INF209KA13Z9,nav_119551_20260625.csv,125.18,0.0219999999999913,0.0175746924428753
119551,2016-01-01,125.3359,Aditya Birla Sun Life Banking & PSU Debt Fund - DIRECT - IDCW,Aditya Birla Sun Life Mutual Fund,Open Ended Schemes,Debt Scheme - Banking and PSU Fund,INF209KA12Z1,INF209KA13Z9,nav_119551_20260625.csv,125.202,0.133899999999997,0.1069471733678352
119551,2016-01-04,125.4695,Aditya Birla Sun Life Banking & PSU Debt Fund - DIRECT - IDCW,Aditya Birla Sun Life Mutual Fund,Open Ended Schemes,Debt Scheme - Banking and PSU Fund,INF209KA12Z1,INF209KA13Z9,nav_119551_20260625.csv,125.3359,0.1336000000000012,0.1065935617807837
119551,2016-01-05,125.538,Aditya Birla Sun Life Banking & PSU Debt Fund - DIRECT - IDCW,Aditya Birla Sun Life Mutual Fund,Open Ended Schemes,Debt Scheme - Banking and PSU Fund,INF209KA12Z1,INF209KA13Z9,nav_119551_20260625.csv,125.4695,0.0685000000000002,0.0545949414001014
119551,2016-01-06,125.5842,Aditya Birla Sun Life Banking & PSU Debt Fund - DIRECT - IDCW,Aditya Birla Sun Life Mutual Fund,Open Ended Schemes,Debt Scheme - Banking and PSU Fund,INF209KA12Z1,INF209KA13Z9,nav_119551_20260625.csv,125.538,0.0461999999999989,0.036801605888256
119551,2016-01-07,125.6648,Aditya Birla Sun Life Banking & PSU Debt Fund - DIRECT - IDCW,Aditya Birla Sun Life Mutual Fund,Open Ended Schemes,Debt Scheme - Banking and PSU Fund,INF209KA12Z1,INF209KA13Z9,nav_119551_20260625.csv,125.5842,0.080600000000004,0.0641800481270764
119551,2016-01-08,125.7146,Aditya Birla Sun Life Banking & PSU Debt Fund - DIRECT - IDCW,Aditya Birla Sun Life Mutual Fund,Open Ended Schemes,Debt Scheme - Banking and PSU Fund,INF209KA12Z1,INF209KA13Z9,nav_119551_20260625.csv,125.6648,0.0498000000000047,0.0396292358719424
119551,2016-01-11,125.7259,Aditya Birla Sun Life Banking & PSU Debt Fund - DIRECT - IDCW,Aditya Birla Sun Life Mutual Fund,Open Ended Schemes,Debt Scheme - Banking and PSU Fund,INF209KA12Z1,INF209KA13Z9,nav_119551_20260625.csv,125.7146,0.0112999999999914,0.0089886138920948
119551,2016-01-12,125.6591,Aditya Birla Sun Life Banking & PSU Debt Fund - DIRECT - IDCW,Aditya Birla Sun Life Mutual Fund,Open Ended Schemes,Debt Scheme - Banking and PSU Fund,INF209KA12Z1,INF209KA13Z9,nav_119551_20260625.csv,125.7259,-0.0668000000000006,-0.0531314550144406
119551,2016-01-13,125.6079,Aditya Birla Sun Life Banking & PSU Debt Fund - DIRECT - IDCW,Aditya Birla Sun Life Mutual Fund,Open Ended Schemes,Debt Scheme - Banking and PSU Fund,INF209KA12Z1,INF209KA13Z9,nav_119551_20260625.csv,125.6591,-0.0511999999999943,-0.0407451589260104
119551,2016-01-14,125.5527,Aditya Birla Sun Life Banking & PSU Debt Fund - DIRECT - IDCW,Aditya Birla Sun Life Mutual Fund,Open Ended Schemes,Debt Scheme - Banking and PSU Fund,INF209KA12Z1,INF209KA13Z9,nav_119551_20260625.csv,125.6079,-0.0551999999999992,-0.0439462804489202
119551,2016-01-15,125.4498,Aditya Birla Sun Life Banking & PSU Debt Fund - DIRECT - IDCW,Aditya Birla Sun Life Mutual Fund,Open Ended Schemes,Debt Scheme - Banking and PSU Fund,INF209KA12Z1,INF209KA13Z9,nav_119551_20260625.csv,125.5527,-0.1029000000000053,-0.0819576162041957
119551,2016-01-18,125.4931,Aditya Birla Sun Life Banking & PSU Debt Fund - DIRECT - IDCW,Aditya Birla Sun Life Mutual Fund,Open Ended Schemes,Debt Scheme - Banking and PSU Fund,INF209KA12Z1,INF209KA13Z9,nav_119551_20260625.csv,125.4498,0.0433000000000021,0.0345157983512146
119551,2016-01-19,125.6369,Aditya Birla Sun Life Banking & PSU Debt Fund - DIRECT - IDCW,Aditya Birla Sun Life Mutual Fund,Open Ended Schemes,Debt Scheme - Banking and PSU Fund,INF209KA12Z1,INF209KA13Z9,nav_119551_20260625.csv,125.4931,0.1437999999999988,0.1145879733626779
119551,2016-01-20,125.7354,Aditya Birla Sun Life Banking & PSU Debt Fund - DIRECT - IDCW,Aditya Birla Sun Life Mutual Fund,Open Ended Schemes,Debt Scheme - Banking and PSU Fund,INF209KA12Z1,INF209KA13Z9,nav_119551_20260625.csv,125.6369,0.0985000000000013,0.0784005336011962
119551,2016-01-21,125.8865,Aditya Birla Sun Life Banking & PSU Debt Fund - DIRECT - IDCW,Aditya Birla Sun Life Mutual Fund,Open Ended Schemes,Debt Scheme - Banking and PSU Fund,INF209KA12Z1,INF209KA13Z9,nav_119551_20260625.csv,125.7354,0.1510999999999995,0.12017299821689
119551,2016-01-22,125.8176,Aditya Birla Sun Life Banking & PSU Debt Fund - DIRECT - IDCW,Aditya Birla Sun Life Mutual Fund,Open Ended Schemes,Debt Scheme - Banking and PSU Fund,INF209KA12Z1,INF209KA13Z9,nav_119551_20260625.csv,125.8865,-0.0688999999999993,-0.054731841778109
119551,2016-01-25,125.8071,Aditya Birla Sun Life Banking & PSU Debt Fund - DIRECT - IDCW,Aditya Birla Sun Life Mutual Fund,Open Ended Schemes,Debt Scheme - Banking and PSU Fund,INF209KA12Z1,INF209KA13Z9,nav_119551_20260625.csv,125.8176,-0.0104999999999932,-0.0083454143140493
119551,2016-01-27,125.8925,Aditya Birla Sun Life Banking & PSU Debt Fund - DIRECT - IDCW,Aditya Birla Sun Life Mutual Fund,Open Ended Schemes,Debt Scheme - Banking and PSU Fund,INF209KA12Z1,INF209KA13Z9,nav_119551_20260625.csv,125.8071,0.0853999999999928,0.0678817014301997
119551,2016-01-28,125.8512,Aditya Birla Sun Life Banking & PSU Debt Fund - DIRECT - IDCW,Aditya Birla Sun Life Mutual Fund,Open Ended Schemes,Debt Scheme - Banking and PSU Fund,INF209KA12Z1,INF209KA13Z9,nav_119551_20260625.csv,125.8925,-0.0412999999999925,-0.0328057668248645
119551,2016-01-29,125.9632,Aditya Birla Sun Life Banking & PSU Debt Fund - DIRECT - IDCW,Aditya Birla Sun Life Mutual Fund,Open Ended Schemes,Debt Scheme - Banking and PSU Fund,INF209KA12Z1,INF209KA13Z9,nav_119551_20260625.csv,125.8512,0.1119999999999947,0.0889939865491904
119551,2016-02-01,125.9933,Aditya Birla Sun Life Banking & PSU Debt Fund - DIRECT - IDCW,Aditya Birla Sun Life Mutual Fund,Open Ended Schemes,Debt Scheme - Banking and PSU Fund,INF209KA12Z1,INF209KA13Z9,nav_119551_20260625.csv,125.9632,0.0301000000000044,0.0238958679995462
119551,2016-02-02,125.809,Aditya Birla Sun Life Banking & PSU Debt Fund - DIRECT - IDCW,Aditya Birla Sun Life Mutual Fund,Open Ended Schemes,Debt Scheme - Banking and PSU Fund,INF209KA12Z1,INF209KA13Z9,nav_119551_20260625.csv,125.9933,-0.1843000000000074,-0.1462776195242187
119551,2016-02-03,125.7466,Aditya Birla Sun Life Banking & PSU Debt Fund - DIRECT - IDCW,Aditya Birla Sun Life Mutual Fund,Open Ended Schemes,Debt Scheme - Banking and PSU Fund,INF209KA12Z1,INF209KA13Z9,nav_119551_20260625.csv,125.809,-0.0623999999999966,-0.0495989953024002
119551,2016-02-04,125.8428,Aditya Birla Sun Life Banking & PSU Debt Fund - DIRECT - IDCW,Aditya Birla Sun Life Mutual Fund,Open Ended Schemes,Debt Scheme - Banking and PSU Fund,INF209KA12Z1,INF209KA13Z9,nav_119551_20260625.csv,125.7466,0.096199999999996,0.0765030625082476
119551,2016-02-05,125.9207,Aditya Birla Sun Life Banking & PSU Debt Fund - DIRECT - IDCW,Aditya Birla Sun Life Mutual Fund,Open Ended Schemes,Debt Scheme - Banking and PSU Fund,INF209KA12Z1,INF209KA13Z9,nav_119551_20260625.csv,125.8428,0.0778999999999996,0.0619026277228412
119551,2016-02-08,125.9596,Aditya Birla Sun Life Banking & PSU Debt Fund - DIRECT - IDCW,Aditya Birla Sun Life Mutual Fund,Open Ended Schemes,Debt Scheme - Banking and PSU Fund,INF209KA12Z1,INF209KA13Z9,nav_119551_20260625.csv,125.9207,0.0388999999999981,0.0308924585076148
119551,2016-02-09,125.937,Aditya Birla Sun Life Banking & PSU Debt Fund - DIRECT - IDCW,Aditya Birla Sun Life Mutual Fund,Open Ended Schemes,Debt Scheme - Banking and PSU Fund,INF209KA12Z1,INF209KA13Z9,nav_119551_20260625.csv,125.9596,-0.022599999999997,-0.0179422608518898
119551,2016-02-10,125.9592,Aditya Birla Sun Life Banking & PSU Debt Fund - DIRECT - IDCW,Aditya Birla Sun Life Mutual Fund,Open Ended Schemes,Debt Scheme - Banking and PSU Fund,INF209KA12Z1,INF209KA13Z9,nav_119551_20260625.csv,125.937,0.022199999999998,0.0176278615498209
119551,2016-02-11,125.9517,Aditya Birla Sun Life Banking & PSU Debt Fund - DIRECT - IDCW,Aditya Birla Sun Life Mutual Fund,Open Ended Schemes,Debt Scheme - Banking and PSU Fund,INF209KA12Z1,INF209KA13Z9,nav_119551_20260625.csv,125.9592,-0.0074999999999931,-0.005954309014342
119551,2016-02-12,125.9254,Aditya Birla Sun Life Banking & PSU Debt Fund - DIRECT - IDCW,Aditya Birla Sun Life Mutual Fund,Open Ended Schemes,Debt Scheme - Banking and PSU Fund,INF209KA12Z1,INF209KA13Z9,nav_119551_20260625.csv,125.9517,-0.0263000000000062,-0.020881020264122
119551,2016-02-15,125.8746,Aditya Birla Sun Life Banking & PSU Debt Fund - DIRECT - IDCW,Aditya Birla Sun Life Mutual Fund,Open Ended Schemes,Debt Scheme - Banking and PSU Fund,INF209KA12Z1,INF209KA13Z9,nav_119551_20260625.csv,125.9254,-0.0507999999999952,-0.0403413449550251
119551,2016-02-16,125.7149,Aditya Birla Sun Life Banking & PSU Debt Fund - DIRECT - IDCW,Aditya Birla Sun Life Mutual Fund,Open Ended Schemes,Debt Scheme - Banking and PSU Fund,INF209KA12Z1,INF209KA13Z9,nav_119551_20260625.csv,125.8746,-0.1597000000000008,-0.1268722998921155
119551,2016-02-17,125.6237,Aditya Birla Sun Life Banking & PSU Debt Fund - DIRECT - IDCW,Aditya Birla Sun Life Mutual Fund,Open Ended Schemes,Debt Scheme - Banking and PSU Fund,INF209KA12Z1,INF209KA13Z9,nav_119551_20260625.csv,125.7149,-0.0912000000000006,-0.072545100063716
119551,2016-02-18,125.6948,Aditya Birla Sun Life Banking & PSU Debt Fund - DIRECT - IDCW,Aditya Birla Sun Life Mutual Fund,Open Ended Schemes,Debt Scheme - Banking and PSU Fund,INF209KA12Z1,INF209KA13Z9,nav_119551_20260625.csv,125.6237,0.0711000000000012,0.0565976006119874
119551,2016-02-22,125.6262,Aditya Birla Sun Life Banking & PSU Debt Fund - DIRECT - IDCW,Aditya Birla Sun Life Mutual Fund,Open Ended Schemes,Debt Scheme - Banking and PSU Fund,INF209KA12Z1,INF209KA13Z9,nav_119551_20260625.csv,125.6948,-0.0686000000000035,-0.0545766411975702
119551,2016-02-23,125.3408,Aditya Birla Sun Life Banking & PSU Debt Fund - DIRECT - IDCW,Aditya Birla Sun Life Mutual Fund,Open Ended Schemes,Debt Scheme - Banking and PSU Fund,INF209KA12Z1,INF209KA13Z9,nav_119551_20260625.csv,125.6262,-0.2853999999999956,-0.2271819095061346
119551,2016-02-24,125.2591,Aditya Birla Sun Life Banking & PSU Debt Fund - DIRECT - IDCW,Aditya Birla Sun Life Mutual Fund,Open Ended Schemes,Debt Scheme - Banking and PSU Fund,INF209KA12Z1,INF209KA13Z9,nav_119551_20260625.csv,125.3408,-0.0816999999999978,-0.0651822870126869
119551,2016-02-25,124.949,Aditya Birla Sun Life Banking & PSU Debt Fund - DIRECT - IDCW,Aditya Birla Sun Life Mutual Fund,Open Ended Schemes,Debt Scheme - Banking and PSU Fund,INF209KA12Z1,INF209KA13Z9,nav_119551_20260625.csv,125.2591,-0.3101000000000056,-0.2475668434469077
119551,2016-02-26,125.1214,Aditya Birla Sun Life Banking & PSU Debt Fund - DIRECT - IDCW,Aditya Birla Sun Life Mutual Fund,Open Ended Schemes,Debt Scheme - Banking and PSU Fund,INF209KA12Z1,INF209KA13Z9,nav_119551_20260625.csv,124.949,0.1723999999999961,0.1379762943280827
119551,2016-02-29,126.2203,Aditya Birla Sun Life Banking & PSU Debt Fund - DIRECT - IDCW,Aditya Birla Sun Life Mutual Fund,Open Ended Schemes,Debt Scheme - Banking and PSU Fund,INF209KA12Z1,INF209KA13Z9,nav_119551_20260625.csv,125.1214,1.0989000000000004,0.8782670270633165
119551,2016-03-01,126.3215,Aditya Birla Sun Life Banking & PSU Debt Fund - DIRECT - IDCW,Aditya Birla Sun Life Mutual Fund,Open Ended Schemes,Debt Scheme - Banking and PSU Fund,INF209KA12Z1,INF209KA13Z9,nav_119551_20260625.csv,126.2203,0.1012000000000057,0.0801772773476261
119551,2016-03-02,126.329,Aditya Birla Sun Life Banking & PSU Debt Fund - DIRECT - IDCW,Aditya Birla Sun Life Mutual Fund,Open Ended Schemes,Debt Scheme - Banking and PSU Fund,INF209KA12Z1,INF209KA13Z9,nav_119551_20260625.csv,126.3215,0.0074999999999931,0.0059372315876499
119551,2016-03-03,126.2671,Aditya Birla Sun Life Banking & PSU Debt Fund - DIRECT - IDCW,Aditya Birla Sun Life Mutual Fund,Open Ended Schemes,Debt Scheme - Banking and PSU Fund,INF209KA12Z1,INF209KA13Z9,nav_119551_20260625.csv,126.329,-0.0618999999999942,-0.0489990421835004
119551,2016-03-04,126.4923,Aditya Birla Sun Life Banking & PSU Debt Fund - DIRECT - IDCW,Aditya Birla Sun Life Mutual Fund,Open Ended Schemes,Debt Scheme - Banking and PSU Fund,INF209KA12Z1,INF209KA13Z9,nav_119551_20260625.csv,126.2671,0.2252000000000009,0.1783520806290799
119551,2016-03-08,126.6189,Aditya Birla Sun Life Banking & PSU Debt Fund - DIRECT - IDCW,Aditya Birla Sun Life Mutual Fund,Open Ended Schemes,Debt Scheme - Banking and PSU Fund,INF209KA12Z1,INF209KA13Z9,nav_119551_20260625.csv,126.4923,0.1265999999999962,0.1000851435225672
119551,2016-03-09,126.6695,Aditya Birla Sun Life Banking & PSU Debt Fund - DIRECT - IDCW,Aditya Birla Sun Life Mutual Fund,Open Ended Schemes,Debt Scheme - Banking and PSU Fund,INF209KA12Z1,INF209KA13Z9,nav_119551_20260625.csv,126.6189,0.0506000000000028,0.0399624384669294
119551,2016-03-10,126.723,Aditya Birla Sun Life Banking & PSU Debt Fund - DIRECT - IDCW,Aditya Birla Sun Life Mutual Fund,Open Ended Schemes,Debt Scheme - Banking and PSU Fund,INF209KA12Z1,INF209KA13Z9,nav_119551_20260625.csv,126.6695,0.0534999999999996,0.0422358973549273
119551,2016-03-11,126.7653,Aditya Birla Sun Life Banking & PSU Debt Fund - DIRECT - IDCW,Aditya Birla Sun Life Mutual Fund,Open Ended Schemes,Debt Scheme - Banking and PSU Fund,INF209KA12Z1,INF209KA13Z9,nav_119551_20260625.csv,126.723,0.0422999999999973,0.0333798915745344
119551,2016-03-14,127.0352,Aditya Birla Sun Life Banking & PSU Debt Fund - DIRECT - IDCW,Aditya Birla Sun Life Mutual Fund,Open Ended Schemes,Debt Scheme - Banking and PSU Fund,INF209KA12Z1,INF209KA13Z9,nav_119551_20260625.csv,126.7653,0.2699000000000069,0.2129131552562151
119551,2016-03-15,127.1887,Aditya Birla Sun Life Banking & PSU Debt Fund - DIRECT - IDCW,Aditya Birla Sun Life Mutual Fund,Open Ended Schemes,Debt Scheme - Banking and PSU Fund,INF209KA12Z1,INF209KA13Z9,nav_119551_20260625.csv,127.0352,0.1534999999999939,0.1208326511077197
119551,2016-03-16,127.3719,Aditya Birla Sun Life Banking & PSU Debt Fund - DIRECT - IDCW,Aditya Birla Sun Life Mutual Fund,Open Ended Schemes,Debt Scheme - Banking and PSU Fund,INF209KA12Z1,INF209KA13Z9,nav_119551_20260625.csv,127.1887,0.1831999999999993,0.14403795305715
119551,2016-03-17,127.7124,Aditya Birla Sun Life Banking & PSU Debt Fund - DIRECT - IDCW,Aditya Birla Sun Life Mutual Fund,Open Ended Schemes,Debt Scheme - Banking and PSU Fund,INF209KA12Z1,INF209KA13Z9,nav_119551_20260625.csv,127.3719,0.3405000000000058,0.2673274089497022
119551,2016-03-18,127.7673,Aditya Birla Sun Life Banking & PSU Debt Fund - DIRECT - IDCW,Aditya Birla Sun Life Mutual Fund,Open Ended Schemes,Debt Scheme - Banking and PSU Fund,INF209KA12Z1,INF209KA13Z9,nav_119551_20260625.csv,127.7124,0.0549000000000035,0.0429872118917219
119551,2016-03-21,128.0543,Aditya Birla Sun Life Banking & PSU Debt Fund - DIRECT - IDCW,Aditya Birla Sun Life Mutual Fund,Open Ended Schemes,Debt Scheme - Banking and PSU Fund,INF209KA12Z1,INF209KA13Z9,nav_119551_20260625.csv,127.7673,0.2870000000000061,0.2246271150756149
119551,2016-03-22,128.0579,Aditya Birla Sun Life Banking & PSU Debt Fund - DIRECT - IDCW,Aditya Birla Sun Life Mutual Fund,Open Ended Schemes,Debt Scheme - Banking and PSU Fund,INF209KA12Z1,INF209KA13Z9,nav_119551_20260625.csv,128.0543,0.0035999999999773,0.0028113073906752
119551,2016-03-23,128.0675,Aditya Birla Sun Life Banking & PSU Debt Fund - DIRECT - IDCW,Aditya Birla Sun Life Mutual Fund,Open Ended Schemes,Debt Scheme - Banking and PSU Fund,INF209KA12Z1,INF209KA13Z9,nav_119551_20260625.csv,128.0579,0.009600000000006,0.0074966089557973
119551,2016-03-28,128.3103,Aditya Birla Sun Life Banking & PSU Debt Fund - DIRECT - IDCW,Aditya Birla Sun Life Mutual Fund,Open Ended Schemes,Debt Scheme - Banking and PSU Fund,INF209KA12Z1,INF209KA13Z9,nav_119551_20260625.csv,128.0675,0.2428000000000167,0.1895875222051002
119551,2016-03-29,128.2341,Aditya Birla Sun Life Banking & PSU Debt Fund - DIRECT - IDCW,Aditya Birla Sun Life Mutual Fund,Open Ended Schemes,Debt Scheme - Banking and PSU Fund,INF209KA12Z1,INF209KA13Z9,nav_119551_20260625.csv,128.3103,-0.0762,-0.0593872822368898
119551,2016-03-30,128.2653,Aditya Birla Sun Life Banking & PSU Debt Fund - DIRECT - IDCW,Aditya Birla Sun Life Mutual Fund,Open Ended Schemes,Debt Scheme - Banking and PSU Fund,INF209KA12Z1,INF209KA13Z9,nav_119551_20260625.csv,128.2341,0.0311999999999841,0.0243305017931923
119551,2016-03-31,128.5789,Aditya Birla Sun Life Banking & PSU Debt Fund - DIRECT - IDCW,Aditya Birla Sun Life Mutual Fund,Open Ended Schemes,Debt Scheme - Banking and PSU Fund,INF209KA12Z1,INF209KA13Z9,nav_119551_20260625.csv,128.2653,0.3136000000000081,0.244493249538268
119551,2016-04-04,129.038,Aditya Birla Sun Life Banking & PSU Debt Fund - DIRECT - IDCW,Aditya Birla Sun Life Mutual Fund,Open Ended Schemes,Debt Scheme - Banking and PSU Fund,INF209KA12Z1,INF209KA13Z9,nav_119551_20260625.csv,128.5789,0.4591000000000065,0.3570570287971094
119551,2016-04-05,129.0831,Aditya Birla Sun Life Banking & PSU Debt Fund - DIRECT - IDCW,Aditya Birla Sun Life Mutual Fund,Open Ended Schemes,Debt Scheme - Banking and PSU Fund,INF209KA12Z1,INF209KA13Z9,nav_119551_20260625.csv,129.038,0.0450999999999908,0.0349509446829544
119551,2016-04-06,129.1903,Aditya Birla Sun Life Banking & PSU Debt Fund - DIRECT - IDCW,Aditya Birla Sun Life Mutual Fund,Open Ended Schemes,Debt Scheme - Banking and PSU Fund,INF209KA12Z1,INF209KA13Z9,nav_119551_20260625.csv,129.0831,0.1072000000000059,0.0830472772965678
119551,2016-04-07,129.3494,Aditya Birla Sun Life Banking & PSU Debt Fund - DIRECT - IDCW,Aditya Birla Sun Life Mutual Fund,Open Ended Schemes,Debt Scheme - Banking and PSU Fund,INF209KA12Z1,INF209KA13Z9,nav_119551_20260625.csv,129.1903,0.1590999999999951,0.1231516607670971
119551,2016-04-11,129.6038,Aditya Birla Sun Life Banking & PSU Debt Fund - DIRECT - IDCW,Aditya Birla Sun Life Mutual Fund,Open Ended Schemes,Debt Scheme - Banking and PSU Fund,INF209KA12Z1,INF209KA13Z9,nav_119551_20260625.csv,129.3494,0.2544000000000039,0.1966765984225701
119551,2016-04-12,129.6858,Aditya Birla Sun Life Banking & PSU Debt Fund - DIRECT - IDCW,Aditya Birla Sun Life Mutual Fund,Open Ended Schemes,Debt Scheme - Banking and PSU Fund,INF209KA12Z1,INF209KA13Z9,nav_119551_20260625.csv,129.6038,0.0819999999999936,0.0632697498067137
119551,2016-04-13,129.5595,Aditya Birla Sun Life Banking & PSU Debt Fund - DIRECT - IDCW,Aditya Birla Sun Life Mutual Fund,Open Ended Schemes,Debt Scheme - Banking and PSU Fund,INF209KA12Z1,INF209KA13Z9,nav_119551_20260625.csv,129.6858,-0.1262999999999863,-0.0973892284274657
119551,2016-04-18,129.752,Aditya Birla Sun Life Banking & PSU Debt Fund - DIRECT - IDCW,Aditya Birla Sun Life Mutual Fund,Open Ended Schemes,Debt Scheme - Banking and PSU Fund,INF209KA12Z1,INF209KA13Z9,nav_119551_20260625.csv,129.5595,0.1924999999999954,0.1485803819866512
119551,2016-04-20,129.7601,Aditya Birla Sun Life Banking & PSU Debt Fund - DIRECT - IDCW,Aditya Birla Sun Life Mutual Fund,Open Ended Schemes,Debt Scheme - Banking and PSU Fund,INF209KA12Z1,INF209KA13Z9,nav_119551_20260625.csv,129.752,0.0080999999999846,0.0062426783402064
119551,2016-04-21,129.6356,Aditya Birla Sun Life Banking & PSU Debt Fund - DIRECT - IDCW,Aditya Birla Sun Life Mutual Fund,Open Ended Schemes,Debt Scheme - Banking and PSU Fund,INF209KA12Z1,INF209KA13Z9,nav_119551_20260625.csv,129.7601,-0.1244999999999834,-0.0959462885740558
119551,2016-04-22,129.7155,Aditya Birla Sun Life Banking & PSU Debt Fund - DIRECT - IDCW,Aditya Birla Sun Life Mutual Fund,Open Ended Schemes,Debt Scheme - Banking and PSU Fund,INF209KA12Z1,INF209KA13Z9,nav_119551_20260625.csv,129.6356,0.0798999999999807,0.0616343041571765
119551,2016-04-25,129.7723,Aditya Birla Sun Life Banking & PSU Debt Fund - DIRECT - IDCW,Aditya Birla Sun Life Mutual Fund,Open Ended Schemes,Debt Scheme - Banking and PSU Fund,INF209KA12Z1,INF209KA13Z9,nav_119551_20260625.csv,129.7155,0.0568000000000097,0.0437881363445461
119551,2016-04-26,129.7797,Aditya Birla Sun Life Banking & PSU Debt Fund - DIRECT - IDCW,Aditya Birla Sun Life Mutual Fund,Open Ended Schemes,Debt Scheme - Banking and PSU Fund,INF209KA12Z1,INF209KA13Z9,nav_119551_20260625.csv,129.7723,0.0073999999999898,0.0057022954821559
119551,2016-04-27,129.7993,Aditya Birla Sun Life Banking & PSU Debt Fund - DIRECT - IDCW,Aditya Birla Sun Life Mutual Fund,Open Ended Schemes,Debt Scheme - Banking and PSU Fund,INF209KA12Z1,INF209KA13Z9,nav_119551_20260625.csv,129.7797,0.0195999999999969,0.0151025160329365
119551,2016-04-28,129.8405,Aditya Birla Sun Life Banking & PSU Debt Fund - DIRECT - IDCW,Aditya Birla Sun Life Mutual Fund,Open Ended Schemes,Debt Scheme - Banking and PSU Fund,INF209KA12Z1,INF209KA13Z9,nav_119551_20260625.csv,129.7993,0.0412000000000034,0.0317413113938237
119551,2016-04-29,129.9119,Aditya Birla Sun Life Banking & PSU Debt Fund - DIRECT - IDCW,Aditya Birla Sun Life Mutual Fund,Open Ended Schemes,Debt Scheme - Banking and PSU Fund,INF209KA12Z1,INF209KA13Z9,nav_119551_20260625.csv,129.8405,0.0714000000000112,0.0549905460930997
119551,2016-05-02,129.9765,Aditya Birla Sun Life Banking & PSU Debt Fund - DIRECT - IDCW,Aditya Birla Sun Life Mutual Fund,Open Ended Schemes,Debt Scheme - Banking and PSU Fund,INF209KA12Z1,INF209KA13Z9,nav_119551_20260625.csv,129.9119,0.0645999999999844,0.0497260066244773
119551,2016-05-03,129.9719,Aditya Birla Sun Life Banking & PSU Debt Fund - DIRECT - IDCW,Aditya Birla Sun Life Mutual Fund,Open Ended Schemes,Debt Scheme - Banking and PSU Fund,INF209KA12Z1,INF209KA13Z9,nav_119551_20260625.csv,129.9765,-0.0045999999999821,-0.0035391012990672
119551,2016-05-04,130.0353,Aditya Birla Sun Life Banking & PSU Debt Fund - DIRECT - IDCW,Aditya Birla Sun Life Mutual Fund,Open Ended Schemes,Debt Scheme - Banking and PSU Fund,INF209KA12Z1,INF209KA13Z9,nav_119551_20260625.csv,129.9719,0.0634000000000014,0.0487797747051489
119551,2016-05-05,130.0702,Aditya Birla Sun Life Banking & PSU Debt Fund - DIRECT - IDCW,Aditya Birla Sun Life Mutual Fund,Open Ended Schemes,Debt Scheme - Banking and PSU Fund,INF209KA12Z1,INF209KA13Z9,nav_119551_20260625.csv,130.0353,0.0348999999999932,0.0268388660617488
119551,2016-05-06,130.0972,Aditya Birla Sun Life Banking & PSU Debt Fund - DIRECT - IDCW,Aditya Birla Sun Life Mutual Fund,Open Ended Schemes,Debt Scheme - Banking and PSU Fund,INF209KA12Z1,INF209KA13Z9,nav_119551_20260625.csv,130.0702,0.0269999999999868,0.0207580214376442
119551,2016-05-09,130.2163,Aditya Birla Sun Life Banking & PSU Debt Fund - DIRECT - IDCW,Aditya Birla Sun Life Mutual Fund,Open Ended Schemes,Debt Scheme - Banking and PSU Fund,INF209KA12Z1,INF209KA13Z9,nav_119551_20260625.csv,130.0972,0.119100000000003,0.0915469356757894
119551,2016-05-10,130.2617,Aditya Birla Sun Life Banking & PSU Debt Fund - DIRECT - IDCW,Aditya Birla Sun Life Mutual Fund,Open Ended Schemes,Debt Scheme - Banking and PSU Fund,INF209KA12Z1,INF209KA13Z9,nav_119551_20260625.csv,130.2163,0.0454000000000007,0.0348650668157525
119551,2016-05-11,130.3016,Aditya Birla Sun Life Banking & PSU Debt Fund - DIRECT - IDCW,Aditya Birla Sun Life Mutual Fund,Open Ended Schemes,Debt Scheme - Banking and PSU Fund,INF209KA12Z1,INF209KA13Z9,nav_119551_20260625.csv,130.2617,0.0399000000000171,0.0306306458460293
119551,2016-05-12,130.371,Aditya Birla Sun Life Banking & PSU Debt Fund - DIRECT - IDCW,Aditya Birla Sun Life Mutual Fund,Open Ended Schemes,Debt Scheme - Banking and PSU Fund,INF209KA12Z1,INF209KA13Z9,nav_119551_20260625.csv,130.3016,0.0694000000000016,0.0532610497491985
119551,2016-05-13,130.3528,Aditya Birla Sun Life Banking & PSU Debt Fund - DIRECT - IDCW,Aditya Birla Sun Life Mutual Fund,Open Ended Schemes,Debt Scheme - Banking and PSU Fund,INF209KA12Z1,INF209KA13Z9,nav_119551_20260625.csv,130.371,-0.0182000000000073,-0.0139601598515063
119551,2016-05-16,130.426,Aditya Birla Sun Life Banking & PSU Debt Fund - DIRECT - IDCW,Aditya Birla Sun Life Mutual Fund,Open Ended Schemes,Debt Scheme - Banking and PSU Fund,INF209KA12Z1,INF209KA13Z9,nav_119551_20260625.csv,130.3528,0.0731999999999857,0.0561552954750382
119551,2016-05-17,130.4413,Aditya Birla Sun Life Banking & PSU Debt Fund - DIRECT - IDCW,Aditya Birla Sun Life Mutual Fund,Open Ended Schemes,Debt Scheme - Banking and PSU Fund,INF209KA12Z1,INF209KA13Z9,nav_119551_20260625.csv,130.426,0.0153000000000247,0.0117307898732037
119551,2016-05-18,130.4225,Aditya Birla Sun Life Banking & PSU Debt Fund - DIRECT - IDCW,Aditya Birla Sun Life Mutual Fund,Open Ended Schemes,Debt Scheme - Banking and PSU Fund,INF209KA12Z1,INF209KA13Z9,nav_119551_20260625.csv,130.4413,-0.0187999999999988,-0.0144126131830937
119551,2016-05-19,130.4821,Aditya Birla Sun Life Banking & PSU Debt Fund - DIRECT - IDCW,Aditya Birla Sun Life Mutual Fund,Open Ended Schemes,Debt Scheme - Banking and PSU Fund,INF209KA12Z1,INF209KA13Z9,nav_119551_20260625.csv,130.4225,0.0595999999999889,0.0456976365274312
119551,2016-05-20,130.4614,Aditya Birla Sun Life Banking & PSU Debt Fund - DIRECT - IDCW,Aditya Birla Sun Life Mutual Fund,Open Ended Schemes,Debt Scheme - Banking and PSU Fund,INF209KA12Z1,INF209KA13Z9,nav_119551_20260625.csv,130.4821,-0.020700000000005,-0.015864244980733
119551,2016-05-23,130.5755,Aditya Birla Sun Life Banking & PSU Debt Fund - DIRECT - IDCW,Aditya Birla Sun Life Mutual Fund,Open Ended Schemes,Debt Scheme - Banking and PSU Fund,INF209KA12Z1,INF209KA13Z9,nav_119551_20260625.csv,130.4614,0.1141000000000076,0.0874588192369602
119551,2016-05-24,130.6043,Aditya Birla Sun Life Banking & PSU Debt Fund - DIRECT - IDCW,Aditya Birla Sun Life Mutual Fund,Open Ended Schemes,Debt Scheme - Banking and PSU Fund,INF209KA12Z1,INF209KA13Z9,nav_119551_20260625.csv,130.5755,0.0287999999999897,0.022056205030798
119551,2016-05-25,130.6325,Aditya Birla Sun Life Banking & PSU Debt Fund - DIRECT - IDCW,Aditya Birla Sun Life Mutual Fund,Open Ended Schemes,Debt Scheme - Banking and PSU Fund,INF209KA12Z1,INF209KA13Z9,nav_119551_20260625.csv,130.6043,0.0281999999999982,0.0215919383971264
119551,2016-05-26,130.6326,Aditya Birla Sun Life Banking & PSU Debt Fund - DIRECT - IDCW,Aditya Birla Sun Life Mutual Fund,Open Ended Schemes,Debt Scheme - Banking and PSU Fund,INF209KA12Z1,INF209KA13Z9,nav_119551_20260625.csv,130.6325,0.0001000000000033,7.65506286745792e-05
119551,2016-05-27,130.6615,Aditya Birla Sun Life Banking & PSU Debt Fund - DIRECT - IDCW,Aditya Birla Sun Life Mutual Fund,Open Ended Schemes,Debt Scheme - Banking and PSU Fund,INF209KA12Z1,INF209KA13Z9,nav_119551_20260625.csv,130.6326,0.028899999999993,0.0221231147508302
119551,2016-05-30,130.7441,Aditya Birla Sun Life Banking & PSU Debt Fund - DIRECT - IDCW,Aditya Birla Sun Life Mutual Fund,Open Ended Schemes,Debt Scheme - Banking and PSU Fund,INF209KA12Z1,INF209KA13Z9,nav_119551_20260625.csv,130.6615,0.0826000000000135,0.0632167853575946
119551,2016-05-31,130.7549,Aditya Birla Sun Life Banking & PSU Debt Fund - DIRECT - IDCW,Aditya Birla Sun Life Mutual Fund,Open Ended Schemes,Debt Scheme - Banking and PSU Fund,INF209KA12Z1,INF209KA13Z9,nav_119551_20260625.csv,130.7441,0.010799999999989,0.0082604109860322
119551,2016-06-01,130.7344,Aditya Birla Sun Life Banking & PSU Debt Fund - DIRECT - IDCW,Aditya Birla Sun Life Mutual Fund,Open Ended Schemes,Debt Scheme - Banking and PSU Fund,INF209KA12Z1,INF209KA13Z9,nav_119551_20260625.csv,130.7549,-0.0204999999999984,-0.0156781887332699
119551,2016-06-02,130.7746,Aditya Birla Sun Life Banking & PSU Debt Fund - DIRECT - IDCW,Aditya Birla Sun Life Mutual Fund,Open Ended Schemes,Debt Scheme - Banking and PSU Fund,INF209KA12Z1,INF209KA13Z9,nav_119551_20260625.csv,130.7344,0.0401999999999986,0.030749366654835
119551,2016-06-03,130.8097,Aditya Birla Sun Life Banking & PSU Debt Fund - DIRECT - IDCW,Aditya Birla Sun Life Mutual Fund,Open Ended Schemes,Debt Scheme - Banking and PSU Fund,INF209KA12Z1,INF209KA13Z9,nav_119551_20260625.csv,130.7746,0.0350999999999999,0.0268400744487078
119551,2016-06-06,130.9418,Aditya Birla Sun Life Banking & PSU Debt Fund - DIRECT - IDCW,Aditya Birla Sun Life Mutual Fund,Open Ended Schemes,Debt Scheme - Banking and PSU Fund,INF209KA12Z1,INF209KA13Z9,nav_119551_20260625.csv,130.8097,0.1321000000000083,0.100986394739846
119551,2016-06-07,130.9498,Aditya Birla Sun Life Banking & PSU Debt Fund - DIRECT - IDCW,Aditya Birla Sun Life Mutual Fund,Open Ended Schemes,Debt Scheme - Banking and PSU Fund,INF209KA12Z1,INF209KA13Z9,nav_119551_20260625.csv,130.9418,0.0080000000000097,0.0061095845635311
119551,2016-06-08,130.9713,Aditya Birla Sun Life Banking & PSU Debt Fund - DIRECT - IDCW,Aditya Birla Sun Life Mutual Fund,Open Ended Schemes,Debt Scheme - Banking and PSU Fund,INF209KA12Z1,INF209KA13Z9,nav_119551_20260625.csv,130.9498,0.0215000000000031,0.016418505412
119551,2016-06-09,131.006,Aditya Birla Sun Life Banking & PSU Debt Fund - DIRECT - IDCW,Aditya Birla Sun Life Mutual Fund,Open Ended Schemes,Debt Scheme - Banking and PSU Fund,INF209KA12Z1,INF209KA13Z9,nav_119551_20260625.csv,130.9713,0.0346999999999866,0.0264943541065765
119551,2016-06-10,131.0328,Aditya Birla Sun Life Banking & PSU Debt Fund - DIRECT - IDCW,Aditya Birla Sun Life Mutual Fund,Open Ended Schemes,Debt Scheme - Banking and PSU Fund,INF209KA12Z1,INF209KA13Z9,nav_119551_20260625.csv,131.006,0.0268000000000085,0.0204570783017637
119551,2016-06-13,131.0126,Aditya Birla Sun Life Banking & PSU Debt Fund - DIRECT - IDCW,Aditya Birla Sun Life Mutual Fund,Open Ended Schemes,Debt Scheme - Banking and PSU Fund,INF209KA12Z1,INF209KA13Z9,nav_119551_20260625.csv,131.0328,-0.0202000000000168,-0.0154159874474306
119551,2016-06-14,131.0472,Aditya Birla Sun Life Banking & PSU Debt Fund - DIRECT - IDCW,Aditya Birla Sun Life Mutual Fund,Open Ended Schemes,Debt Scheme - Banking and PSU Fund,INF209KA12Z1,INF209KA13Z9,nav_119551_20260625.csv,131.0126,0.0346000000000117,0.0264096735733904
119551,2016-06-15,131.088,Aditya Birla Sun Life Banking & PSU Debt Fund - DIRECT - IDCW,Aditya Birla Sun Life Mutual Fund,Open Ended Schemes,Debt Scheme - Banking and PSU Fund,INF209KA12Z1,INF209KA13Z9,nav_119551_20260625.csv,131.0472,0.0407999999999901,0.0311338204860463
119551,2016-06-16,131.1648,Aditya Birla Sun Life Banking & PSU Debt Fund - DIRECT - IDCW,Aditya Birla Sun Life Mutual Fund,Open Ended Schemes,Debt Scheme - Banking and PSU Fund,INF209KA12Z1,INF209KA13Z9,nav_119551_20260625.csv,131.088,0.0768000000000199,0.0585865983156505
119551,2016-06-17,131.1983,Aditya Birla Sun Life Banking & PSU Debt Fund - DIRECT - IDCW,Aditya Birla Sun Life Mutual Fund,Open Ended Schemes,Debt Scheme - Banking and PSU Fund,INF209KA12Z1,INF209KA13Z9,nav_119551_20260625.csv,131.1648,0.0334999999999752,0.0255403888848038
119551,2016-06-20,131.2455,Aditya Birla Sun Life Banking & PSU Debt Fund - DIRECT - IDCW,Aditya Birla Sun Life Mutual Fund,Open Ended Schemes,Debt Scheme - Banking and PSU Fund,INF209KA12Z1,INF209KA13Z9,nav_119551_20260625.csv,131.1983,0.0472000000000036,0.0359760759095229
119551,2016-06-21,131.3168,Aditya Birla Sun Life Banking & PSU Debt Fund - DIRECT - IDCW,Aditya Birla Sun Life Mutual Fund,Open Ended Schemes,Debt Scheme - Banking and PSU Fund,INF209KA12Z1,INF209KA13Z9,nav_119551_20260625.csv,131.2455,0.0713000000000079,0.0543256721182881
119551,2016-06-22,131.4024,Aditya Birla Sun Life Banking & PSU Debt Fund - DIRECT - IDCW,Aditya Birla Sun Life Mutual Fund,Open Ended Schemes,Debt Scheme - Banking and PSU Fund,INF209KA12Z1,INF209KA13Z9,nav_119551_20260625.csv,131.3168,0.0855999999999994,0.0651858711147388
119551,2016-06-23,131.4681,Aditya Birla Sun Life Banking & PSU Debt Fund - DIRECT - IDCW,Aditya Birla Sun Life Mutual Fund,Open Ended Schemes,Debt Scheme - Banking and PSU Fund,INF209KA12Z1,INF209KA13Z9,nav_119551_20260625.csv,131.4024,0.0656999999999925,0.0499990867746651
119551,2016-06-24,131.4875,Aditya Birla Sun Life Banking & PSU Debt Fund - DIRECT - IDCW,Aditya Birla Sun Life Mutual Fund,Open Ended Schemes,Debt Scheme - Banking and PSU Fund,INF209KA12Z1,INF209KA13Z9,nav_119551_20260625.csv,131.4681,0.0194000000000187,0.0147564314080896
119551,2016-06-27,131.6653,Aditya Birla Sun Life Banking & PSU Debt Fund - DIRECT - IDCW,Aditya Birla Sun Life Mutual Fund,Open Ended Schemes,Debt Scheme - Banking and PSU Fund,INF209KA12Z1,INF209KA13Z9,nav_119551_20260625.csv,131.4875,0.1777999999999906,0.1352219792755894
119551,2016-06-28,131.7077,Aditya Birla Sun Life Banking & PSU Debt Fund - DIRECT - IDCW,Aditya Birla Sun Life Mutual Fund,Open Ended Schemes,Debt Scheme - Banking and PSU Fund,INF209KA12Z1,INF209KA13Z9,nav_119551_20260625.csv,131.6653,0.0423999999999864,0.0322028659031547
119551,2016-06-29,131.8008,Aditya Birla Sun Life Banking & PSU Debt Fund - DIRECT - IDCW,Aditya Birla Sun Life Mutual Fund,Open Ended Schemes,Debt Scheme - Banking and PSU Fund,INF209KA12Z1,INF209KA13Z9,nav_119551_20260625.csv,131.7077,0.093100000000021,0.0706868315216354
119551,2016-06-30,131.8646,Aditya Birla Sun Life Banking & PSU Debt Fund - DIRECT - IDCW,Aditya Birla Sun Life Mutual Fund,Open Ended Schemes,Debt Scheme - Banking and PSU Fund,INF209KA12Z1,INF209KA13Z9,nav_119551_20260625.csv,131.8008,0.0637999999999863,0.0484063829657986
119551,2016-07-01,132.0459,Aditya Birla Sun Life Banking & PSU Debt Fund - DIRECT - IDCW,Aditya Birla Sun Life Mutual Fund,Open Ended Schemes,Debt Scheme - Banking and PSU Fund,INF209KA12Z1,INF209KA13Z9,nav_119551_20260625.csv,131.8646,0.1812999999999931,0.1374895157608586
119551,2016-07-04,132.1492,Aditya Birla Sun Life Banking & PSU Debt Fund - DIRECT - IDCW,Aditya Birla Sun Life Mutual Fund,Open Ended Schemes,Debt Scheme - Banking and PSU Fund,INF209KA12Z1,INF209KA13Z9,nav_119551_20260625.csv,132.0459,0.1033000000000186,0.0782303729233687
119551,2016-07-05,132.3858,Aditya Birla Sun Life Banking & PSU Debt Fund - DIRECT - IDCW,Aditya Birla Sun Life Mutual Fund,Open Ended Schemes,Debt Scheme - Banking and PSU Fund,INF209KA12Z1,INF209KA13Z9,nav_119551_20260625.csv,132.1492,0.2365999999999815,0.1790400547260077
119551,2016-07-07,132.5112,Aditya Birla Sun Life Banking & PSU Debt Fund - DIRECT - IDCW,Aditya Birla Sun Life Mutual Fund,Open Ended Schemes,Debt Scheme - Banking and PSU Fund,INF209KA12Z1,INF209KA13Z9,nav_119551_20260625.csv,132.3858,0.1254000000000132,0.0947231500659536
119551,2016-07-08,132.5679,Aditya Birla Sun Life Banking & PSU Debt Fund - DIRECT - IDCW,Aditya Birla Sun Life Mutual Fund,Open Ended Schemes,Debt Scheme - Banking and PSU Fund,INF209KA12Z1,INF209KA13Z9,nav_119551_20260625.csv,132.5112,0.0567000000000064,0.0427888359625498
119551,2016-07-11,132.6835,Aditya Birla Sun Life Banking & PSU Debt Fund - DIRECT - IDCW,Aditya Birla Sun Life Mutual Fund,Open Ended Schemes,Debt Scheme - Banking and PSU Fund,INF209KA12Z1,INF209KA13Z9,nav_119551_20260625.csv,132.5679,0.1156000000000005,0.0872005968262306
119551,2016-07-12,133.0156,Aditya Birla Sun Life Banking & PSU Debt Fund - DIRECT - IDCW,Aditya Birla Sun Life Mutual Fund,Open Ended Schemes,Debt Scheme - Banking and PSU Fund,INF209KA12Z1,INF209KA13Z9,nav_119551_20260625.csv,132.6835,0.3320999999999969,0.2502948746453002
119551,2016-07-13,133.3212,Aditya Birla Sun Life Banking & PSU Debt Fund - DIRECT - IDCW,Aditya Birla Sun Life Mutual Fund,Open Ended Schemes,Debt Scheme - Banking and PSU Fund,INF209KA12Z1,INF209KA13Z9,nav_119551_20260625.csv,133.0156,0.3055999999999983,0.2297474882645331
119551,2016-07-14,133.3927,Aditya Birla Sun Life Banking & PSU Debt Fund - DIRECT - IDCW,Aditya Birla Sun Life Mutual Fund,Open Ended Schemes,Debt Scheme - Banking and PSU Fund,INF209KA12Z1,INF209KA13Z9,nav_119551_20260625.csv,133.3212,0.0714999999999861,0.0536298803190986
119551,2016-07-15,133.4658,Aditya Birla Sun Life Banking & PSU Debt Fund - DIRECT - IDCW,Aditya Birla Sun Life Mutual Fund,Open Ended Schemes,Debt Scheme - Banking and PSU Fund,INF209KA12Z1,INF209KA13Z9,nav_119551_20260625.csv,133.3927,0.0731000000000108,0.0548006000328435
119551,2016-07-18,133.4825,Aditya Birla Sun Life Banking & PSU Debt Fund - DIRECT - IDCW,Aditya Birla Sun Life Mutual Fund,Open Ended Schemes,Debt Scheme - Banking and PSU Fund,INF209KA12Z1,INF209KA13Z9,nav_119551_20260625.csv,133.4658,0.0166999999999859,0.0125125687629234
119551,2016-07-19,133.6134,Aditya Birla Sun Life Banking & PSU Debt Fund - DIRECT - IDCW,Aditya Birla Sun Life Mutual Fund,Open Ended Schemes,Debt Scheme - Banking and PSU Fund,INF209KA12Z1,INF209KA13Z9,nav_119551_20260625.csv,133.4825,0.1309000000000253,0.0980652894574384
119551,2016-07-20,133.7495,Aditya Birla Sun Life Banking & PSU Debt Fund - DIRECT - IDCW,Aditya Birla Sun Life Mutual Fund,Open Ended Schemes,Debt Scheme - Banking and PSU Fund,INF209KA12Z1,INF209KA13Z9,nav_119551_20260625.csv,133.6134,0.136099999999999,0.1018610408836231
119551,2016-07-21,133.8544,Aditya Birla Sun Life Banking & PSU Debt Fund - DIRECT - IDCW,Aditya Birla Sun Life Mutual Fund,Open Ended Schemes,Debt Scheme - Banking and PSU Fund,INF209KA12Z1,INF209KA13Z9,nav_119551_20260625.csv,133.7495,0.1048999999999864,0.0784301997390543
119551,2016-07-22,133.9622,Aditya Birla Sun Life Banking & PSU Debt Fund - DIRECT - IDCW,Aditya Birla Sun Life Mutual Fund,Open Ended Schemes,Debt Scheme - Banking and PSU Fund,INF209KA12Z1,INF209KA13Z9,nav_119551_20260625.csv,133.8544,0.1077999999999974,0.0805352681719819
119551,2016-07-25,134.0989,Aditya Birla Sun Life Banking & PSU Debt Fund - DIRECT - IDCW,Aditya Birla Sun Life Mutual Fund,Open Ended Schemes,Debt Scheme - Banking and PSU Fund,INF209KA12Z1,INF209KA13Z9,nav_119551_20260625.csv,133.9622,0.1366999999999905,0.1020437108378262
119551,2016-07-26,134.1531,Aditya Birla Sun Life Banking & PSU Debt Fund - DIRECT - IDCW,Aditya Birla Sun Life Mutual Fund,Open Ended Schemes,Debt Scheme - Banking and PSU Fund,INF209KA12Z1,INF209KA13Z9,nav_119551_20260625.csv,134.0989,0.0542000000000086,0.0404179303484284
119551,2016-07-27,134.1788,Aditya Birla Sun Life Banking & PSU Debt Fund - DIRECT - IDCW,Aditya Birla Sun Life Mutual Fund,Open Ended Schemes,Debt Scheme - Banking and PSU Fund,INF209KA12Z1,INF209KA13Z9,nav_119551_20260625.csv,134.1531,0.0257000000000005,0.0191572166427764
119551,2016-07-28,134.5985,Aditya Birla Sun Life Banking & PSU Debt Fund - DIRECT - IDCW,Aditya Birla Sun Life Mutual Fund,Open Ended Schemes,Debt Scheme - Banking and PSU Fund,INF209KA12Z1,INF209KA13Z9,nav_119551_20260625.csv,134.1788,0.4197000000000059,0.3127915885370907
119551,2016-07-29,134.7325,Aditya Birla Sun Life Banking & PSU Debt Fund - DIRECT - IDCW,Aditya Birla Sun Life Mutual Fund,Open Ended Schemes,Debt Scheme - Banking and PSU Fund,INF209KA12Z1,INF209KA13Z9,nav_119551_20260625.csv,134.5985,0.1339999999999861,0.0995553442274513
119551,2016-08-01,134.9712,Aditya Birla Sun Life Banking & PSU Debt Fund - DIRECT - IDCW,Aditya Birla Sun Life Mutual Fund,Open Ended Schemes,Debt Scheme - Banking and PSU Fund,INF209KA12Z1,INF209KA13Z9,nav_119551_20260625.csv,134.7325,0.2387000000000227,0.1771658656968606
119551,2016-08-02,134.8488,Aditya Birla Sun Life Banking & PSU Debt Fund - DIRECT - IDCW,Aditya Birla Sun Life Mutual Fund,Open Ended Schemes,Debt Scheme - Banking and PSU Fund,INF209KA12Z1,INF209KA13Z9,nav_119551_20260625.csv,134.9712,-0.1223999999999989,-0.0906860130161093
119551,2016-08-03,134.7377,Aditya Birla Sun Life Banking & PSU Debt Fund - DIRECT - IDCW,Aditya Birla Sun Life Mutual Fund,Open Ended Schemes,Debt Scheme - Banking and PSU Fund,INF209KA12Z1,INF209KA13Z9,nav_119551_20260625.csv,134.8488,-0.1111000000000217,-0.0823885714963883
119551,2016-08-04,134.8655,Aditya Birla Sun Life Banking & PSU Debt Fund - DIRECT - IDCW,Aditya Birla Sun Life Mutual Fund,Open Ended Schemes,Debt Scheme - Banking and PSU Fund,INF209KA12Z1,INF209KA13Z9,nav_119551_20260625.csv,134.7377,0.1278000000000076,0.0948509585661679
119551,2016-08-05,134.9377,Aditya Birla Sun Life Banking & PSU Debt Fund - DIRECT - IDCW,Aditya Birla Sun Life Mutual Fund,Open Ended Schemes,Debt Scheme - Banking and PSU Fund,INF209KA12Z1,INF209KA13Z9,nav_119551_20260625.csv,134.8655,0.0722000000000093,0.053534818022407
119551,2016-08-08,135.0387,Aditya Birla Sun Life Banking & PSU Debt Fund - DIRECT - IDCW,Aditya Birla Sun Life Mutual Fund,Open Ended Schemes,Debt Scheme - Banking and PSU Fund,INF209KA12Z1,INF209KA13Z9,nav_119551_20260625.csv,134.9377,0.100999999999999,0.0748493564066966
119551,2016-08-09,135.3606,Aditya Birla Sun Life Banking & PSU Debt Fund - DIRECT - IDCW,Aditya Birla Sun Life Mutual Fund,Open Ended Schemes,Debt Scheme - Banking and PSU Fund,INF209KA12Z1,INF209KA13Z9,nav_119551_20260625.csv,135.0387,0.3218999999999994,0.2383761099595889
119551,2016-08-10,135.5838,Aditya Birla Sun Life Banking & PSU Debt Fund - DIRECT - IDCW,Aditya Birla Sun Life Mutual Fund,Open Ended Schemes,Debt Scheme - Banking and PSU Fund,INF209KA12Z1,INF209KA13Z9,nav_119551_20260625.csv,135.3606,0.2231999999999914,0.1648928861130871
119551,2016-08-11,135.8291,Aditya Birla Sun Life Banking & PSU Debt Fund - DIRECT - IDCW,Aditya Birla Sun Life Mutual Fund,Open Ended Schemes,Debt Scheme - Banking and PSU Fund,INF209KA12Z1,INF209KA13Z9,nav_119551_20260625.csv,135.5838,0.2453000000000145,0.1809213195086835
119551,2016-08-12,135.8182,Aditya Birla Sun Life Banking & PSU Debt Fund - DIRECT - IDCW,Aditya Birla Sun Life Mutual Fund,Open Ended Schemes,Debt Scheme - Banking and PSU Fund,INF209KA12Z1,INF209KA13Z9,nav_119551_20260625.csv,135.8291,-0.0109000000000207,-0.0080247899750648
119551,2016-08-16,135.8902,Aditya Birla Sun Life Banking & PSU Debt Fund - DIRECT - IDCW,Aditya Birla Sun Life Mutual Fund,Open Ended Schemes,Debt Scheme - Banking and PSU Fund,INF209KA12Z1,INF209KA13Z9,nav_119551_20260625.csv,135.8182,0.0720000000000027,0.0530120410961143
119551,2016-08-18,135.7343,Aditya Birla Sun Life Banking & PSU Debt Fund - DIRECT - IDCW,Aditya Birla Sun Life Mutual Fund,Open Ended Schemes,Debt Scheme - Banking and PSU Fund,INF209KA12Z1,INF209KA13Z9,nav_119551_20260625.csv,135.8902,-0.1559000000000026,-0.1147249764883726
119551,2016-08-19,135.8687,Aditya Birla Sun Life Banking & PSU Debt Fund - DIRECT - IDCW,Aditya Birla Sun Life Mutual Fund,Open Ended Schemes,Debt Scheme - Banking and PSU Fund,INF209KA12Z1,INF209KA13Z9,nav_119551_20260625.csv,135.7343,0.1343999999999994,0.0990169765490369
119551,2016-08-22,135.7183,Aditya Birla Sun Life Banking & PSU Debt Fund - DIRECT - IDCW,Aditya Birla Sun Life Mutual Fund,Open Ended Schemes,Debt Scheme - Banking and PSU Fund,INF209KA12Z1,INF209KA13Z9,nav_119551_20260625.csv,135.8687,-0.1503999999999905,-0.1106951049064211
119551,2016-08-23,135.7506,Aditya Birla Sun Life Banking & PSU Debt Fund - DIRECT - IDCW,Aditya Birla Sun Life Mutual Fund,Open Ended Schemes,Debt Scheme - Banking and PSU Fund,INF209KA12Z1,INF209KA13Z9,nav_119551_20260625.csv,135.7183,0.0322999999999922,0.0237992960418692
119551,2016-08-24,135.9112,Aditya Birla Sun Life Banking & PSU Debt Fund - DIRECT - IDCW,Aditya Birla Sun Life Mutual Fund,Open Ended Schemes,Debt Scheme - Banking and PSU Fund,INF209KA12Z1,INF209KA13Z9,nav_119551_20260625.csv,135.7506,0.1606000000000165,0.1183051861281029
119551,2016-08-25,136.0296,Aditya Birla Sun Life Banking & PSU Debt Fund - DIRECT - IDCW,Aditya Birla Sun Life Mutual Fund,Open Ended Schemes,Debt Scheme - Banking and PSU Fund,INF209KA12Z1,INF209KA13Z9,nav_119551_20260625.csv,135.9112,0.1183999999999798,0.0871157049602827
119551,2016-08-26,136.0743,Aditya Birla Sun Life Banking & PSU Debt Fund - DIRECT - IDCW,Aditya Birla Sun Life Mutual Fund,Open Ended Schemes,Debt Scheme - Banking and PSU Fund,INF209KA12Z1,INF209KA13Z9,nav_119551_20260625.csv,136.0296,0.0447000000000059,0.0328604950687247
119551,2016-08-29,136.2205,Aditya Birla Sun Life Banking & PSU Debt Fund - DIRECT - IDCW,Aditya Birla Sun Life Mutual Fund,Open Ended Schemes,Debt Scheme - Banking and PSU Fund,INF209KA12Z1,INF209KA13Z9,nav_119551_20260625.csv,136.0743,0.1461999999999932,0.1074413022885241
119551,2016-08-30,136.312,Aditya Birla Sun Life Banking & PSU Debt Fund - DIRECT - IDCW,Aditya Birla Sun Life Mutual Fund,Open Ended Schemes,Debt Scheme - Banking and PSU Fund,INF209KA12Z1,INF209KA13Z9,nav_119551_20260625.csv,136.2205,0.0915000000000247,0.0671705066418232
119551,2016-08-31,136.3515,Aditya Birla Sun Life Banking & PSU Debt Fund - DIRECT - IDCW,Aditya Birla Sun Life Mutual Fund,Open Ended Schemes,Debt Scheme - Banking and PSU Fund,INF209KA12Z1,INF209KA13Z9,nav_119551_20260625.csv,136.312,0.0394999999999754,0.0289776395328184
119551,2016-09-01,136.3584,Aditya Birla Sun Life Banking & PSU Debt Fund - DIRECT - IDCW,Aditya Birla Sun Life Mutual Fund,Open Ended Schemes,Debt Scheme - Banking and PSU Fund,INF209KA12Z1,INF209KA13Z9,nav_119551_20260625.csv,136.3515,0.0069000000000016,0.005060450380085
119551,2016-09-02,136.3517,Aditya Birla Sun Life Banking & PSU Debt Fund - DIRECT - IDCW,Aditya Birla Sun Life Mutual Fund,Open Ended Schemes,Debt Scheme - Banking and PSU Fund,INF209KA12Z1,INF209KA13Z9,nav_119551_20260625.csv,136.3584,-0.006699999999995,-0.0049135220125749
119551,2016-09-06,136.541,Aditya Birla Sun Life Banking & PSU Debt Fund - DIRECT - IDCW,Aditya Birla Sun Life Mutual Fund,Open Ended Schemes,Debt Scheme - Banking and PSU Fund,INF209KA12Z1,INF209KA13Z9,nav_119551_20260625.csv,136.3517,0.1893000000000029,0.1388321524410791
119551,2016-09-07,136.7979,Aditya Birla Sun Life Banking & PSU Debt Fund - DIRECT - IDCW,Aditya Birla Sun Life Mutual Fund,Open Ended Schemes,Debt Scheme - Banking and PSU Fund,INF209KA12Z1,INF209KA13Z9,nav_119551_20260625.csv,136.541,0.2569000000000017,0.1881486147018124
119551,2016-09-08,136.8589,Aditya Birla Sun Life Banking & PSU Debt Fund - DIRECT - IDCW,Aditya Birla Sun Life Mutual Fund,Open Ended Schemes,Debt Scheme - Banking and PSU Fund,INF209KA12Z1,INF209KA13Z9,nav_119551_20260625.csv,136.7979,0.061000000000007,0.0445913277908557
119551,2016-09-09,136.9063,Aditya Birla Sun Life Banking & PSU Debt Fund - DIRECT - IDCW,Aditya Birla Sun Life Mutual Fund,Open Ended Schemes,Debt Scheme - Banking and PSU Fund,INF209KA12Z1,INF209KA13Z9,nav_119551_20260625.csv,136.8589,0.0473999999999819,0.0346342108551083
119551,2016-09-12,136.85,Aditya Birla Sun Life Banking & PSU Debt Fund - DIRECT - IDCW,Aditya Birla Sun Life Mutual Fund,Open Ended Schemes,Debt Scheme - Banking and PSU Fund,INF209KA12Z1,INF209KA13Z9,nav_119551_20260625.csv,136.9063,-0.0562999999999931,-0.0411230162527167
119551,2016-09-14,136.8219,Aditya Birla Sun Life Banking & PSU Debt Fund - DIRECT - IDCW,Aditya Birla Sun Life Mutual Fund,Open Ended Schemes,Debt Scheme - Banking and PSU Fund,INF209KA12Z1,INF209KA13Z9,nav_119551_20260625.csv,136.85,-0.0280999999999949,-0.020533430763606
119551,2016-09-15,136.8926,Aditya Birla Sun Life Banking & PSU Debt Fund - DIRECT - IDCW,Aditya Birla Sun Life Mutual Fund,Open Ended Schemes,Debt Scheme - Banking and PSU Fund,INF209KA12Z1,INF209KA13Z9,nav_119551_20260625.csv,136.8219,0.070699999999988,0.0516730143346847
119551,2016-09-16,136.971,Aditya Birla Sun Life Banking & PSU Debt Fund - DIRECT - IDCW,Aditya Birla Sun Life Mutual Fund,Open Ended Schemes,Debt Scheme - Banking and PSU Fund,INF209KA12Z1,INF209KA13Z9,nav_119551_20260625.csv,136.8926,0.0784000000000162,0.0572711746288815
119551,2016-09-19,137.0139,Aditya Birla Sun Life Banking & PSU Debt Fund - DIRECT - IDCW,Aditya Birla Sun Life Mutual Fund,Open Ended Schemes,Debt Scheme - Banking and PSU Fund,INF209KA12Z1,INF209KA13Z9,nav_119551_20260625.csv,136.971,0.042900000000003,0.0313204984996846
119551,2016-09-20,136.9986,Aditya Birla Sun Life Banking & PSU Debt Fund - DIRECT - IDCW,Aditya Birla Sun Life Mutual Fund,Open Ended Schemes,Debt Scheme - Banking and PSU Fund,INF209KA12Z1,INF209KA13Z9,nav_119551_20260625.csv,137.0139,-0.0152999999999963,-0.0111667502348274
119551,2016-09-21,137.097,Aditya Birla Sun Life Banking & PSU Debt Fund - DIRECT - IDCW,Aditya Birla Sun Life Mutual Fund,Open Ended Schemes,Debt Scheme - Banking and PSU Fund,INF209KA12Z1,INF209KA13Z9,nav_119551_20260625.csv,136.9986,0.098399999999998,0.0718255515019847
119551,2016-09-22,137.4241,Aditya Birla Sun Life Banking & PSU Debt Fund - DIRECT - IDCW,Aditya Birla Sun Life Mutual Fund,Open Ended Schemes,Debt Scheme - Banking and PSU Fund,INF209KA12Z1,INF209KA13Z9,nav_119551_20260625.csv,137.097,0.3271000000000015,0.2385901952632088
119551,2016-09-23,137.5601,Aditya Birla Sun Life Banking & PSU Debt Fund - DIRECT - IDCW,Aditya Birla Sun Life Mutual Fund,Open Ended Schemes,Debt Scheme - Banking and PSU Fund,INF209KA12Z1,INF209KA13Z9,nav_119551_20260625.csv,137.4241,0.1359999999999956,0.0989637188819105
119551,2016-09-26,137.8324,Aditya Birla Sun Life Banking & PSU Debt Fund - DIRECT - IDCW,Aditya Birla Sun Life Mutual Fund,Open Ended Schemes,Debt Scheme - Banking and PSU Fund,INF209KA12Z1,INF209KA13Z9,nav_119551_20260625.csv,137.5601,0.2723000000000013,0.1979498415601626
119551,2016-09-27,137.947,Aditya Birla Sun Life Banking & PSU Debt Fund - DIRECT - IDCW,Aditya Birla Sun Life Mutual Fund,Open Ended Schemes,Debt Scheme - Banking and PSU Fund,INF209KA12Z1,INF209KA13Z9,nav_119551_20260625.csv,137.8324,0.1145999999999958,0.0831444566009122
119551,2016-09-28,138.0284,Aditya Birla Sun Life Banking & PSU Debt Fund - DIRECT - IDCW,Aditya Birla Sun Life Mutual Fund,Open Ended Schemes,Debt Scheme - Banking and PSU Fund,INF209KA12Z1,INF209KA13Z9,nav_119551_20260625.csv,137.947,0.0814000000000021,0.0590081698043467
119551,2016-09-29,137.7307,Aditya Birla Sun Life Banking & PSU Debt Fund - DIRECT - IDCW,Aditya Birla Sun Life Mutual Fund,Open Ended Schemes,Debt Scheme - Banking and PSU Fund,INF209KA12Z1,INF209KA13Z9,nav_119551_20260625.csv,138.0284,-0.2976999999999918,-0.2156802513105939
119551,2016-09-30,137.8665,Aditya Birla Sun Life Banking & PSU Debt Fund - DIRECT - IDCW,Aditya Birla Sun Life Mutual Fund,Open Ended Schemes,Debt Scheme - Banking and PSU Fund,INF209KA12Z1,INF209KA13Z9,nav_119551_20260625.csv,137.7307,0.135799999999989,0.0985982065000679
119551,2016-10-03,138.2415,Aditya Birla Sun Life Banking & PSU Debt Fund - DIRECT - IDCW,Aditya Birla Sun Life Mutual Fund,Open Ended Schemes,Debt Scheme - Banking and PSU Fund,INF209KA12Z1,INF209KA13Z9,nav_119551_20260625.csv,137.8665,0.375,0.2720022630588286
119551,2016-10-04,138.5007,Aditya Birla Sun Life Banking & PSU Debt Fund - DIRECT - IDCW,Aditya Birla Sun Life Mutual Fund,Open Ended Schemes,Debt Scheme - Banking and PSU Fund,INF209KA12Z1,INF209KA13Z9,nav_119551_20260625.csv,138.2415,0.2591999999999927,0.187497965516862
119551,2016-10-05,138.9268,Aditya Birla Sun Life Banking & PSU Debt Fund - DIRECT - IDCW,Aditya Birla Sun Life Mutual Fund,Open Ended Schemes,Debt Scheme - Banking and PSU Fund,INF209KA12Z1,INF209KA13Z9,nav_119551_20260625.csv,138.5007,0.426099999999991,0.3076518746836594
119551,2016-10-06,138.8924,Aditya Birla Sun Life Banking & PSU Debt Fund - DIRECT - IDCW,Aditya Birla Sun Life Mutual Fund,Open Ended Schemes,Debt Scheme - Banking and PSU Fund,INF209KA12Z1,INF209KA13Z9,nav_119551_20260625.csv,138.9268,-0.0343999999999766,-0.024761241171593
119551,2016-10-07,138.7764,Aditya Birla Sun Life Banking & PSU Debt Fund - DIRECT - IDCW,Aditya Birla Sun Life Mutual Fund,Open Ended Schemes,Debt Scheme - Banking and PSU Fund,INF209KA12Z1,INF209KA13Z9,nav_119551_20260625.csv,138.8924,-0.1160000000000138,-0.0835178886677844
119551,2016-10-10,139.0035,Aditya Birla Sun Life Banking & PSU Debt Fund - DIRECT - IDCW,Aditya Birla Sun Life Mutual Fund,Open Ended Schemes,Debt Scheme - Banking and PSU Fund,INF209KA12Z1,INF209KA13Z9,nav_119551_20260625.csv,138.7764,0.2271000000000071,0.1636445389850199
119551,2016-10-13,138.9711,Aditya Birla Sun Life Banking & PSU Debt Fund - DIRECT - IDCW,Aditya Birla Sun Life Mutual Fund,Open Ended Schemes,Debt Scheme - Banking and PSU Fund,INF209KA12Z1,INF209KA13Z9,nav_119551_20260625.csv,139.0035,-0.0323999999999955,-0.0233087656066182
119551,2016-10-14,138.8584,Aditya Birla Sun Life Banking & PSU Debt Fund - DIRECT - IDCW,Aditya Birla Sun Life Mutual Fund,Open Ended Schemes,Debt Scheme - Banking and PSU Fund,INF209KA12Z1,INF209KA13Z9,nav_119551_20260625.csv,138.9711,-0.112700000000018,-0.0810959976570797
119551,2016-10-17,138.8696,Aditya Birla Sun Life Banking & PSU Debt Fund - DIRECT - IDCW,Aditya Birla Sun Life Mutual Fund,Open Ended Schemes,Debt Scheme - Banking and PSU Fund,INF209KA12Z1,INF209KA13Z9,nav_119551_20260625.csv,138.8584,0.0112000000000023,0.0080657705979633
119551,2016-10-18,138.9771,Aditya Birla Sun Life Banking & PSU Debt Fund - DIRECT - IDCW,Aditya Birla Sun Life Mutual Fund,Open Ended Schemes,Debt Scheme - Banking and PSU Fund,INF209KA12Z1,INF209KA13Z9,nav_119551_20260625.csv,138.8696,0.1075000000000159,0.0774107508050832
119551,2016-10-19,138.9686,Aditya Birla Sun Life Banking & PSU Debt Fund - DIRECT - IDCW,Aditya Birla Sun Life Mutual Fund,Open Ended Schemes,Debt Scheme - Banking and PSU Fund,INF209KA12Z1,INF209KA13Z9,nav_119551_20260625.csv,138.9771,-0.0084999999999979,-0.0061161155327013
119551,2016-10-20,138.92,Aditya Birla Sun Life Banking & PSU Debt Fund - DIRECT - IDCW,Aditya Birla Sun Life Mutual Fund,Open Ended Schemes,Debt Scheme - Banking and PSU Fund,INF209KA12Z1,INF209KA13Z9,nav_119551_20260625.csv,138.9686,-0.0486000000000217,-0.0349719289105752
119551,2016-10-21,138.9252,Aditya Birla Sun Life Banking & PSU Debt Fund - DIRECT - IDCW,Aditya Birla Sun Life Mutual Fund,Open Ended Schemes,Debt Scheme - Banking and PSU Fund,INF209KA12Z1,INF209KA13Z9,nav_119551_20260625.csv,138.92,0.005200000000002,0.0037431615318183
119551,2016-10-24,138.9892,Aditya Birla Sun Life Banking & PSU Debt Fund - DIRECT - IDCW,Aditya Birla Sun Life Mutual Fund,Open Ended Schemes,Debt Scheme - Banking and PSU Fund,INF209KA12Z1,INF209KA13Z9,nav_119551_20260625.csv,138.9252,0.0640000000000213,0.0460679559936004
119551,2016-10-25,138.917,Aditya Birla Sun Life Banking & PSU Debt Fund - DIRECT - IDCW,Aditya Birla Sun Life Mutual Fund,Open Ended Schemes,Debt Scheme - Banking and PSU Fund,INF209KA12Z1,INF209KA13Z9,nav_119551_20260625.csv,138.9892,-0.0722000000000093,-0.0519464821727223
119551,2016-10-26,138.9324,Aditya Birla Sun Life Banking & PSU Debt Fund - DIRECT - IDCW,Aditya Birla Sun Life Mutual Fund,Open Ended Schemes,Debt Scheme - Banking and PSU Fund,INF209KA12Z1,INF209KA13Z9,nav_119551_20260625.csv,138.917,0.0153999999999996,0.0110857562429361
119551,2016-10-27,138.8932,Aditya Birla Sun Life Banking & PSU Debt Fund - DIRECT - IDCW,Aditya Birla Sun Life Mutual Fund,Open Ended Schemes,Debt Scheme - Banking and PSU Fund,INF209KA12Z1,INF209KA13Z9,nav_119551_20260625.csv,138.9324,-0.0391999999999939,-0.0282151607544344
119551,2016-10-28,138.9002,Aditya Birla Sun Life Banking & PSU Debt Fund - DIRECT - IDCW,Aditya Birla Sun Life Mutual Fund,Open Ended Schemes,Debt Scheme - Banking and PSU Fund,INF209KA12Z1,INF209KA13Z9,nav_119551_20260625.csv,138.8932,0.007000000000005,0.0050398435632593
119551,2016-11-01,138.9285,Aditya Birla Sun Life Banking & PSU Debt Fund - DIRECT - IDCW,Aditya Birla Sun Life Mutual Fund,Open Ended Schemes,Debt Scheme - Banking and PSU Fund,INF209KA12Z1,INF209KA13Z9,nav_119551_20260625.csv,138.9002,0.0283000000000015,0.0203743407136933
119551,2016-11-02,138.9201,Aditya Birla Sun Life Banking & PSU Debt Fund - DIRECT - IDCW,Aditya Birla Sun Life Mutual Fund,Open Ended Schemes,Debt Scheme - Banking and PSU Fund,INF209KA12Z1,INF209KA13Z9,nav_119551_20260625.csv,138.9285,-0.008400000000023,-0.0060462756022148
119551,2016-11-03,138.9047,Aditya Birla Sun Life Banking & PSU Debt Fund - DIRECT - IDCW,Aditya Birla Sun Life Mutual Fund,Open Ended Schemes,Debt Scheme - Banking and PSU Fund,INF209KA12Z1,INF209KA13Z9,nav_119551_20260625.csv,138.9201,-0.0153999999999996,-0.0110855088644477
119551,2016-11-04,138.8435,Aditya Birla Sun Life Banking & PSU Debt Fund - DIRECT - IDCW,Aditya Birla Sun Life Mutual Fund,Open Ended Schemes,Debt Scheme - Banking and PSU Fund,INF209KA12Z1,INF209KA13Z9,nav_119551_20260625.csv,138.9047,-0.0611999999999852,-0.0440589843252138
119551,2016-11-07,138.9342,Aditya Birla Sun Life Banking & PSU Debt Fund - DIRECT - IDCW,Aditya Birla Sun Life Mutual Fund,Open Ended Schemes,Debt Scheme - Banking and PSU Fund,INF209KA12Z1,INF209KA13Z9,nav_119551_20260625.csv,138.8435,0.0906999999999982,0.0653253483238309
119551,2016-11-08,139.0289,Aditya Birla Sun Life Banking & PSU Debt Fund - DIRECT - IDCW,Aditya Birla Sun Life Mutual Fund,Open Ended Schemes,Debt Scheme - Banking and PSU Fund,INF209KA12Z1,INF209KA13Z9,nav_119551_20260625.csv,138.9342,0.0946999999999889,0.0681617629064614
119551,2016-11-09,139.5353,Aditya Birla Sun Life Banking & PSU Debt Fund - DIRECT - IDCW,Aditya Birla Sun Life Mutual Fund,Open Ended Schemes,Debt Scheme - Banking and PSU Fund,INF209KA12Z1,INF209KA13Z9,nav_119551_20260625.csv,139.0289,0.5064000000000135,0.3642408161180974
119551,2016-11-10,139.7669,Aditya Birla Sun Life Banking & PSU Debt Fund - DIRECT - IDCW,Aditya Birla Sun Life Mutual Fund,Open Ended Schemes,Debt Scheme - Banking and PSU Fund,INF209KA12Z1,INF209KA13Z9,nav_119551_20260625.csv,139.5353,0.231599999999986,0.1659795048278005
119551,2016-11-11,139.5813,Aditya Birla Sun Life Banking & PSU Debt Fund - DIRECT - IDCW,Aditya Birla Sun Life Mutual Fund,Open Ended Schemes,Debt Scheme - Banking and PSU Fund,INF209KA12Z1,INF209KA13Z9,nav_119551_20260625.csv,139.7669,-0.1855999999999937,-0.1327925281307618
119551,2016-11-15,140.6312,Aditya Birla Sun Life Banking & PSU Debt Fund - DIRECT - IDCW,Aditya Birla Sun Life Mutual Fund,Open Ended Schemes,Debt Scheme - Banking and PSU Fund,INF209KA12Z1,INF209KA13Z9,nav_119551_20260625.csv,139.5813,1.049900000000008,0.7521781212812949
119551,2016-11-16,141.2151,Aditya Birla Sun Life Banking & PSU Debt Fund - DIRECT - IDCW,Aditya Birla Sun Life Mutual Fund,Open Ended Schemes,Debt Scheme - Banking and PSU Fund,INF209KA12Z1,INF209KA13Z9,nav_119551_20260625.csv,140.6312,0.5838999999999999,0.4151994720943857
119551,2016-11-17,141.2957,Aditya Birla Sun Life Banking & PSU Debt Fund - DIRECT - IDCW,Aditya Birla Sun Life Mutual Fund,Open Ended Schemes,Debt Scheme - Banking and PSU Fund,INF209KA12Z1,INF209KA13Z9,nav_119551_20260625.csv,141.2151,0.080600000000004,0.0570760492326982
119551,2016-11-18,141.2116,Aditya Birla Sun Life Banking & PSU Debt Fund - DIRECT - IDCW,Aditya Birla Sun Life Mutual Fund,Open Ended Schemes,Debt Scheme - Banking and PSU Fund,INF209KA12Z1,INF209KA13Z9,nav_119551_20260625.csv,141.2957,-0.0841000000000065,-0.0595205657355506
119551,2016-11-21,142.0013,Aditya Birla Sun Life Banking & PSU Debt Fund - DIRECT - IDCW,Aditya Birla Sun Life Mutual Fund,Open Ended Schemes,Debt Scheme - Banking and PSU Fund,INF209KA12Z1,INF209KA13Z9,nav_119551_20260625.csv,141.2116,0.7896999999999821,0.5592316778508154
119551,2016-11-22,142.0614,Aditya Birla Sun Life Banking & PSU Debt Fund - DIRECT - IDCW,Aditya Birla Sun Life Mutual Fund,Open Ended Schemes,Debt Scheme - Banking and PSU Fund,INF209KA12Z1,INF209KA13Z9,nav_119551_20260625.csv,142.0013,0.0601000000000055,0.0423235561927993
119551,2016-11-23,142.3794,Aditya Birla Sun Life Banking & PSU Debt Fund - DIRECT - IDCW,Aditya Birla Sun Life Mutual Fund,Open Ended Schemes,Debt Scheme - Banking and PSU Fund,INF209KA12Z1,INF209KA13Z9,nav_119551_20260625.csv,142.0614,0.318000000000012,0.2238468718455626
119551,2016-11-24,142.9418,Aditya Birla Sun Life Banking & PSU Debt Fund - DIRECT - IDCW,Aditya Birla Sun Life Mutual Fund,Open Ended Schemes,Debt Scheme - Banking and PSU Fund,INF209KA12Z1,INF209KA13Z9,nav_119551_20260625.csv,142.3794,0.5623999999999967,0.3950009622178466
119551,2016-11-25,142.7966,Aditya Birla Sun Life Banking & PSU Debt Fund - DIRECT - IDCW,Aditya Birla Sun Life Mutual Fund,Open Ended Schemes,Debt Scheme - Banking and PSU Fund,INF209KA12Z1,INF209KA13Z9,nav_119551_20260625.csv,142.9418,-0.1451999999999884,-0.1015798038082551
119551,2016-11-28,142.3286,Aditya Birla Sun Life Banking & PSU Debt Fund - DIRECT - IDCW,Aditya Birla Sun Life Mutual Fund,Open Ended Schemes,Debt Scheme - Banking and PSU Fund,INF209KA12Z1,INF209KA13Z9,nav_119551_20260625.csv,142.7966,-0.4680000000000177,-0.3277388957440287
119551,2016-11-29,142.2212,Aditya Birla Sun Life Banking & PSU Debt Fund - DIRECT - IDCW,Aditya Birla Sun Life Mutual Fund,Open Ended Schemes,Debt Scheme - Banking and PSU Fund,INF209KA12Z1,INF209KA13Z9,nav_119551_20260625.csv,142.3286,-0.1073999999999841,-0.0754591838885397
119551,2016-11-30,142.5417,Aditya Birla Sun Life Banking & PSU Debt Fund - DIRECT - IDCW,Aditya Birla Sun Life Mutual Fund,Open Ended Schemes,Debt Scheme - Banking and PSU Fund,INF209KA12Z1,INF209KA13Z9,nav_119551_20260625.csv,142.2212,0.3204999999999813,0.2253531822259841
119551,2016-12-01,142.6678,Aditya Birla Sun Life Banking & PSU Debt Fund - DIRECT - IDCW,Aditya Birla Sun Life Mutual Fund,Open Ended Schemes,Debt Scheme - Banking and PSU Fund,INF209KA12Z1,INF209KA13Z9,nav_119551_20260625.csv,142.5417,0.1261000000000081,0.0884653403179617
119551,2016-12-02,142.5539,Aditya Birla Sun Life Banking & PSU Debt Fund - DIRECT - IDCW,Aditya Birla Sun Life Mutual Fund,Open Ended Schemes,Debt Scheme - Banking and PSU Fund,INF209KA12Z1,INF209KA13Z9,nav_119551_20260625.csv,142.6678,-0.113900000000001,-0.079835814388391
119551,2016-12-05,142.6727,Aditya Birla Sun Life Banking & PSU Debt Fund - DIRECT - IDCW,Aditya Birla Sun Life Mutual Fund,Open Ended Schemes,Debt Scheme - Banking and PSU Fund,INF209KA12Z1,INF209KA13Z9,nav_119551_20260625.csv,142.5539,0.1187999999999931,0.0833368992360034
119551,2016-12-06,142.7747,Aditya Birla Sun Life Banking & PSU Debt Fund - DIRECT - IDCW,Aditya Birla Sun Life Mutual Fund,Open Ended Schemes,Debt Scheme - Banking and PSU Fund,INF209KA12Z1,INF209KA13Z9,nav_119551_20260625.csv,142.6727,0.1020000000000038,0.0714923037133269
119551,2016-12-07,141.4759,Aditya Birla Sun Life Banking & PSU Debt Fund - DIRECT - IDCW,Aditya Birla Sun Life Mutual Fund,Open Ended Schemes,Debt Scheme - Banking and PSU Fund,INF209KA12Z1,INF209KA13Z9,nav_119551_20260625.csv,142.7747,-1.2988,-0.9096849792014972
119551,2016-12-08,141.328,Aditya Birla Sun Life Banking & PSU Debt Fund - DIRECT - IDCW,Aditya Birla Sun Life Mutual Fund,Open Ended Schemes,Debt Scheme - Banking and PSU Fund,INF209KA12Z1,INF209KA13Z9,nav_119551_20260625.csv,141.4759,-0.1478999999999928,-0.1045407733755309
119551,2016-12-09,141.2674,Aditya Birla Sun Life Banking & PSU Debt Fund - DIRECT - IDCW,Aditya Birla Sun Life Mutual Fund,Open Ended Schemes,Debt Scheme - Banking and PSU Fund,INF209KA12Z1,INF209KA13Z9,nav_119551_20260625.csv,141.328,-0.0605999999999937,-0.0428789765651489
119551,2016-12-13,141.4149,Aditya Birla Sun Life Banking & PSU Debt Fund - DIRECT - IDCW,Aditya Birla Sun Life Mutual Fund,Open Ended Schemes,Debt Scheme - Banking and PSU Fund,INF209KA12Z1,INF209KA13Z9,nav_119551_20260625.csv,141.2674,0.1474999999999795,0.1044119166913099
119551,2016-12-14,141.4995,Aditya Birla Sun Life Banking & PSU Debt Fund - DIRECT - IDCW,Aditya Birla Sun Life Mutual Fund,Open Ended Schemes,Debt Scheme - Banking and PSU Fund,INF209KA12Z1,INF209KA13Z9,nav_119551_20260625.csv,141.4149,0.0846000000000231,0.0598239648014622
119551,2016-12-15,140.9543,Aditya Birla Sun Life Banking & PSU Debt Fund - DIRECT - IDCW,Aditya Birla Sun Life Mutual Fund,Open Ended Schemes,Debt Scheme - Banking and PSU Fund,INF209KA12Z1,INF209KA13Z9,nav_119551_20260625.csv,141.4995,-0.5452000000000226,-0.3853017148470648
119551,2016-12-16,140.9144,Aditya Birla Sun Life Banking & PSU Debt Fund - DIRECT - IDCW,Aditya Birla Sun Life Mutual Fund,Open Ended Schemes,Debt Scheme - Banking and PSU Fund,INF209KA12Z1,INF209KA13Z9,nav_119551_20260625.csv,140.9543,-0.0398999999999887,-0.0283070470358043
119551,2016-12-19,140.9731,Aditya Birla Sun Life Banking & PSU Debt Fund - DIRECT - IDCW,Aditya Birla Sun Life Mutual Fund,Open Ended Schemes,Debt Scheme - Banking and PSU Fund,INF209KA12Z1,INF209KA13Z9,nav_119551_20260625.csv,140.9144,0.0586999999999875,0.0416564950068889
119551,2016-12-20,141.0514,Aditya Birla Sun Life Banking & PSU Debt Fund - DIRECT - IDCW,Aditya Birla Sun Life Mutual Fund,Open Ended Schemes,Debt Scheme - Banking and PSU Fund,INF209KA12Z1,INF209KA13Z9,nav_119551_20260625.csv,140.9731,0.0783000000000129,0.0555425113018107
119551,2016-12-21,141.1187,Aditya Birla Sun Life Banking & PSU Debt Fund - DIRECT - IDCW,Aditya Birla Sun Life Mutual Fund,Open Ended Schemes,Debt Scheme - Banking and PSU Fund,INF209KA12Z1,INF209KA13Z9,nav_119551_20260625.csv,141.0514,0.0672999999999888,0.0477131031666391
119551,2016-12-22,140.8922,Aditya Birla Sun Life Banking & PSU Debt Fund - DIRECT - IDCW,Aditya Birla Sun Life Mutual Fund,Open Ended Schemes,Debt Scheme - Banking and PSU Fund,INF209KA12Z1,INF209KA13Z9,nav_119551_20260625.csv,141.1187,-0.2264999999999872,-0.1605031792384618
119551,2016-12-23,140.754,Aditya Birla Sun Life Banking & PSU Debt Fund - DIRECT - IDCW,Aditya Birla Sun Life Mutual Fund,Open Ended Schemes,Debt Scheme - Banking and PSU Fund,INF209KA12Z1,INF209KA13Z9,nav_119551_20260625.csv,140.8922,-0.1382000000000118,-0.098089177399467
119551,2016-12-26,140.5763,Aditya Birla Sun Life Banking & PSU Debt Fund - DIRECT - IDCW,Aditya Birla Sun Life Mutual Fund,Open Ended Schemes,Debt Scheme - Banking and PSU Fund,INF209KA12Z1,INF209KA13Z9,nav_119551_20260625.csv,140.754,-0.1776999999999873,-0.1262486323656786
119551,2016-12-27,140.4635,Aditya Birla Sun Life Banking & PSU Debt Fund - DIRECT - IDCW,Aditya Birla Sun Life Mutual Fund,Open Ended Schemes,Debt Scheme - Banking and PSU Fund,INF209KA12Z1,INF209KA13Z9,nav_119551_20260625.csv,140.5763,-0.1127999999999929,-0.0802411217253497
119551,2016-12-28,140.4799,Aditya Birla Sun Life Banking & PSU Debt Fund - DIRECT - IDCW,Aditya Birla Sun Life Mutual Fund,Open Ended Schemes,Debt Scheme - Banking and PSU Fund,INF209KA12Z1,INF209KA13Z9,nav_119551_20260625.csv,140.4635,0.0163999999999759,0.0116756310358035
119551,2016-12-29,140.8539,Aditya Birla Sun Life Banking & PSU Debt Fund - DIRECT - IDCW,Aditya Birla Sun Life Mutual Fund,Open Ended Schemes,Debt Scheme - Banking and PSU Fund,INF209KA12Z1,INF209KA13Z9,nav_119551_20260625.csv,140.4799,0.3740000000000236,0.2662302578518519
119551,2016-12-30,141.0653,Aditya Birla Sun Life Banking & PSU Debt Fund - DIRECT - IDCW,Aditya Birla Sun Life Mutual Fund,Open Ended Schemes,Debt Scheme - Banking and PSU Fund,INF209KA12Z1,INF209KA13Z9,nav_119551_20260625.csv,140.8539,0.2113999999999976,0.1500845911969761
119551,2017-01-02,142.0128,Aditya Birla Sun Life Banking & PSU Debt Fund - DIRECT - IDCW,Aditya Birla Sun Life Mutual Fund,Open Ended Schemes,Debt Scheme - Banking and PSU Fund,INF209KA12Z1,INF209KA13Z9,nav_119551_20260625.csv,141.0653,0.9474999999999908,0.6716747492118833
119551,2017-01-03,141.8637,Aditya Birla Sun Life Banking & PSU Debt Fund - DIRECT - IDCW,Aditya Birla Sun Life Mutual Fund,Open Ended Schemes,Debt Scheme - Banking and PSU Fund,INF209KA12Z1,INF209KA13Z9,nav_119551_20260625.csv,142.0128,-0.1491000000000042,-0.1049905360643577
119551,2017-01-04,142.1884,Aditya Birla Sun Life Banking & PSU Debt Fund - DIRECT - IDCW,Aditya Birla Sun Life Mutual Fund,Open Ended Schemes,Debt Scheme - Banking and PSU Fund,INF209KA12Z1,INF209KA13Z9,nav_119551_20260625.csv,141.8637,0.3247000000000071,0.2288816659934903
119551,2017-01-05,142.1662,Aditya Birla Sun Life Banking & PSU Debt Fund - DIRECT - IDCW,Aditya Birla Sun Life Mutual Fund,Open Ended Schemes,Debt Scheme - Banking and PSU Fund,INF209KA12Z1,INF209KA13Z9,nav_119551_20260625.csv,142.1884,-0.022199999999998,-0.0156130879874856
119551,2017-01-06,142.1645,Aditya Birla Sun Life Banking & PSU Debt Fund - DIRECT - IDCW,Aditya Birla Sun Life Mutual Fund,Open Ended Schemes,Debt Scheme - Banking and PSU Fund,INF209KA12Z1,INF209KA13Z9,nav_119551_20260625.csv,142.1662,-0.0016999999999995,-0.0011957835266044
119551,2017-01-09,142.1957,Aditya Birla Sun Life Banking & PSU Debt Fund - DIRECT - IDCW,Aditya Birla Sun Life Mutual Fund,Open Ended Schemes,Debt Scheme - Banking and PSU Fund,INF209KA12Z1,INF209KA13Z9,nav_119551_20260625.csv,142.1645,0.0311999999999841,0.0219464071550802
119551,2017-01-10,142.2226,Aditya Birla Sun Life Banking & PSU Debt Fund - DIRECT - IDCW,Aditya Birla Sun Life Mutual Fund,Open Ended Schemes,Debt Scheme - Banking and PSU Fund,INF209KA12Z1,INF209KA13Z9,nav_119551_20260625.csv,142.1957,0.0269000000000119,0.0189175903350185
119551,2017-01-11,142.2559,Aditya Birla Sun Life Banking & PSU Debt Fund - DIRECT - IDCW,Aditya Birla Sun Life Mutual Fund,Open Ended Schemes,Debt Scheme - Banking and PSU Fund,INF209KA12Z1,INF209KA13Z9,nav_119551_20260625.csv,142.2226,0.033299999999997,0.0234140003065595
119551,2017-01-12,142.4383,Aditya Birla Sun Life Banking & PSU Debt Fund - DIRECT - IDCW,Aditya Birla Sun Life Mutual Fund,Open Ended Schemes,Debt Scheme - Banking and PSU Fund,INF209KA12Z1,INF209KA13Z9,nav_119551_20260625.csv,142.2559,0.1824000000000012,0.128219637990411
119551,2017-01-13,142.3455,Aditya Birla Sun Life Banking & PSU Debt Fund - DIRECT - IDCW,Aditya Birla Sun Life Mutual Fund,Open Ended Schemes,Debt Scheme - Banking and PSU Fund,INF209KA12Z1,INF209KA13Z9,nav_119551_20260625.csv,142.4383,-0.0928000000000111,-0.0651510162645939
119551,2017-01-16,142.3247,Aditya Birla Sun Life Banking & PSU Debt Fund - DIRECT - IDCW,Aditya Birla Sun Life Mutual Fund,Open Ended Schemes,Debt Scheme - Banking and PSU Fund,INF209KA12Z1,INF209KA13Z9,nav_119551_20260625.csv,142.3455,-0.0207999999999799,-0.0146123340744736
119551,2017-01-17,142.4058,Aditya Birla Sun Life Banking & PSU Debt Fund - DIRECT - IDCW,Aditya Birla Sun Life Mutual Fund,Open Ended Schemes,Debt Scheme - Banking and PSU Fund,INF209KA12Z1,INF209KA13Z9,nav_119551_20260625.csv,142.3247,0.0810999999999921,0.056982379024858
119551,2017-01-18,142.3467,Aditya Birla Sun Life Banking & PSU Debt Fund - DIRECT - IDCW,Aditya Birla Sun Life Mutual Fund,Open Ended Schemes,Debt Scheme - Banking and PSU Fund,INF209KA12Z1,INF209KA13Z9,nav_119551_20260625.csv,142.4058,-0.0591000000000008,-0.0415011186342135
119551,2017-01-19,142.2584,Aditya Birla Sun Life Banking & PSU Debt Fund - DIRECT - IDCW,Aditya Birla Sun Life Mutual Fund,Open Ended Schemes,Debt Scheme - Banking and PSU Fund,INF209KA12Z1,INF209KA13Z9,nav_119551_20260625.csv,142.3467,-0.0883000000000038,-0.062031645271723
119551,2017-01-20,142.294,Aditya Birla Sun Life Banking & PSU Debt Fund - DIRECT - IDCW,Aditya Birla Sun Life Mutual Fund,Open Ended Schemes,Debt Scheme - Banking and PSU Fund,INF209KA12Z1,INF209KA13Z9,nav_119551_20260625.csv,142.2584,0.0356000000000165,0.025024884295069
119551,2017-01-23,142.362,Aditya Birla Sun Life Banking & PSU Debt Fund - DIRECT - IDCW,Aditya Birla Sun Life Mutual Fund,Open Ended Schemes,Debt Scheme - Banking and PSU Fund,INF209KA12Z1,INF209KA13Z9,nav_119551_20260625.csv,142.294,0.0679999999999836,0.0477883818010482
119551,2017-01-24,142.4236,Aditya Birla Sun Life Banking & PSU Debt Fund - DIRECT - IDCW,Aditya Birla Sun Life Mutual Fund,Open Ended Schemes,Debt Scheme - Banking and PSU Fund,INF209KA12Z1,INF209KA13Z9,nav_119551_20260625.csv,142.362,0.0615999999999985,0.0432699737289435
119551,2017-01-25,142.5021,Aditya Birla Sun Life Banking & PSU Debt Fund - DIRECT - IDCW,Aditya Birla Sun Life Mutual Fund,Open Ended Schemes,Debt Scheme - Banking and PSU Fund,INF209KA12Z1,INF209KA13Z9,nav_119551_20260625.csv,142.4236,0.0785000000000195,0.0551172698906779
119551,2017-01-27,142.5803,Aditya Birla Sun Life Banking & PSU Debt Fund - DIRECT - IDCW,Aditya Birla Sun Life Mutual Fund,Open Ended Schemes,Debt Scheme - Banking and PSU Fund,INF209KA12Z1,INF209KA13Z9,nav_119551_20260625.csv,142.5021,0.0781999999999811,0.0548763842778325
119551,2017-01-30,142.6424,Aditya Birla Sun Life Banking & PSU Debt Fund - DIRECT - IDCW,Aditya Birla Sun Life Mutual Fund,Open Ended Schemes,Debt Scheme - Banking and PSU Fund,INF209KA12Z1,INF209KA13Z9,nav_119551_20260625.csv,142.5803,0.0621000000000151,0.0435544040796766
119551,2017-01-31,142.6513,Aditya Birla Sun Life Banking & PSU Debt Fund - DIRECT - IDCW,Aditya Birla Sun Life Mutual Fund,Open Ended Schemes,Debt Scheme - Banking and PSU Fund,INF209KA12Z1,INF209KA13Z9,nav_119551_20260625.csv,142.6424,0.0088999999999828,0.0062393790345527
119551,2017-02-01,142.708,Aditya Birla Sun Life Banking & PSU Debt Fund - DIRECT - IDCW,Aditya Birla Sun Life Mutual Fund,Open Ended Schemes,Debt Scheme - Banking and PSU Fund,INF209KA12Z1,INF209KA13Z9,nav_119551_20260625.csv,142.6513,0.0567000000000064,0.0397472718440045
119551,2017-02-02,142.8498,Aditya Birla Sun Life Banking & PSU Debt Fund - DIRECT - IDCW,Aditya Birla Sun Life Mutual Fund,Open Ended Schemes,Debt Scheme - Banking and PSU Fund,INF209KA12Z1,INF209KA13Z9,nav_119551_20260625.csv,142.708,0.1417999999999892,0.0993637357401051
119551,2017-02-03,142.8411,Aditya Birla Sun Life Banking & PSU Debt Fund - DIRECT - IDCW,Aditya Birla Sun Life Mutual Fund,Open Ended Schemes,Debt Scheme - Banking and PSU Fund,INF209KA12Z1,INF209KA13Z9,nav_119551_20260625.csv,142.8498,-0.0086999999999761,-0.0060903130420736
119551,2017-02-06,142.8673,Aditya Birla Sun Life Banking & PSU Debt Fund - DIRECT - IDCW,Aditya Birla Sun Life Mutual Fund,Open Ended Schemes,Debt Scheme - Banking and PSU Fund,INF209KA12Z1,INF209KA13Z9,nav_119551_20260625.csv,142.8411,0.0261999999999886,0.0183420598133091
119551,2017-02-07,142.8426,Aditya Birla Sun Life Banking & PSU Debt Fund - DIRECT - IDCW,Aditya Birla Sun Life Mutual Fund,Open Ended Schemes,Debt Scheme - Banking and PSU Fund,INF209KA12Z1,INF209KA13Z9,nav_119551_20260625.csv,142.8673,-0.0246999999999957,-0.0172887707683953
119551,2017-02-08,141.0498,Aditya Birla Sun Life Banking & PSU Debt Fund - DIRECT - IDCW,Aditya Birla Sun Life Mutual Fund,Open Ended Schemes,Debt Scheme - Banking and PSU Fund,INF209KA12Z1,INF209KA13Z9,nav_119551_20260625.csv,142.8426,-1.7927999999999995,-1.2550877679347756
119551,2017-02-09,140.3961,Aditya Birla Sun Life Banking & PSU Debt Fund - DIRECT - IDCW,Aditya Birla Sun Life Mutual Fund,Open Ended Schemes,Debt Scheme - Banking and PSU Fund,INF209KA12Z1,INF209KA13Z9,nav_119551_20260625.csv,141.0498,-0.6537000000000148,-0.4634533335034965
119551,2017-02-10,140.6958,Aditya Birla Sun Life Banking & PSU Debt Fund - DIRECT - IDCW,Aditya Birla Sun Life Mutual Fund,Open Ended Schemes,Debt Scheme - Banking and PSU Fund,INF209KA12Z1,INF209KA13Z9,nav_119551_20260625.csv,140.3961,0.2997000000000014,0.2134674681134315
119551,2017-02-13,140.7741,Aditya Birla Sun Life Banking & PSU Debt Fund - DIRECT - IDCW,Aditya Birla Sun Life Mutual Fund,Open Ended Schemes,Debt Scheme - Banking and PSU Fund,INF209KA12Z1,INF209KA13Z9,nav_119551_20260625.csv,140.6958,0.0783000000000129,0.0556519810826001
119551,2017-02-14,140.6769,Aditya Birla Sun Life Banking & PSU Debt Fund - DIRECT - IDCW,Aditya Birla Sun Life Mutual Fund,Open Ended Schemes,Debt Scheme - Banking and PSU Fund,INF209KA12Z1,INF209KA13Z9,nav_119551_20260625.csv,140.7741,-0.097200000000015,-0.0690467919880255
119551,2017-02-15,140.7425,Aditya Birla Sun Life Banking & PSU Debt Fund - DIRECT - IDCW,Aditya Birla Sun Life Mutual Fund,Open Ended Schemes,Debt Scheme - Banking and PSU Fund,INF209KA12Z1,INF209KA13Z9,nav_119551_20260625.csv,140.6769,0.0656000000000176,0.046631678690686
119551,2017-02-16,140.855,Aditya Birla Sun Life Banking & PSU Debt Fund - DIRECT - IDCW,Aditya Birla Sun Life Mutual Fund,Open Ended Schemes,Debt Scheme - Banking and PSU Fund,INF209KA12Z1,INF209KA13Z9,nav_119551_20260625.csv,140.7425,0.1124999999999829,0.0799332113611616
119551,2017-02-17,140.8544,Aditya Birla Sun Life Banking & PSU Debt Fund - DIRECT - IDCW,Aditya Birla Sun Life Mutual Fund,Open Ended Schemes,Debt Scheme - Banking and PSU Fund,INF209KA12Z1,INF209KA13Z9,nav_119551_20260625.csv,140.855,-0.0005999999999914,-0.0004259699691111
119551,2017-02-20,140.7201,Aditya Birla Sun Life Banking & PSU Debt Fund - DIRECT - IDCW,Aditya Birla Sun Life Mutual Fund,Open Ended Schemes,Debt Scheme - Banking and PSU Fund,INF209KA12Z1,INF209KA13Z9,nav_119551_20260625.csv,140.8544,-0.1342999999999961,-0.0953466842356334
119551,2017-02-22,140.5482,Aditya Birla Sun Life Banking & PSU Debt Fund - DIRECT - IDCW,Aditya Birla Sun Life Mutual Fund,Open Ended Schemes,Debt Scheme - Banking and PSU Fund,INF209KA12Z1,INF209KA13Z9,nav_119551_20260625.csv,140.7201,-0.1718999999999937,-0.1221573890297077
119551,2017-02-23,140.656,Aditya Birla Sun Life Banking & PSU Debt Fund - DIRECT - IDCW,Aditya Birla Sun Life Mutual Fund,Open Ended Schemes,Debt Scheme - Banking and PSU Fund,INF209KA12Z1,INF209KA13Z9,nav_119551_20260625.csv,140.5482,0.1077999999999974,0.0766996660220461
119551,2017-02-27,140.8612,Aditya Birla Sun Life Banking & PSU Debt Fund - DIRECT - IDCW,Aditya Birla Sun Life Mutual Fund,Open Ended Schemes,Debt Scheme - Banking and PSU Fund,INF209KA12Z1,INF209KA13Z9,nav_119551_20260625.csv,140.656,0.2051999999999907,0.1458878398361895
119551,2017-02-28,140.8785,Aditya Birla Sun Life Banking & PSU Debt Fund - DIRECT - IDCW,Aditya Birla Sun Life Mutual Fund,Open Ended Schemes,Debt Scheme - Banking and PSU Fund,INF209KA12Z1,INF209KA13Z9,nav_119551_20260625.csv,140.8612,0.0173000000000058,0.0122815935119151
119551,2017-03-01,140.6291,Aditya Birla Sun Life Banking & PSU Debt Fund - DIRECT - IDCW,Aditya Birla Sun Life Mutual Fund,Open Ended Schemes,Debt Scheme - Banking and PSU Fund,INF209KA12Z1,INF209KA13Z9,nav_119551_20260625.csv,140.8785,-0.2494000000000085,-0.1770319814592067
119551,2017-03-02,140.6931,Aditya Birla Sun Life Banking & PSU Debt Fund - DIRECT - IDCW,Aditya Birla Sun Life Mutual Fund,Open Ended Schemes,Debt Scheme - Banking and PSU Fund,INF209KA12Z1,INF209KA13Z9,nav_119551_20260625.csv,140.6291,0.0639999999999929,0.0455097842480631
119551,2017-03-03,140.8939,Aditya Birla Sun Life Banking & PSU Debt Fund - DIRECT - IDCW,Aditya Birla Sun Life Mutual Fund,Open Ended Schemes,Debt Scheme - Banking and PSU Fund,INF209KA12Z1,INF209KA13Z9,nav_119551_20260625.csv,140.6931,0.2008000000000152,0.1427219956060497
119551,2017-03-06,140.7214,Aditya Birla Sun Life Banking & PSU Debt Fund - DIRECT - IDCW,Aditya Birla Sun Life Mutual Fund,Open Ended Schemes,Debt Scheme - Banking and PSU Fund,INF209KA12Z1,INF209KA13Z9,nav_119551_20260625.csv,140.8939,-0.1725000000000136,-0.1224325538579126
119551,2017-03-07,140.6715,Aditya Birla Sun Life Banking & PSU Debt Fund - DIRECT - IDCW,Aditya Birla Sun Life Mutual Fund,Open Ended Schemes,Debt Scheme - Banking and PSU Fund,INF209KA12Z1,INF209KA13Z9,nav_119551_20260625.csv,140.7214,-0.0498999999999796,-0.0354601361271133
119551,2017-03-08,140.6217,Aditya Birla Sun Life Banking & PSU Debt Fund - DIRECT - IDCW,Aditya Birla Sun Life Mutual Fund,Open Ended Schemes,Debt Scheme - Banking and PSU Fund,INF209KA12Z1,INF209KA13Z9,nav_119551_20260625.csv,140.6715,-0.0498000000000047,-0.0354016271952774
119551,2017-03-09,140.5925,Aditya Birla Sun Life Banking & PSU Debt Fund - DIRECT - IDCW,Aditya Birla Sun Life Mutual Fund,Open Ended Schemes,Debt Scheme - Banking and PSU Fund,INF209KA12Z1,INF209KA13Z9,nav_119551_20260625.csv,140.6217,-0.029200000000003,-0.0207649317281778
119551,2017-03-10,140.3602,Aditya Birla Sun Life Banking & PSU Debt Fund - DIRECT - IDCW,Aditya Birla Sun Life Mutual Fund,Open Ended Schemes,Debt Scheme - Banking and PSU Fund,INF209KA12Z1,INF209KA13Z9,nav_119551_20260625.csv,140.5925,-0.2323000000000092,-0.1652292974376366
119551,2017-03-14,140.4476,Aditya Birla Sun Life Banking & PSU Debt Fund - DIRECT - IDCW,Aditya Birla Sun Life Mutual Fund,Open Ended Schemes,Debt Scheme - Banking and PSU Fund,INF209KA12Z1,INF209KA13Z9,nav_119551_20260625.csv,140.3602,0.0874000000000023,0.0622683638239346
119551,2017-03-15,140.8803,Aditya Birla Sun Life Banking & PSU Debt Fund - DIRECT - IDCW,Aditya Birla Sun Life Mutual Fund,Open Ended Schemes,Debt Scheme - Banking and PSU Fund,INF209KA12Z1,INF209KA13Z9,nav_119551_20260625.csv,140.4476,0.4327000000000112,0.3080864322352331
119551,2017-03-16,141.011,Aditya Birla Sun Life Banking & PSU Debt Fund - DIRECT - IDCW,Aditya Birla Sun Life Mutual Fund,Open Ended Schemes,Debt Scheme - Banking and PSU Fund,INF209KA12Z1,INF209KA13Z9,nav_119551_20260625.csv,140.8803,0.1306999999999902,0.0927737944907771
119551,2017-03-17,141.0134,Aditya Birla Sun Life Banking & PSU Debt Fund - DIRECT - IDCW,Aditya Birla Sun Life Mutual Fund,Open Ended Schemes,Debt Scheme - Banking and PSU Fund,INF209KA12Z1,INF209KA13Z9,nav_119551_20260625.csv,141.011,0.0023999999999944,0.0017019948798281
119551,2017-03-20,141.0427,Aditya Birla Sun Life Banking & PSU Debt Fund - DIRECT - IDCW,Aditya Birla Sun Life Mutual Fund,Open Ended Schemes,Debt Scheme - Banking and PSU Fund,INF209KA12Z1,INF209KA13Z9,nav_119551_20260625.csv,141.0134,0.0293000000000063,0.0207781671812794
119551,2017-03-21,141.1567,Aditya Birla Sun Life Banking & PSU Debt Fund - DIRECT - IDCW,Aditya Birla Sun Life Mutual Fund,Open Ended Schemes,Debt Scheme - Banking and PSU Fund,INF209KA12Z1,INF209KA13Z9,nav_119551_20260625.csv,141.0427,0.1140000000000043,0.0808265865585417
119551,2017-03-22,141.6441,Aditya Birla Sun Life Banking & PSU Debt Fund - DIRECT - IDCW,Aditya Birla Sun Life Mutual Fund,Open Ended Schemes,Debt Scheme - Banking and PSU Fund,INF209KA12Z1,INF209KA13Z9,nav_119551_20260625.csv,141.1567,0.487400000000008,0.3452900216567885
119551,2017-03-23,141.7341,Aditya Birla Sun Life Banking & PSU Debt Fund - DIRECT - IDCW,Aditya Birla Sun Life Mutual Fund,Open Ended Schemes,Debt Scheme - Banking and PSU Fund,INF209KA12Z1,INF209KA13Z9,nav_119551_20260625.csv,141.6441,0.0900000000000034,0.0635395332385912
119551,2017-03-24,141.7796,Aditya Birla Sun Life Banking & PSU Debt Fund - DIRECT - IDCW,Aditya Birla Sun Life Mutual Fund,Open Ended Schemes,Debt Scheme - Banking and PSU Fund,INF209KA12Z1,INF209KA13Z9,nav_119551_20260625.csv,141.7341,0.0454999999999756,0.0321023663324321
119551,2017-03-27,142.1702,Aditya Birla Sun Life Banking & PSU Debt Fund - DIRECT - IDCW,Aditya Birla Sun Life Mutual Fund,Open Ended Schemes,Debt Scheme - Banking and PSU Fund,INF209KA12Z1,INF209KA13Z9,nav_119551_20260625.csv,141.7796,0.3906000000000063,0.2754980265143972
119551,2017-03-29,142.1405,Aditya Birla Sun Life Banking & PSU Debt Fund - DIRECT - IDCW,Aditya Birla Sun Life Mutual Fund,Open Ended Schemes,Debt Scheme - Banking and PSU Fund,INF209KA12Z1,INF209KA13Z9,nav_119551_20260625.csv,142.1702,-0.0296999999999911,-0.0208904538363111
119551,2017-03-30,142.2701,Aditya Birla Sun Life Banking & PSU Debt Fund - DIRECT - IDCW,Aditya Birla Sun Life Mutual Fund,Open Ended Schemes,Debt Scheme - Banking and PSU Fund,INF209KA12Z1,INF209KA13Z9,nav_119551_20260625.csv,142.1405,0.1296000000000106,0.0911773913838846
119551,2017-03-31,142.3365,Aditya Birla Sun Life Banking & PSU Debt Fund - DIRECT - IDCW,Aditya Birla Sun Life Mutual Fund,Open Ended Schemes,Debt Scheme - Banking and PSU Fund,INF209KA12Z1,INF209KA13Z9,nav_119551_20260625.csv,142.2701,0.0663999999999873,0.046671788379981
119551,2017-04-03,142.491,Aditya Birla Sun Life Banking & PSU Debt Fund - DIRECT - IDCW,Aditya Birla Sun Life Mutual Fund,Open Ended Schemes,Debt Scheme - Banking and PSU Fund,INF209KA12Z1,INF209KA13Z9,nav_119551_20260625.csv,142.3365,0.1545000000000129,0.1085455944188686
119551,2017-04-05,142.456,Aditya Birla Sun Life Banking & PSU Debt Fund - DIRECT - IDCW,Aditya Birla Sun Life Mutual Fund,Open Ended Schemes,Debt Scheme - Banking and PSU Fund,INF209KA12Z1,INF209KA13Z9,nav_119551_20260625.csv,142.491,-0.035000000000025,-0.0245629548533065
119551,2017-04-06,142.0344,Aditya Birla Sun Life Banking & PSU Debt Fund - DIRECT - IDCW,Aditya Birla Sun Life Mutual Fund,Open Ended Schemes,Debt Scheme - Banking and PSU Fund,INF209KA12Z1,INF209KA13Z9,nav_119551_20260625.csv,142.456,-0.4215999999999837,-0.2959510304936147
119551,2017-04-07,141.9749,Aditya Birla Sun Life Banking & PSU Debt Fund - DIRECT - IDCW,Aditya Birla Sun Life Mutual Fund,Open Ended Schemes,Debt Scheme - Banking and PSU Fund,INF209KA12Z1,INF209KA13Z9,nav_119551_20260625.csv,142.0344,-0.0595000000000141,-0.0418912601454394
119551,2017-04-10,142.0721,Aditya Birla Sun Life Banking & PSU Debt Fund - DIRECT - IDCW,Aditya Birla Sun Life Mutual Fund,Open Ended Schemes,Debt Scheme - Banking and PSU Fund,INF209KA12Z1,INF209KA13Z9,nav_119551_20260625.csv,141.9749,0.097200000000015,0.0684628057494775
119551,2017-04-11,142.2557,Aditya Birla Sun Life Banking & PSU Debt Fund - DIRECT - IDCW,Aditya Birla Sun Life Mutual Fund,Open Ended Schemes,Debt Scheme - Banking and PSU Fund,INF209KA12Z1,INF209KA13Z9,nav_119551_20260625.csv,142.0721,0.1835999999999842,0.1292301584899387
119551,2017-04-12,142.4196,Aditya Birla Sun Life Banking & PSU Debt Fund - DIRECT - IDCW,Aditya Birla Sun Life Mutual Fund,Open Ended Schemes,Debt Scheme - Banking and PSU Fund,INF209KA12Z1,INF209KA13Z9,nav_119551_20260625.csv,142.2557,0.1639000000000123,0.1152150669533891
119551,2017-04-13,142.5844,Aditya Birla Sun Life Banking & PSU Debt Fund - DIRECT - IDCW,Aditya Birla Sun Life Mutual Fund,Open Ended Schemes,Debt Scheme - Banking and PSU Fund,INF209KA12Z1,INF209KA13Z9,nav_119551_20260625.csv,142.4196,0.1647999999999854,0.1157144100952294
119551,2017-04-17,142.6317,Aditya Birla Sun Life Banking & PSU Debt Fund - DIRECT - IDCW,Aditya Birla Sun Life Mutual Fund,Open Ended Schemes,Debt Scheme - Banking and PSU Fund,INF209KA12Z1,INF209KA13Z9,nav_119551_20260625.csv,142.5844,0.047300000000007,0.0331733345302901
119551,2017-04-18,142.6525,Aditya Birla Sun Life Banking & PSU Debt Fund - DIRECT - IDCW,Aditya Birla Sun Life Mutual Fund,Open Ended Schemes,Debt Scheme - Banking and PSU Fund,INF209KA12Z1,INF209KA13Z9,nav_119551_20260625.csv,142.6317,0.0208000000000083,0.0145830134535368
119551,2017-04-19,142.7966,Aditya Birla Sun Life Banking & PSU Debt Fund - DIRECT - IDCW,Aditya Birla Sun Life Mutual Fund,Open Ended Schemes,Debt Scheme - Banking and PSU Fund,INF209KA12Z1,INF209KA13Z9,nav_119551_20260625.csv,142.6525,0.1441000000000087,0.1010147035628599
119551,2017-04-20,142.7991,Aditya Birla Sun Life Banking & PSU Debt Fund - DIRECT - IDCW,Aditya Birla Sun Life Mutual Fund,Open Ended Schemes,Debt Scheme - Banking and PSU Fund,INF209KA12Z1,INF209KA13Z9,nav_119551_20260625.csv,142.7966,0.0024999999999977,0.0017507419644429
119551,2017-04-21,142.6345,Aditya Birla Sun Life Banking & PSU Debt Fund - DIRECT - IDCW,Aditya Birla Sun Life Mutual Fund,Open Ended Schemes,Debt Scheme - Banking and PSU Fund,INF209KA12Z1,INF209KA13Z9,nav_119551_20260625.csv,142.7991,-0.1646000000000071,-0.115266832914218
119551,2017-04-24,142.7063,Aditya Birla Sun Life Banking & PSU Debt Fund - DIRECT - IDCW,Aditya Birla Sun Life Mutual Fund,Open Ended Schemes,Debt Scheme - Banking and PSU Fund,INF209KA12Z1,INF209KA13Z9,nav_119551_20260625.csv,142.6345,0.071799999999996,0.0503384524781845
119551,2017-04-25,142.8376,Aditya Birla Sun Life Banking & PSU Debt Fund - DIRECT - IDCW,Aditya Birla Sun Life Mutual Fund,Open Ended Schemes,Debt Scheme - Banking and PSU Fund,INF209KA12Z1,INF209KA13Z9,nav_119551_20260625.csv,142.7063,0.1313000000000102,0.0920071503500617
119551,2017-04-26,142.7088,Aditya Birla Sun Life Banking & PSU Debt Fund - DIRECT - IDCW,Aditya Birla Sun Life Mutual Fund,Open Ended Schemes,Debt Scheme - Banking and PSU Fund,INF209KA12Z1,INF209KA13Z9,nav_119551_20260625.csv,142.8376,-0.1288000000000124,-0.0901723355755154
119551,2017-04-27,142.7118,Aditya Birla Sun Life Banking & PSU Debt Fund - DIRECT - IDCW,Aditya Birla Sun Life Mutual Fund,Open Ended Schemes,Debt Scheme - Banking and PSU Fund,INF209KA12Z1,INF209KA13Z9,nav_119551_20260625.csv,142.7088,0.0030000000000143,0.0021021829067403
119551,2017-04-28,142.7091,Aditya Birla Sun Life Banking & PSU Debt Fund - DIRECT - IDCW,Aditya Birla Sun Life Mutual Fund,Open Ended Schemes,Debt Scheme - Banking and PSU Fund,INF209KA12Z1,INF209KA13Z9,nav_119551_20260625.csv,142.7118,-0.0027000000000043,-0.0018919248443396
119551,2017-05-02,142.7261,Aditya Birla Sun Life Banking & PSU Debt Fund - DIRECT - IDCW,Aditya Birla Sun Life Mutual Fund,Open Ended Schemes,Debt Scheme - Banking and PSU Fund,INF209KA12Z1,INF209KA13Z9,nav_119551_20260625.csv,142.7091,0.0169999999999959,0.0119123447628749
119551,2017-05-03,142.7804,Aditya Birla Sun Life Banking & PSU Debt Fund - DIRECT - IDCW,Aditya Birla Sun Life Mutual Fund,Open Ended Schemes,Debt Scheme - Banking and PSU Fund,INF209KA12Z1,INF209KA13Z9,nav_119551_20260625.csv,142.7261,0.0542999999999835,0.0380448985854609
119551,2017-05-04,142.781,Aditya Birla Sun Life Banking & PSU Debt Fund - DIRECT - IDCW,Aditya Birla Sun Life Mutual Fund,Open Ended Schemes,Debt Scheme - Banking and PSU Fund,INF209KA12Z1,INF209KA13Z9,nav_119551_20260625.csv,142.7804,0.0006000000000199,0.0004202257452843
119551,2017-05-05,142.8881,Aditya Birla Sun Life Banking & PSU Debt Fund - DIRECT - IDCW,Aditya Birla Sun Life Mutual Fund,Open Ended Schemes,Debt Scheme - Banking and PSU Fund,INF209KA12Z1,INF209KA13Z9,nav_119551_20260625.csv,142.781,0.1071000000000026,0.0750099803195121
119551,2017-05-08,143.0171,Aditya Birla Sun Life Banking & PSU Debt Fund - DIRECT - IDCW,Aditya Birla Sun Life Mutual Fund,Open Ended Schemes,Debt Scheme - Banking and PSU Fund,INF209KA12Z1,INF209KA13Z9,nav_119551_20260625.csv,142.8881,0.1289999999999906,0.0902804362294625
119551,2017-05-09,143.0225,Aditya Birla Sun Life Banking & PSU Debt Fund - DIRECT - IDCW,Aditya Birla Sun Life Mutual Fund,Open Ended Schemes,Debt Scheme - Banking and PSU Fund,INF209KA12Z1,INF209KA13Z9,nav_119551_20260625.csv,143.0171,0.0054000000000087,0.0037757722677978
119551,2017-05-11,143.0782,Aditya Birla Sun Life Banking & PSU Debt Fund - DIRECT - IDCW,Aditya Birla Sun Life Mutual Fund,Open Ended Schemes,Debt Scheme - Banking and PSU Fund,INF209KA12Z1,INF209KA13Z9,nav_119551_20260625.csv,143.0225,0.0557000000000016,0.03894492125365
119551,2017-05-12,143.191,Aditya Birla Sun Life Banking & PSU Debt Fund - DIRECT - IDCW,Aditya Birla Sun Life Mutual Fund,Open Ended Schemes,Debt Scheme - Banking and PSU Fund,INF209KA12Z1,INF209KA13Z9,nav_119551_20260625.csv,143.0782,0.1127999999999929,0.0788380060694032
119551,2017-05-15,143.5718,Aditya Birla Sun Life Banking & PSU Debt Fund - DIRECT - IDCW,Aditya Birla Sun Life Mutual Fund,Open Ended Schemes,Debt Scheme - Banking and PSU Fund,INF209KA12Z1,INF209KA13Z9,nav_119551_20260625.csv,143.191,0.3807999999999936,0.2659385017214724
119551,2017-05-16,143.5436,Aditya Birla Sun Life Banking & PSU Debt Fund - DIRECT - IDCW,Aditya Birla Sun Life Mutual Fund,Open Ended Schemes,Debt Scheme - Banking and PSU Fund,INF209KA12Z1,INF209KA13Z9,nav_119551_20260625.csv,143.5718,-0.0281999999999982,-0.0196417402303225
119551,2017-05-17,143.5683,Aditya Birla Sun Life Banking & PSU Debt Fund - DIRECT - IDCW,Aditya Birla Sun Life Mutual Fund,Open Ended Schemes,Debt Scheme - Banking and PSU Fund,INF209KA12Z1,INF209KA13Z9,nav_119551_20260625.csv,143.5436,0.0246999999999957,0.0172073154079984
119551,2017-05-18,143.5992,Aditya Birla Sun Life Banking & PSU Debt Fund - DIRECT - IDCW,Aditya Birla Sun Life Mutual Fund,Open Ended Schemes,Debt Scheme - Banking and PSU Fund,INF209KA12Z1,INF209KA13Z9,nav_119551_20260625.csv,143.5683,0.0309000000000025,0.0215228570652453
119551,2017-05-19,143.6111,Aditya Birla Sun Life Banking & PSU Debt Fund - DIRECT - IDCW,Aditya Birla Sun Life Mutual Fund,Open Ended Schemes,Debt Scheme - Banking and PSU Fund,INF209KA12Z1,INF209KA13Z9,nav_119551_20260625.csv,143.5992,0.0118999999999971,0.0082869542448684
119551,2017-05-22,143.7899,Aditya Birla Sun Life Banking & PSU Debt Fund - DIRECT - IDCW,Aditya Birla Sun Life Mutual Fund,Open Ended Schemes,Debt Scheme - Banking and PSU Fund,INF209KA12Z1,INF209KA13Z9,nav_119551_20260625.csv,143.6111,0.1787999999999954,0.1245029109866823
119551,2017-05-23,143.8682,Aditya Birla Sun Life Banking & PSU Debt Fund - DIRECT - IDCW,Aditya Birla Sun Life Mutual Fund,Open Ended Schemes,Debt Scheme - Banking and PSU Fund,INF209KA12Z1,INF209KA13Z9,nav_119551_20260625.csv,143.7899,0.0783000000000129,0.0544544505559938
119551,2017-05-24,143.9093,Aditya Birla Sun Life Banking & PSU Debt Fund - DIRECT - IDCW,Aditya Birla Sun Life Mutual Fund,Open Ended Schemes,Debt Scheme - Banking and PSU Fund,INF209KA12Z1,INF209KA13Z9,nav_119551_20260625.csv,143.8682,0.0411000000000001,0.0285678141521198
119551,2017-05-25,144.0182,Aditya Birla Sun Life Banking & PSU Debt Fund - DIRECT - IDCW,Aditya Birla Sun Life Mutual Fund,Open Ended Schemes,Debt Scheme - Banking and PSU Fund,INF209KA12Z1,INF209KA13Z9,nav_119551_20260625.csv,143.9093,0.1089000000000055,0.0756726632677704
119551,2017-05-26,144.139,Aditya Birla Sun Life Banking & PSU Debt Fund - DIRECT - IDCW,Aditya Birla Sun Life Mutual Fund,Open Ended Schemes,Debt Scheme - Banking and PSU Fund,INF209KA12Z1,INF209KA13Z9,nav_119551_20260625.csv,144.0182,0.1208000000000026,0.0838782876053184
119551,2017-05-29,144.139,Aditya Birla Sun Life Banking & PSU Debt Fund - DIRECT - IDCW,Aditya Birla Sun Life Mutual Fund,Open Ended Schemes,Debt Scheme - Banking and PSU Fund,INF209KA12Z1,INF209KA13Z9,nav_119551_20260625.csv,144.139,0.0,0.0
119551,2017-05-30,144.1695,Aditya Birla Sun Life Banking & PSU Debt Fund - DIRECT - IDCW,Aditya Birla Sun Life Mutual Fund,Open Ended Schemes,Debt Scheme - Banking and PSU Fund,INF209KA12Z1,INF209KA13Z9,nav_119551_20260625.csv,144.139,0.0304999999999893,0.0211601301521373
119551,2017-05-31,144.2526,Aditya Birla Sun Life Banking & PSU Debt Fund - DIRECT - IDCW,Aditya Birla Sun Life Mutual Fund,Open Ended Schemes,Debt Scheme - Banking and PSU Fund,INF209KA12Z1,INF209KA13Z9,nav_119551_20260625.csv,144.1695,0.0831000000000017,0.0576404856783173
119551,2017-06-01,144.4377,Aditya Birla Sun Life Banking & PSU Debt Fund - DIRECT - IDCW,Aditya Birla Sun Life Mutual Fund,Open Ended Schemes,Debt Scheme - Banking and PSU Fund,INF209KA12Z1,INF209KA13Z9,nav_119551_20260625.csv,144.2526,0.1851000000000056,0.1283165780027573
119551,2017-06-02,144.495,Aditya Birla Sun Life Banking & PSU Debt Fund - DIRECT - IDCW,Aditya Birla Sun Life Mutual Fund,Open Ended Schemes,Debt Scheme - Banking and PSU Fund,INF209KA12Z1,INF209KA13Z9,nav_119551_20260625.csv,144.4377,0.0572999999999979,0.039671083103648
119551,2017-06-05,144.5409,Aditya Birla Sun Life Banking & PSU Debt Fund - DIRECT - IDCW,Aditya Birla Sun Life Mutual Fund,Open Ended Schemes,Debt Scheme - Banking and PSU Fund,INF209KA12Z1,INF209KA13Z9,nav_119551_20260625.csv,144.495,0.0458999999999889,0.0317658050451496
119551,2017-06-06,144.5701,Aditya Birla Sun Life Banking & PSU Debt Fund - DIRECT - IDCW,Aditya Birla Sun Life Mutual Fund,Open Ended Schemes,Debt Scheme - Banking and PSU Fund,INF209KA12Z1,INF209KA13Z9,nav_119551_20260625.csv,144.5409,0.029200000000003,0.0202018944118951
119551,2017-06-07,144.9507,Aditya Birla Sun Life Banking & PSU Debt Fund - DIRECT - IDCW,Aditya Birla Sun Life Mutual Fund,Open Ended Schemes,Debt Scheme - Banking and PSU Fund,INF209KA12Z1,INF209KA13Z9,nav_119551_20260625.csv,144.5701,0.3806000000000153,0.2632632888820132
119551,2017-06-08,145.3316,Aditya Birla Sun Life Banking & PSU Debt Fund - DIRECT - IDCW,Aditya Birla Sun Life Mutual Fund,Open Ended Schemes,Debt Scheme - Banking and PSU Fund,INF209KA12Z1,INF209KA13Z9,nav_119551_20260625.csv,144.9507,0.3808999999999969,0.2627790000324226
119551,2017-06-09,145.4447,Aditya Birla Sun Life Banking & PSU Debt Fund - DIRECT - IDCW,Aditya Birla Sun Life Mutual Fund,Open Ended Schemes,Debt Scheme - Banking and PSU Fund,INF209KA12Z1,INF209KA13Z9,nav_119551_20260625.csv,145.3316,0.1131000000000028,0.0778220290700734
119551,2017-06-12,145.5341,Aditya Birla Sun Life Banking & PSU Debt Fund - DIRECT - IDCW,Aditya Birla Sun Life Mutual Fund,Open Ended Schemes,Debt Scheme - Banking and PSU Fund,INF209KA12Z1,INF209KA13Z9,nav_119551_20260625.csv,145.4447,0.0893999999999834,0.0614666605245729
119551,2017-06-13,145.6403,Aditya Birla Sun Life Banking & PSU Debt Fund - DIRECT - IDCW,Aditya Birla Sun Life Mutual Fund,Open Ended Schemes,Debt Scheme - Banking and PSU Fund,INF209KA12Z1,INF209KA13Z9,nav_119551_20260625.csv,145.5341,0.1062000000000011,0.0729725885548481
119551,2017-06-14,145.6607,Aditya Birla Sun Life Banking & PSU Debt Fund - DIRECT - IDCW,Aditya Birla Sun Life Mutual Fund,Open Ended Schemes,Debt Scheme - Banking and PSU Fund,INF209KA12Z1,INF209KA13Z9,nav_119551_20260625.csv,145.6403,0.020399999999995,0.0140071120424738
119551,2017-06-15,145.6979,Aditya Birla Sun Life Banking & PSU Debt Fund - DIRECT - IDCW,Aditya Birla Sun Life Mutual Fund,Open Ended Schemes,Debt Scheme - Banking and PSU Fund,INF209KA12Z1,INF209KA13Z9,nav_119551_20260625.csv,145.6607,0.0372000000000127,0.0255388035345242
119551,2017-06-16,145.6798,Aditya Birla Sun Life Banking & PSU Debt Fund - DIRECT - IDCW,Aditya Birla Sun Life Mutual Fund,Open Ended Schemes,Debt Scheme - Banking and PSU Fund,INF209KA12Z1,INF209KA13Z9,nav_119551_20260625.csv,145.6979,-0.018100000000004,-0.012422965602115
119551,2017-06-19,145.7742,Aditya Birla Sun Life Banking & PSU Debt Fund - DIRECT - IDCW,Aditya Birla Sun Life Mutual Fund,Open Ended Schemes,Debt Scheme - Banking and PSU Fund,INF209KA12Z1,INF209KA13Z9,nav_119551_20260625.csv,145.6798,0.0944000000000073,0.0647996496425773
119551,2017-06-20,145.8016,Aditya Birla Sun Life Banking & PSU Debt Fund - DIRECT - IDCW,Aditya Birla Sun Life Mutual Fund,Open Ended Schemes,Debt Scheme - Banking and PSU Fund,INF209KA12Z1,INF209KA13Z9,nav_119551_20260625.csv,145.7742,0.0274,0.0187961930163225
119551,2017-06-21,145.8889,Aditya Birla Sun Life Banking & PSU Debt Fund - DIRECT - IDCW,Aditya Birla Sun Life Mutual Fund,Open Ended Schemes,Debt Scheme - Banking and PSU Fund,INF209KA12Z1,INF209KA13Z9,nav_119551_20260625.csv,145.8016,0.087299999999999,0.0598758861356796
119551,2017-06-22,145.8735,Aditya Birla Sun Life Banking & PSU Debt Fund - DIRECT - IDCW,Aditya Birla Sun Life Mutual Fund,Open Ended Schemes,Debt Scheme - Banking and PSU Fund,INF209KA12Z1,INF209KA13Z9,nav_119551_20260625.csv,145.8889,-0.0153999999999996,-0.0105559778708315
119551,2017-06-23,145.8813,Aditya Birla Sun Life Banking & PSU Debt Fund - DIRECT - IDCW,Aditya Birla Sun Life Mutual Fund,Open Ended Schemes,Debt Scheme - Banking and PSU Fund,INF209KA12Z1,INF209KA13Z9,nav_119551_20260625.csv,145.8735,0.0078000000000031,0.0053470986848215
119551,2017-06-27,145.9449,Aditya Birla Sun Life Banking & PSU Debt Fund - DIRECT - IDCW,Aditya Birla Sun Life Mutual Fund,Open Ended Schemes,Debt Scheme - Banking and PSU Fund,INF209KA12Z1,INF209KA13Z9,nav_119551_20260625.csv,145.8813,0.0635999999999796,0.043597088866071
119551,2017-06-28,145.8491,Aditya Birla Sun Life Banking & PSU Debt Fund - DIRECT - IDCW,Aditya Birla Sun Life Mutual Fund,Open Ended Schemes,Debt Scheme - Banking and PSU Fund,INF209KA12Z1,INF209KA13Z9,nav_119551_20260625.csv,145.9449,-0.095799999999997,-0.0656412111694187
119551,2017-06-29,145.8476,Aditya Birla Sun Life Banking & PSU Debt Fund - DIRECT - IDCW,Aditya Birla Sun Life Mutual Fund,Open Ended Schemes,Debt Scheme - Banking and PSU Fund,INF209KA12Z1,INF209KA13Z9,nav_119551_20260625.csv,145.8491,-0.0014999999999929,-0.0010284602373226
119551,2017-06-30,145.8394,Aditya Birla Sun Life Banking & PSU Debt Fund - DIRECT - IDCW,Aditya Birla Sun Life Mutual Fund,Open Ended Schemes,Debt Scheme - Banking and PSU Fund,INF209KA12Z1,INF209KA13Z9,nav_119551_20260625.csv,145.8476,-0.0081999999999879,-0.0056223071205751
119551,2017-07-03,145.6663,Aditya Birla Sun Life Banking & PSU Debt Fund - DIRECT - IDCW,Aditya Birla Sun Life Mutual Fund,Open Ended Schemes,Debt Scheme - Banking and PSU Fund,INF209KA12Z1,INF209KA13Z9,nav_119551_20260625.csv,145.8394,-0.1731000000000051,-0.1186922052614075
119551,2017-07-04,145.7582,Aditya Birla Sun Life Banking & PSU Debt Fund - DIRECT - IDCW,Aditya Birla Sun Life Mutual Fund,Open Ended Schemes,Debt Scheme - Banking and PSU Fund,INF209KA12Z1,INF209KA13Z9,nav_119551_20260625.csv,145.6663,0.0918999999999812,0.0630894036575249
119551,2017-07-05,145.8498,Aditya Birla Sun Life Banking & PSU Debt Fund - DIRECT - IDCW,Aditya Birla Sun Life Mutual Fund,Open Ended Schemes,Debt Scheme - Banking and PSU Fund,INF209KA12Z1,INF209KA13Z9,nav_119551_20260625.csv,145.7582,0.0915999999999996,0.062843805700125
119551,2017-07-06,145.9371,Aditya Birla Sun Life Banking & PSU Debt Fund - DIRECT - IDCW,Aditya Birla Sun Life Mutual Fund,Open Ended Schemes,Debt Scheme - Banking and PSU Fund,INF209KA12Z1,INF209KA13Z9,nav_119551_20260625.csv,145.8498,0.087299999999999,0.0598560985342448
119551,2017-07-07,145.9888,Aditya Birla Sun Life Banking & PSU Debt Fund - DIRECT - IDCW,Aditya Birla Sun Life Mutual Fund,Open Ended Schemes,Debt Scheme - Banking and PSU Fund,INF209KA12Z1,INF209KA13Z9,nav_119551_20260625.csv,145.9371,0.0517000000000109,0.0354262212967168
119551,2017-07-10,146.2443,Aditya Birla Sun Life Banking & PSU Debt Fund - DIRECT - IDCW,Aditya Birla Sun Life Mutual Fund,Open Ended Schemes,Debt Scheme - Banking and PSU Fund,INF209KA12Z1,INF209KA13Z9,nav_119551_20260625.csv,145.9888,0.255500000000012,0.1750134256874582
119551,2017-07-11,146.3105,Aditya Birla Sun Life Banking & PSU Debt Fund - DIRECT - IDCW,Aditya Birla Sun Life Mutual Fund,Open Ended Schemes,Debt Scheme - Banking and PSU Fund,INF209KA12Z1,INF209KA13Z9,nav_119551_20260625.csv,146.2443,0.0661999999999807,0.0452667215063976
119551,2017-07-12,146.3824,Aditya Birla Sun Life Banking & PSU Debt Fund - DIRECT - IDCW,Aditya Birla Sun Life Mutual Fund,Open Ended Schemes,Debt Scheme - Banking and PSU Fund,INF209KA12Z1,INF209KA13Z9,nav_119551_20260625.csv,146.3105,0.0718999999999994,0.0491420643084395
119551,2017-07-13,146.4568,Aditya Birla Sun Life Banking & PSU Debt Fund - DIRECT - IDCW,Aditya Birla Sun Life Mutual Fund,Open Ended Schemes,Debt Scheme - Banking and PSU Fund,INF209KA12Z1,INF209KA13Z9,nav_119551_20260625.csv,146.3824,0.0743999999999971,0.0508257823344863
119551,2017-07-14,146.4802,Aditya Birla Sun Life Banking & PSU Debt Fund - DIRECT - IDCW,Aditya Birla Sun Life Mutual Fund,Open Ended Schemes,Debt Scheme - Banking and PSU Fund,INF209KA12Z1,INF209KA13Z9,nav_119551_20260625.csv,146.4568,0.0234000000000094,0.0159774076724395
119551,2017-07-17,146.6141,Aditya Birla Sun Life Banking & PSU Debt Fund - DIRECT - IDCW,Aditya Birla Sun Life Mutual Fund,Open Ended Schemes,Debt Scheme - Banking and PSU Fund,INF209KA12Z1,INF209KA13Z9,nav_119551_20260625.csv,146.4802,0.1339000000000112,0.0914116720212091
119551,2017-07-18,146.6789,Aditya Birla Sun Life Banking & PSU Debt Fund - DIRECT - IDCW,Aditya Birla Sun Life Mutual Fund,Open Ended Schemes,Debt Scheme - Banking and PSU Fund,INF209KA12Z1,INF209KA13Z9,nav_119551_20260625.csv,146.6141,0.064799999999991,0.0441976590246034
119551,2017-07-19,146.7668,Aditya Birla Sun Life Banking & PSU Debt Fund - DIRECT - IDCW,Aditya Birla Sun Life Mutual Fund,Open Ended Schemes,Debt Scheme - Banking and PSU Fund,INF209KA12Z1,INF209KA13Z9,nav_119551_20260625.csv,146.6789,0.0878999999999905,0.0599268197402561
119551,2017-07-20,146.8157,Aditya Birla Sun Life Banking & PSU Debt Fund - DIRECT - IDCW,Aditya Birla Sun Life Mutual Fund,Open Ended Schemes,Debt Scheme - Banking and PSU Fund,INF209KA12Z1,INF209KA13Z9,nav_119551_20260625.csv,146.7668,0.0489000000000032,0.0333181618731234
119551,2017-07-21,146.9821,Aditya Birla Sun Life Banking & PSU Debt Fund - DIRECT - IDCW,Aditya Birla Sun Life Mutual Fund,Open Ended Schemes,Debt Scheme - Banking and PSU Fund,INF209KA12Z1,INF209KA13Z9,nav_119551_20260625.csv,146.8157,0.1664000000000101,0.1133393771919557
119551,2017-07-24,147.1328,Aditya Birla Sun Life Banking & PSU Debt Fund - DIRECT - IDCW,Aditya Birla Sun Life Mutual Fund,Open Ended Schemes,Debt Scheme - Banking and PSU Fund,INF209KA12Z1,INF209KA13Z9,nav_119551_20260625.csv,146.9821,0.1507000000000005,0.1025294916864029
119551,2017-07-25,147.1373,Aditya Birla Sun Life Banking & PSU Debt Fund - DIRECT - IDCW,Aditya Birla Sun Life Mutual Fund,Open Ended Schemes,Debt Scheme - Banking and PSU Fund,INF209KA12Z1,INF209KA13Z9,nav_119551_20260625.csv,147.1328,0.0045000000000072,0.0030584614715463
119551,2017-07-26,147.0997,Aditya Birla Sun Life Banking & PSU Debt Fund - DIRECT - IDCW,Aditya Birla Sun Life Mutual Fund,Open Ended Schemes,Debt Scheme - Banking and PSU Fund,INF209KA12Z1,INF209KA13Z9,nav_119551_20260625.csv,147.1373,-0.0375999999999976,-0.0255543631696365
119551,2017-07-27,147.1708,Aditya Birla Sun Life Banking & PSU Debt Fund - DIRECT - IDCW,Aditya Birla Sun Life Mutual Fund,Open Ended Schemes,Debt Scheme - Banking and PSU Fund,INF209KA12Z1,INF209KA13Z9,nav_119551_20260625.csv,147.0997,0.0711000000000012,0.0483345649243344
119551,2017-07-28,147.1604,Aditya Birla Sun Life Banking & PSU Debt Fund - DIRECT - IDCW,Aditya Birla Sun Life Mutual Fund,Open Ended Schemes,Debt Scheme - Banking and PSU Fund,INF209KA12Z1,INF209KA13Z9,nav_119551_20260625.csv,147.1708,-0.0104000000000041,-0.0070666191934841
119551,2017-07-31,147.1981,Aditya Birla Sun Life Banking & PSU Debt Fund - DIRECT - IDCW,Aditya Birla Sun Life Mutual Fund,Open Ended Schemes,Debt Scheme - Banking and PSU Fund,INF209KA12Z1,INF209KA13Z9,nav_119551_20260625.csv,147.1604,0.0377000000000009,0.0256183049244232
119551,2017-08-01,147.2654,Aditya Birla Sun Life Banking & PSU Debt Fund - DIRECT - IDCW,Aditya Birla Sun Life Mutual Fund,Open Ended Schemes,Debt Scheme - Banking and PSU Fund,INF209KA12Z1,INF209KA13Z9,nav_119551_20260625.csv,147.1981,0.0672999999999888,0.0457206988405345
119551,2017-08-02,147.3359,Aditya Birla Sun Life Banking & PSU Debt Fund - DIRECT - IDCW,Aditya Birla Sun Life Mutual Fund,Open Ended Schemes,Debt Scheme - Banking and PSU Fund,INF209KA12Z1,INF209KA13Z9,nav_119551_20260625.csv,147.2654,0.0705000000000097,0.0478727521875537
119551,2017-08-03,147.6212,Aditya Birla Sun Life Banking & PSU Debt Fund - DIRECT - IDCW,Aditya Birla Sun Life Mutual Fund,Open Ended Schemes,Debt Scheme - Banking and PSU Fund,INF209KA12Z1,INF209KA13Z9,nav_119551_20260625.csv,147.3359,0.2852999999999781,0.1936391605847441
119551,2017-08-04,147.6495,Aditya Birla Sun Life Banking & PSU Debt Fund - DIRECT - IDCW,Aditya Birla Sun Life Mutual Fund,Open Ended Schemes,Debt Scheme - Banking and PSU Fund,INF209KA12Z1,INF209KA13Z9,nav_119551_20260625.csv,147.6212,0.0283000000000015,0.019170688220934
119551,2017-08-07,147.6821,Aditya Birla Sun Life Banking & PSU Debt Fund - DIRECT - IDCW,Aditya Birla Sun Life Mutual Fund,Open Ended Schemes,Debt Scheme - Banking and PSU Fund,INF209KA12Z1,INF209KA13Z9,nav_119551_20260625.csv,147.6495,0.0326000000000021,0.0220793162184783
119551,2017-08-08,147.7057,Aditya Birla Sun Life Banking & PSU Debt Fund - DIRECT - IDCW,Aditya Birla Sun Life Mutual Fund,Open Ended Schemes,Debt Scheme - Banking and PSU Fund,INF209KA12Z1,INF209KA13Z9,nav_119551_20260625.csv,147.6821,0.023600000000016,0.0159802711364586
119551,2017-08-09,147.7244,Aditya Birla Sun Life Banking & PSU Debt Fund - DIRECT - IDCW,Aditya Birla Sun Life Mutual Fund,Open Ended Schemes,Debt Scheme - Banking and PSU Fund,INF209KA12Z1,INF209KA13Z9,nav_119551_20260625.csv,147.7057,0.0186999999999954,0.0126603103333151
119551,2017-08-10,147.6744,Aditya Birla Sun Life Banking & PSU Debt Fund - DIRECT - IDCW,Aditya Birla Sun Life Mutual Fund,Open Ended Schemes,Debt Scheme - Banking and PSU Fund,INF209KA12Z1,INF209KA13Z9,nav_119551_20260625.csv,147.7244,-0.0500000000000113,-0.0338468120364756
119551,2017-08-11,147.6561,Aditya Birla Sun Life Banking & PSU Debt Fund - DIRECT - IDCW,Aditya Birla Sun Life Mutual Fund,Open Ended Schemes,Debt Scheme - Banking and PSU Fund,INF209KA12Z1,INF209KA13Z9,nav_119551_20260625.csv,147.6744,-0.0182999999999822,-0.0123921275454528
119551,2017-08-14,147.7087,Aditya Birla Sun Life Banking & PSU Debt Fund - DIRECT - IDCW,Aditya Birla Sun Life Mutual Fund,Open Ended Schemes,Debt Scheme - Banking and PSU Fund,INF209KA12Z1,INF209KA13Z9,nav_119551_20260625.csv,147.6561,0.0525999999999839,0.0356233166120356
119551,2017-08-16,147.7053,Aditya Birla Sun Life Banking & PSU Debt Fund - DIRECT - IDCW,Aditya Birla Sun Life Mutual Fund,Open Ended Schemes,Debt Scheme - Banking and PSU Fund,INF209KA12Z1,INF209KA13Z9,nav_119551_20260625.csv,147.7087,-0.0033999999999991,-0.0023018278544183
119551,2017-08-18,147.8182,Aditya Birla Sun Life Banking & PSU Debt Fund - DIRECT - IDCW,Aditya Birla Sun Life Mutual Fund,Open Ended Schemes,Debt Scheme - Banking and PSU Fund,INF209KA12Z1,INF209KA13Z9,nav_119551_20260625.csv,147.7053,0.1128999999999962,0.076435984355332
119551,2017-08-21,147.903,Aditya Birla Sun Life Banking & PSU Debt Fund - DIRECT - IDCW,Aditya Birla Sun Life Mutual Fund,Open Ended Schemes,Debt Scheme - Banking and PSU Fund,INF209KA12Z1,INF209KA13Z9,nav_119551_20260625.csv,147.8182,0.0848000000000013,0.0573677666214318
119551,2017-08-22,147.9018,Aditya Birla Sun Life Banking & PSU Debt Fund - DIRECT - IDCW,Aditya Birla Sun Life Mutual Fund,Open Ended Schemes,Debt Scheme - Banking and PSU Fund,INF209KA12Z1,INF209KA13Z9,nav_119551_20260625.csv,147.903,-0.0011999999999829,-0.0008113425691047
119551,2017-08-23,147.9146,Aditya Birla Sun Life Banking & PSU Debt Fund - DIRECT - IDCW,Aditya Birla Sun Life Mutual Fund,Open Ended Schemes,Debt Scheme - Banking and PSU Fund,INF209KA12Z1,INF209KA13Z9,nav_119551_20260625.csv,147.9018,0.0127999999999985,0.0086543909539969
119551,2017-08-24,147.945,Aditya Birla Sun Life Banking & PSU Debt Fund - DIRECT - IDCW,Aditya Birla Sun Life Mutual Fund,Open Ended Schemes,Debt Scheme - Banking and PSU Fund,INF209KA12Z1,INF209KA13Z9,nav_119551_20260625.csv,147.9146,0.0303999999999859,0.0205523998307036
119551,2017-08-28,148.0222,Aditya Birla Sun Life Banking & PSU Debt Fund - DIRECT - IDCW,Aditya Birla Sun Life Mutual Fund,Open Ended Schemes,Debt Scheme - Banking and PSU Fund,INF209KA12Z1,INF209KA13Z9,nav_119551_20260625.csv,147.945,0.0772000000000048,0.0521815539558652
119551,2017-08-29,148.0933,Aditya Birla Sun Life Banking & PSU Debt Fund - DIRECT - IDCW,Aditya Birla Sun Life Mutual Fund,Open Ended Schemes,Debt Scheme - Banking and PSU Fund,INF209KA12Z1,INF209KA13Z9,nav_119551_20260625.csv,148.0222,0.0711000000000012,0.0480333355402103
119551,2017-08-30,148.1091,Aditya Birla Sun Life Banking & PSU Debt Fund - DIRECT - IDCW,Aditya Birla Sun Life Mutual Fund,Open Ended Schemes,Debt Scheme - Banking and PSU Fund,INF209KA12Z1,INF209KA13Z9,nav_119551_20260625.csv,148.0933,0.0158000000000129,0.0106689499119898
119551,2017-08-31,148.181,Aditya Birla Sun Life Banking & PSU Debt Fund - DIRECT - IDCW,Aditya Birla Sun Life Mutual Fund,Open Ended Schemes,Debt Scheme - Banking and PSU Fund,INF209KA12Z1,INF209KA13Z9,nav_119551_20260625.csv,148.1091,0.0718999999999994,0.0485452953262152
119551,2017-09-01,148.359,Aditya Birla Sun Life Banking & PSU Debt Fund - DIRECT - IDCW,Aditya Birla Sun Life Mutual Fund,Open Ended Schemes,Debt Scheme - Banking and PSU Fund,INF209KA12Z1,INF209KA13Z9,nav_119551_20260625.csv,148.181,0.1779999999999972,0.1201233626443317
119551,2017-09-04,148.4419,Aditya Birla Sun Life Banking & PSU Debt Fund - DIRECT - IDCW,Aditya Birla Sun Life Mutual Fund,Open Ended Schemes,Debt Scheme - Banking and PSU Fund,INF209KA12Z1,INF209KA13Z9,nav_119551_20260625.csv,148.359,0.082899999999995,0.0558779716768076
119551,2017-09-05,148.4461,Aditya Birla Sun Life Banking & PSU Debt Fund - DIRECT - IDCW,Aditya Birla Sun Life Mutual Fund,Open Ended Schemes,Debt Scheme - Banking and PSU Fund,INF209KA12Z1,INF209KA13Z9,nav_119551_20260625.csv,148.4419,0.0041999999999973,0.0028293898151379
119551,2017-09-06,148.4973,Aditya Birla Sun Life Banking & PSU Debt Fund - DIRECT - IDCW,Aditya Birla Sun Life Mutual Fund,Open Ended Schemes,Debt Scheme - Banking and PSU Fund,INF209KA12Z1,INF209KA13Z9,nav_119551_20260625.csv,148.4461,0.0511999999999943,0.0344906333005679
119551,2017-09-07,148.4821,Aditya Birla Sun Life Banking & PSU Debt Fund - DIRECT - IDCW,Aditya Birla Sun Life Mutual Fund,Open Ended Schemes,Debt Scheme - Banking and PSU Fund,INF209KA12Z1,INF209KA13Z9,nav_119551_20260625.csv,148.4973,-0.0151999999999929,-0.0102358763425281
119551,2017-09-08,148.4706,Aditya Birla Sun Life Banking & PSU Debt Fund - DIRECT - IDCW,Aditya Birla Sun Life Mutual Fund,Open Ended Schemes,Debt Scheme - Banking and PSU Fund,INF209KA12Z1,INF209KA13Z9,nav_119551_20260625.csv,148.4821,-0.0115000000000122,-0.0077450413214874
119551,2017-09-11,148.5133,Aditya Birla Sun Life Banking & PSU Debt Fund - DIRECT - IDCW,Aditya Birla Sun Life Mutual Fund,Open Ended Schemes,Debt Scheme - Banking and PSU Fund,INF209KA12Z1,INF209KA13Z9,nav_119551_20260625.csv,148.4706,0.0426999999999964,0.0287599026339197
119551,2017-09-12,148.48,Aditya Birla Sun Life Banking & PSU Debt Fund - DIRECT - IDCW,Aditya Birla Sun Life Mutual Fund,Open Ended Schemes,Debt Scheme - Banking and PSU Fund,INF209KA12Z1,INF209KA13Z9,nav_119551_20260625.csv,148.5133,-0.033299999999997,-0.0224222342376049
119551,2017-09-13,148.4446,Aditya Birla Sun Life Banking & PSU Debt Fund - DIRECT - IDCW,Aditya Birla Sun Life Mutual Fund,Open Ended Schemes,Debt Scheme - Banking and PSU Fund,INF209KA12Z1,INF209KA13Z9,nav_119551_20260625.csv,148.48,-0.0353999999999814,-0.0238415948275737
119551,2017-09-14,148.4631,Aditya Birla Sun Life Banking & PSU Debt Fund - DIRECT - IDCW,Aditya Birla Sun Life Mutual Fund,Open Ended Schemes,Debt Scheme - Banking and PSU Fund,INF209KA12Z1,INF209KA13Z9,nav_119551_20260625.csv,148.4446,0.0184999999999888,0.0124625617907211
119551,2017-09-15,148.4365,Aditya Birla Sun Life Banking & PSU Debt Fund - DIRECT - IDCW,Aditya Birla Sun Life Mutual Fund,Open Ended Schemes,Debt Scheme - Banking and PSU Fund,INF209KA12Z1,INF209KA13Z9,nav_119551_20260625.csv,148.4631,-0.0266000000000019,-0.0179169099931241
119551,2017-09-18,148.4466,Aditya Birla Sun Life Banking & PSU Debt Fund - DIRECT - IDCW,Aditya Birla Sun Life Mutual Fund,Open Ended Schemes,Debt Scheme - Banking and PSU Fund,INF209KA12Z1,INF209KA13Z9,nav_119551_20260625.csv,148.4365,0.0100999999999942,0.0068042563655126
119551,2017-09-19,148.4897,Aditya Birla Sun Life Banking & PSU Debt Fund - DIRECT - IDCW,Aditya Birla Sun Life Mutual Fund,Open Ended Schemes,Debt Scheme - Banking and PSU Fund,INF209KA12Z1,INF209KA13Z9,nav_119551_20260625.csv,148.4466,0.0431000000000096,0.0290340095360955
119551,2017-09-20,148.5343,Aditya Birla Sun Life Banking & PSU Debt Fund - DIRECT - IDCW,Aditya Birla Sun Life Mutual Fund,Open Ended Schemes,Debt Scheme - Banking and PSU Fund,INF209KA12Z1,INF209KA13Z9,nav_119551_20260625.csv,148.4897,0.0446000000000026,0.0300357533216126
119551,2017-09-21,148.2842,Aditya Birla Sun Life Banking & PSU Debt Fund - DIRECT - IDCW,Aditya Birla Sun Life Mutual Fund,Open Ended Schemes,Debt Scheme - Banking and PSU Fund,INF209KA12Z1,INF209KA13Z9,nav_119551_20260625.csv,148.5343,-0.2501000000000033,-0.1683786169255204
119551,2017-09-22,148.2649,Aditya Birla Sun Life Banking & PSU Debt Fund - DIRECT - IDCW,Aditya Birla Sun Life Mutual Fund,Open Ended Schemes,Debt Scheme - Banking and PSU Fund,INF209KA12Z1,INF209KA13Z9,nav_119551_20260625.csv,148.2842,-0.0192999999999869,-0.0130155471722455
119551,2017-09-25,148.4371,Aditya Birla Sun Life Banking & PSU Debt Fund - DIRECT - IDCW,Aditya Birla Sun Life Mutual Fund,Open Ended Schemes,Debt Scheme - Banking and PSU Fund,INF209KA12Z1,INF209KA13Z9,nav_119551_20260625.csv,148.2649,0.1721999999999752,0.1161434702346781
119551,2017-09-26,148.362,Aditya Birla Sun Life Banking & PSU Debt Fund - DIRECT - IDCW,Aditya Birla Sun Life Mutual Fund,Open Ended Schemes,Debt Scheme - Banking and PSU Fund,INF209KA12Z1,INF209KA13Z9,nav_119551_20260625.csv,148.4371,-0.0750999999999919,-0.0505938205475531
119551,2017-09-27,148.3767,Aditya Birla Sun Life Banking & PSU Debt Fund - DIRECT - IDCW,Aditya Birla Sun Life Mutual Fund,Open Ended Schemes,Debt Scheme - Banking and PSU Fund,INF209KA12Z1,INF209KA13Z9,nav_119551_20260625.csv,148.362,0.0147000000000048,0.0099081975168876
119551,2017-09-28,148.4835,Aditya Birla Sun Life Banking & PSU Debt Fund - DIRECT - IDCW,Aditya Birla Sun Life Mutual Fund,Open Ended Schemes,Debt Scheme - Banking and PSU Fund,INF209KA12Z1,INF209KA13Z9,nav_119551_20260625.csv,148.3767,0.1067999999999926,0.0719789562646916
119551,2017-09-29,148.491,Aditya Birla Sun Life Banking & PSU Debt Fund - DIRECT - IDCW,Aditya Birla Sun Life Mutual Fund,Open Ended Schemes,Debt Scheme - Banking and PSU Fund,INF209KA12Z1,INF209KA13Z9,nav_119551_20260625.csv,148.4835,0.0075000000000216,0.0050510662801062
119551,2017-10-03,148.7205,Aditya Birla Sun Life Banking & PSU Debt Fund - DIRECT - IDCW,Aditya Birla Sun Life Mutual Fund,Open Ended Schemes,Debt Scheme - Banking and PSU Fund,INF209KA12Z1,INF209KA13Z9,nav_119551_20260625.csv,148.491,0.2294999999999731,0.1545548215043155
119551,2017-10-04,148.6351,Aditya Birla Sun Life Banking & PSU Debt Fund - DIRECT - IDCW,Aditya Birla Sun Life Mutual Fund,Open Ended Schemes,Debt Scheme - Banking and PSU Fund,INF209KA12Z1,INF209KA13Z9,nav_119551_20260625.csv,148.7205,-0.0853999999999928,-0.0574231528269423
119551,2017-10-05,148.5783,Aditya Birla Sun Life Banking & PSU Debt Fund - DIRECT - IDCW,Aditya Birla Sun Life Mutual Fund,Open Ended Schemes,Debt Scheme - Banking and PSU Fund,INF209KA12Z1,INF209KA13Z9,nav_119551_20260625.csv,148.6351,-0.0567999999999813,-0.03821439215904
119551,2017-10-06,148.5744,Aditya Birla Sun Life Banking & PSU Debt Fund - DIRECT - IDCW,Aditya Birla Sun Life Mutual Fund,Open Ended Schemes,Debt Scheme - Banking and PSU Fund,INF209KA12Z1,INF209KA13Z9,nav_119551_20260625.csv,148.5783,-0.0039000000000157,-0.0026248785993753
119551,2017-10-09,148.6113,Aditya Birla Sun Life Banking & PSU Debt Fund - DIRECT - IDCW,Aditya Birla Sun Life Mutual Fund,Open Ended Schemes,Debt Scheme - Banking and PSU Fund,INF209KA12Z1,INF209KA13Z9,nav_119551_20260625.csv,148.5744,0.0369000000000028,0.0248360417407055
119551,2017-10-10,148.6506,Aditya Birla Sun Life Banking & PSU Debt Fund - DIRECT - IDCW,Aditya Birla Sun Life Mutual Fund,Open Ended Schemes,Debt Scheme - Banking and PSU Fund,INF209KA12Z1,INF209KA13Z9,nav_119551_20260625.csv,148.6113,0.0392999999999972,0.0264448262009667
119551,2017-10-11,148.6958,Aditya Birla Sun Life Banking & PSU Debt Fund - DIRECT - IDCW,Aditya Birla Sun Life Mutual Fund,Open Ended Schemes,Debt Scheme - Banking and PSU Fund,INF209KA12Z1,INF209KA13Z9,nav_119551_20260625.csv,148.6506,0.0451999999999941,0.0304068735679466
119551,2017-10-12,148.7248,Aditya Birla Sun Life Banking & PSU Debt Fund - DIRECT - IDCW,Aditya Birla Sun Life Mutual Fund,Open Ended Schemes,Debt Scheme - Banking and PSU Fund,INF209KA12Z1,INF209KA13Z9,nav_119551_20260625.csv,148.6958,0.0289999999999963,0.0195029045877532
119551,2017-10-13,148.8495,Aditya Birla Sun Life Banking & PSU Debt Fund - DIRECT - IDCW,Aditya Birla Sun Life Mutual Fund,Open Ended Schemes,Debt Scheme - Banking and PSU Fund,INF209KA12Z1,INF209KA13Z9,nav_119551_20260625.csv,148.7248,0.1247000000000184,0.0838461372952046
119551,2017-10-16,148.9557,Aditya Birla Sun Life Banking & PSU Debt Fund - DIRECT - IDCW,Aditya Birla Sun Life Mutual Fund,Open Ended Schemes,Debt Scheme - Banking and PSU Fund,INF209KA12Z1,INF209KA13Z9,nav_119551_20260625.csv,148.8495,0.1062000000000011,0.0713472332792526
119551,2017-10-17,148.9725,Aditya Birla Sun Life Banking & PSU Debt Fund - DIRECT - IDCW,Aditya Birla Sun Life Mutual Fund,Open Ended Schemes,Debt Scheme - Banking and PSU Fund,INF209KA12Z1,INF209KA13Z9,nav_119551_20260625.csv,148.9557,0.0167999999999892,0.0112785210636378
119551,2017-10-18,148.9933,Aditya Birla Sun Life Banking & PSU Debt Fund - DIRECT - IDCW,Aditya Birla Sun Life Mutual Fund,Open Ended Schemes,Debt Scheme - Banking and PSU Fund,INF209KA12Z1,INF209KA13Z9,nav_119551_20260625.csv,148.9725,0.0208000000000083,0.0139623084797585
119551,2017-10-23,149.0299,Aditya Birla Sun Life Banking & PSU Debt Fund - DIRECT - IDCW,Aditya Birla Sun Life Mutual Fund,Open Ended Schemes,Debt Scheme - Banking and PSU Fund,INF209KA12Z1,INF209KA13Z9,nav_119551_20260625.csv,148.9933,0.0365999999999928,0.0245648629837669
119551,2017-10-24,149.0872,Aditya Birla Sun Life Banking & PSU Debt Fund - DIRECT - IDCW,Aditya Birla Sun Life Mutual Fund,Open Ended Schemes,Debt Scheme - Banking and PSU Fund,INF209KA12Z1,INF209KA13Z9,nav_119551_20260625.csv,149.0299,0.0572999999999979,0.0384486603023942
119551,2017-10-25,149.0757,Aditya Birla Sun Life Banking & PSU Debt Fund - DIRECT - IDCW,Aditya Birla Sun Life Mutual Fund,Open Ended Schemes,Debt Scheme - Banking and PSU Fund,INF209KA12Z1,INF209KA13Z9,nav_119551_20260625.csv,149.0872,-0.0114999999999838,-0.0077136065336151
119551,2017-10-26,149.1089,Aditya Birla Sun Life Banking & PSU Debt Fund - DIRECT - IDCW,Aditya Birla Sun Life Mutual Fund,Open Ended Schemes,Debt Scheme - Banking and PSU Fund,INF209KA12Z1,INF209KA13Z9,nav_119551_20260625.csv,149.0757,0.0331999999999936,0.0222705645520991
119551,2017-10-27,149.116,Aditya Birla Sun Life Banking & PSU Debt Fund - DIRECT - IDCW,Aditya Birla Sun Life Mutual Fund,Open Ended Schemes,Debt Scheme - Banking and PSU Fund,INF209KA12Z1,INF209KA13Z9,nav_119551_20260625.csv,149.1089,0.0071000000000083,0.0047616205337228
119551,2017-10-30,149.1095,Aditya Birla Sun Life Banking & PSU Debt Fund - DIRECT - IDCW,Aditya Birla Sun Life Mutual Fund,Open Ended Schemes,Debt Scheme - Banking and PSU Fund,INF209KA12Z1,INF209KA13Z9,nav_119551_20260625.csv,149.116,-0.0065000000000168,-0.0043590225059797
119551,2017-10-31,149.166,Aditya Birla Sun Life Banking & PSU Debt Fund - DIRECT - IDCW,Aditya Birla Sun Life Mutual Fund,Open Ended Schemes,Debt Scheme - Banking and PSU Fund,INF209KA12Z1,INF209KA13Z9,nav_119551_20260625.csv,149.1095,0.0564999999999997,0.0378916165636661
119551,2017-11-01,149.1872,Aditya Birla Sun Life Banking & PSU Debt Fund - DIRECT - IDCW,Aditya Birla Sun Life Mutual Fund,Open Ended Schemes,Debt Scheme - Banking and PSU Fund,INF209KA12Z1,INF209KA13Z9,nav_119551_20260625.csv,149.166,0.0211999999999932,0.0142123540216894
119551,2017-11-02,149.2423,Aditya Birla Sun Life Banking & PSU Debt Fund - DIRECT - IDCW,Aditya Birla Sun Life Mutual Fund,Open Ended Schemes,Debt Scheme - Banking and PSU Fund,INF209KA12Z1,INF209KA13Z9,nav_119551_20260625.csv,149.1872,0.0551000000000101,0.036933463460679
119551,2017-11-03,149.2935,Aditya Birla Sun Life Banking & PSU Debt Fund - DIRECT - IDCW,Aditya Birla Sun Life Mutual Fund,Open Ended Schemes,Debt Scheme - Banking and PSU Fund,INF209KA12Z1,INF209KA13Z9,nav_119551_20260625.csv,149.2423,0.0511999999999943,0.0343066275445998
119551,2017-11-06,149.3344,Aditya Birla Sun Life Banking & PSU Debt Fund - DIRECT - IDCW,Aditya Birla Sun Life Mutual Fund,Open Ended Schemes,Debt Scheme - Banking and PSU Fund,INF209KA12Z1,INF209KA13Z9,nav_119551_20260625.csv,149.2935,0.0408999999999935,0.0273957004156199
119551,2017-11-07,149.2845,Aditya Birla Sun Life Banking & PSU Debt Fund - DIRECT - IDCW,Aditya Birla Sun Life Mutual Fund,Open Ended Schemes,Debt Scheme - Banking and PSU Fund,INF209KA12Z1,INF209KA13Z9,nav_119551_20260625.csv,149.3344,-0.0498999999999796,-0.0334149398932728
119551,2017-11-08,149.2964,Aditya Birla Sun Life Banking & PSU Debt Fund - DIRECT - IDCW,Aditya Birla Sun Life Mutual Fund,Open Ended Schemes,Debt Scheme - Banking and PSU Fund,INF209KA12Z1,INF209KA13Z9,nav_119551_20260625.csv,149.2845,0.0118999999999971,0.0079713567048133
119551,2017-11-09,149.335,Aditya Birla Sun Life Banking & PSU Debt Fund - DIRECT - IDCW,Aditya Birla Sun Life Mutual Fund,Open Ended Schemes,Debt Scheme - Banking and PSU Fund,INF209KA12Z1,INF209KA13Z9,nav_119551_20260625.csv,149.2964,0.0386000000000024,0.0258546086844708
119551,2017-11-10,149.3439,Aditya Birla Sun Life Banking & PSU Debt Fund - DIRECT - IDCW,Aditya Birla Sun Life Mutual Fund,Open Ended Schemes,Debt Scheme - Banking and PSU Fund,INF209KA12Z1,INF209KA13Z9,nav_119551_20260625.csv,149.335,0.0088999999999828,0.0059597549134381
119551,2017-11-13,149.3946,Aditya Birla Sun Life Banking & PSU Debt Fund - DIRECT - IDCW,Aditya Birla Sun Life Mutual Fund,Open Ended Schemes,Debt Scheme - Banking and PSU Fund,INF209KA12Z1,INF209KA13Z9,nav_119551_20260625.csv,149.3439,0.0507000000000061,0.0339484906983185
119551,2017-11-14,149.2009,Aditya Birla Sun Life Banking & PSU Debt Fund - DIRECT - IDCW,Aditya Birla Sun Life Mutual Fund,Open Ended Schemes,Debt Scheme - Banking and PSU Fund,INF209KA12Z1,INF209KA13Z9,nav_119551_20260625.csv,149.3946,-0.1937000000000068,-0.1296566274818546
119551,2017-11-15,149.2653,Aditya Birla Sun Life Banking & PSU Debt Fund - DIRECT - IDCW,Aditya Birla Sun Life Mutual Fund,Open Ended Schemes,Debt Scheme - Banking and PSU Fund,INF209KA12Z1,INF209KA13Z9,nav_119551_20260625.csv,149.2009,0.0644000000000062,0.0431632785056968
119551,2017-11-16,149.1355,Aditya Birla Sun Life Banking & PSU Debt Fund - DIRECT - IDCW,Aditya Birla Sun Life Mutual Fund,Open Ended Schemes,Debt Scheme - Banking and PSU Fund,INF209KA12Z1,INF209KA13Z9,nav_119551_20260625.csv,149.2653,-0.1297999999999888,-0.0869592597877663
119551,2017-11-17,149.2227,Aditya Birla Sun Life Banking & PSU Debt Fund - DIRECT - IDCW,Aditya Birla Sun Life Mutual Fund,Open Ended Schemes,Debt Scheme - Banking and PSU Fund,INF209KA12Z1,INF209KA13Z9,nav_119551_20260625.csv,149.1355,0.0871999999999957,0.058470317261816
119551,2017-11-20,149.5677,Aditya Birla Sun Life Banking & PSU Debt Fund - DIRECT - IDCW,Aditya Birla Sun Life Mutual Fund,Open Ended Schemes,Debt Scheme - Banking and PSU Fund,INF209KA12Z1,INF209KA13Z9,nav_119551_20260625.csv,149.2227,0.3449999999999988,0.2311980683903982
119551,2017-11-21,149.5741,Aditya Birla Sun Life Banking & PSU Debt Fund - DIRECT - IDCW,Aditya Birla Sun Life Mutual Fund,Open Ended Schemes,Debt Scheme - Banking and PSU Fund,INF209KA12Z1,INF209KA13Z9,nav_119551_20260625.csv,149.5677,0.006399999999985,0.0042789987410283
119551,2017-11-22,149.4299,Aditya Birla Sun Life Banking & PSU Debt Fund - DIRECT - IDCW,Aditya Birla Sun Life Mutual Fund,Open Ended Schemes,Debt Scheme - Banking and PSU Fund,INF209KA12Z1,INF209KA13Z9,nav_119551_20260625.csv,149.5741,-0.1441999999999836,-0.0964070651269061
119551,2017-11-23,149.3581,Aditya Birla Sun Life Banking & PSU Debt Fund - DIRECT - IDCW,Aditya Birla Sun Life Mutual Fund,Open Ended Schemes,Debt Scheme - Banking and PSU Fund,INF209KA12Z1,INF209KA13Z9,nav_119551_20260625.csv,149.4299,-0.071799999999996,-0.0480492859862692
119551,2017-11-24,149.3708,Aditya Birla Sun Life Banking & PSU Debt Fund - DIRECT - IDCW,Aditya Birla Sun Life Mutual Fund,Open Ended Schemes,Debt Scheme - Banking and PSU Fund,INF209KA12Z1,INF209KA13Z9,nav_119551_20260625.csv,149.3581,0.0126999999999952,0.0085030540693777
119551,2017-11-27,149.4131,Aditya Birla Sun Life Banking & PSU Debt Fund - DIRECT - IDCW,Aditya Birla Sun Life Mutual Fund,Open Ended Schemes,Debt Scheme - Banking and PSU Fund,INF209KA12Z1,INF209KA13Z9,nav_119551_20260625.csv,149.3708,0.0422999999999831,0.0283187878755306
119551,2017-11-28,149.4371,Aditya Birla Sun Life Banking & PSU Debt Fund - DIRECT - IDCW,Aditya Birla Sun Life Mutual Fund,Open Ended Schemes,Debt Scheme - Banking and PSU Fund,INF209KA12Z1,INF209KA13Z9,nav_119551_20260625.csv,149.4131,0.0240000000000009,0.0160628485721806
119551,2017-11-29,149.4737,Aditya Birla Sun Life Banking & PSU Debt Fund - DIRECT - IDCW,Aditya Birla Sun Life Mutual Fund,Open Ended Schemes,Debt Scheme - Banking and PSU Fund,INF209KA12Z1,INF209KA13Z9,nav_119551_20260625.csv,149.4371,0.0366000000000212,0.0244919099741772
119551,2017-11-30,149.4913,Aditya Birla Sun Life Banking & PSU Debt Fund - DIRECT - IDCW,Aditya Birla Sun Life Mutual Fund,Open Ended Schemes,Debt Scheme - Banking and PSU Fund,INF209KA12Z1,INF209KA13Z9,nav_119551_20260625.csv,149.4737,0.0175999999999874,0.0117746466435148
119551,2017-12-04,149.5704,Aditya Birla Sun Life Banking & PSU Debt Fund - DIRECT - IDCW,Aditya Birla Sun Life Mutual Fund,Open Ended Schemes,Debt Scheme - Banking and PSU Fund,INF209KA12Z1,INF209KA13Z9,nav_119551_20260625.csv,149.4913,0.079100000000011,0.0529127782018157
119551,2017-12-05,149.6015,Aditya Birla Sun Life Banking & PSU Debt Fund - DIRECT - IDCW,Aditya Birla Sun Life Mutual Fund,Open Ended Schemes,Debt Scheme - Banking and PSU Fund,INF209KA12Z1,INF209KA13Z9,nav_119551_20260625.csv,149.5704,0.0310999999999808,0.0207928841535362
119551,2017-12-06,149.6636,Aditya Birla Sun Life Banking & PSU Debt Fund - DIRECT - IDCW,Aditya Birla Sun Life Mutual Fund,Open Ended Schemes,Debt Scheme - Banking and PSU Fund,INF209KA12Z1,INF209KA13Z9,nav_119551_20260625.csv,149.6015,0.0621000000000151,0.0415102789744856
119551,2017-12-07,149.6687,Aditya Birla Sun Life Banking & PSU Debt Fund - DIRECT - IDCW,Aditya Birla Sun Life Mutual Fund,Open Ended Schemes,Debt Scheme - Banking and PSU Fund,INF209KA12Z1,INF209KA13Z9,nav_119551_20260625.csv,149.6636,0.0050999999999987,0.0034076422055855
119551,2017-12-08,149.6701,Aditya Birla Sun Life Banking & PSU Debt Fund - DIRECT - IDCW,Aditya Birla Sun Life Mutual Fund,Open Ended Schemes,Debt Scheme - Banking and PSU Fund,INF209KA12Z1,INF209KA13Z9,nav_119551_20260625.csv,149.6687,0.0013999999999896,0.0009353993186214
119551,2017-12-11,149.5962,Aditya Birla Sun Life Banking & PSU Debt Fund - DIRECT - IDCW,Aditya Birla Sun Life Mutual Fund,Open Ended Schemes,Debt Scheme - Banking and PSU Fund,INF209KA12Z1,INF209KA13Z9,nav_119551_20260625.csv,149.6701,-0.0738999999999805,-0.0493752593203188
119551,2017-12-12,149.544,Aditya Birla Sun Life Banking & PSU Debt Fund - DIRECT - IDCW,Aditya Birla Sun Life Mutual Fund,Open Ended Schemes,Debt Scheme - Banking and PSU Fund,INF209KA12Z1,INF209KA13Z9,nav_119551_20260625.csv,149.5962,-0.0521999999999991,-0.0348939344715969
119551,2017-12-13,149.4922,Aditya Birla Sun Life Banking & PSU Debt Fund - DIRECT - IDCW,Aditya Birla Sun Life Mutual Fund,Open Ended Schemes,Debt Scheme - Banking and PSU Fund,INF209KA12Z1,INF209KA13Z9,nav_119551_20260625.csv,149.544,-0.0518000000000142,-0.0346386347830834
119551,2017-12-14,149.5076,Aditya Birla Sun Life Banking & PSU Debt Fund - DIRECT - IDCW,Aditya Birla Sun Life Mutual Fund,Open Ended Schemes,Debt Scheme - Banking and PSU Fund,INF209KA12Z1,INF209KA13Z9,nav_119551_20260625.csv,149.4922,0.0153999999999996,0.0103015408161761
119551,2017-12-15,149.4853,Aditya Birla Sun Life Banking & PSU Debt Fund - DIRECT - IDCW,Aditya Birla Sun Life Mutual Fund,Open Ended Schemes,Debt Scheme - Banking and PSU Fund,INF209KA12Z1,INF209KA13Z9,nav_119551_20260625.csv,149.5076,-0.0223000000000013,-0.0149156297071194
119551,2017-12-18,149.5292,Aditya Birla Sun Life Banking & PSU Debt Fund - DIRECT - IDCW,Aditya Birla Sun Life Mutual Fund,Open Ended Schemes,Debt Scheme - Banking and PSU Fund,INF209KA12Z1,INF209KA13Z9,nav_119551_20260625.csv,149.4853,0.0439000000000078,0.0293674361291764
119551,2017-12-19,149.559,Aditya Birla Sun Life Banking & PSU Debt Fund - DIRECT - IDCW,Aditya Birla Sun Life Mutual Fund,Open Ended Schemes,Debt Scheme - Banking and PSU Fund,INF209KA12Z1,INF209KA13Z9,nav_119551_20260625.csv,149.5292,0.0297999999999944,0.019929217838385
119551,2017-12-20,149.4474,Aditya Birla Sun Life Banking & PSU Debt Fund - DIRECT - IDCW,Aditya Birla Sun Life Mutual Fund,Open Ended Schemes,Debt Scheme - Banking and PSU Fund,INF209KA12Z1,INF209KA13Z9,nav_119551_20260625.csv,149.559,-0.1116000000000099,-0.074619380980088
119551,2017-12-21,149.3699,Aditya Birla Sun Life Banking & PSU Debt Fund - DIRECT - IDCW,Aditya Birla Sun Life Mutual Fund,Open Ended Schemes,Debt Scheme - Banking and PSU Fund,INF209KA12Z1,INF209KA13Z9,nav_119551_20260625.csv,149.4474,-0.0774999999999863,-0.0518577104720365
119551,2017-12-22,149.2793,Aditya Birla Sun Life Banking & PSU Debt Fund - DIRECT - IDCW,Aditya Birla Sun Life Mutual Fund,Open Ended Schemes,Debt Scheme - Banking and PSU Fund,INF209KA12Z1,INF209KA13Z9,nav_119551_20260625.csv,149.3699,-0.0905999999999949,-0.0606547905568624
119551,2017-12-26,149.2864,Aditya Birla Sun Life Banking & PSU Debt Fund - DIRECT - IDCW,Aditya Birla Sun Life Mutual Fund,Open Ended Schemes,Debt Scheme - Banking and PSU Fund,INF209KA12Z1,INF209KA13Z9,nav_119551_20260625.csv,149.2793,0.0070999999999799,0.0047561852178968
119551,2017-12-27,149.3157,Aditya Birla Sun Life Banking & PSU Debt Fund - DIRECT - IDCW,Aditya Birla Sun Life Mutual Fund,Open Ended Schemes,Debt Scheme - Banking and PSU Fund,INF209KA12Z1,INF209KA13Z9,nav_119551_20260625.csv,149.2864,0.0293000000000063,0.0196267041070092
119551,2017-12-28,149.1113,Aditya Birla Sun Life Banking & PSU Debt Fund - DIRECT - IDCW,Aditya Birla Sun Life Mutual Fund,Open Ended Schemes,Debt Scheme - Banking and PSU Fund,INF209KA12Z1,INF209KA13Z9,nav_119551_20260625.csv,149.3157,-0.2043999999999926,-0.1368911641575484
119551,2017-12-29,149.4545,Aditya Birla Sun Life Banking & PSU Debt Fund - DIRECT - IDCW,Aditya Birla Sun Life Mutual Fund,Open Ended Schemes,Debt Scheme - Banking and PSU Fund,INF209KA12Z1,INF209KA13Z9,nav_119551_20260625.csv,149.1113,0.3431999999999959,0.2301636428627448
119551,2018-01-01,149.4635,Aditya Birla Sun Life Banking & PSU Debt Fund - DIRECT - IDCW,Aditya Birla Sun Life Mutual Fund,Open Ended Schemes,Debt Scheme - Banking and PSU Fund,INF209KA12Z1,INF209KA13Z9,nav_119551_20260625.csv,149.4545,0.0090000000000145,0.0060218996417067
119551,2018-01-02,149.4785,Aditya Birla Sun Life Banking & PSU Debt Fund - DIRECT - IDCW,Aditya Birla Sun Life Mutual Fund,Open Ended Schemes,Debt Scheme - Banking and PSU Fund,INF209KA12Z1,INF209KA13Z9,nav_119551_20260625.csv,149.4635,0.0149999999999863,0.010035895051291
119551,2018-01-03,149.5011,Aditya Birla Sun Life Banking & PSU Debt Fund - DIRECT - IDCW,Aditya Birla Sun Life Mutual Fund,Open Ended Schemes,Debt Scheme - Banking and PSU Fund,INF209KA12Z1,INF209KA13Z9,nav_119551_20260625.csv,149.4785,0.0226000000000112,0.0151192311937912
119551,2018-01-04,149.4562,Aditya Birla Sun Life Banking & PSU Debt Fund - DIRECT - IDCW,Aditya Birla Sun Life Mutual Fund,Open Ended Schemes,Debt Scheme - Banking and PSU Fund,INF209KA12Z1,INF209KA13Z9,nav_119551_20260625.csv,149.5011,-0.0449000000000125,-0.0300332238358196
119551,2018-01-05,149.6129,Aditya Birla Sun Life Banking & PSU Debt Fund - DIRECT - IDCW,Aditya Birla Sun Life Mutual Fund,Open Ended Schemes,Debt Scheme - Banking and PSU Fund,INF209KA12Z1,INF209KA13Z9,nav_119551_20260625.csv,149.4562,0.1567000000000007,0.1048467711610496
119551,2018-01-08,149.663,Aditya Birla Sun Life Banking & PSU Debt Fund - DIRECT - IDCW,Aditya Birla Sun Life Mutual Fund,Open Ended Schemes,Debt Scheme - Banking and PSU Fund,INF209KA12Z1,INF209KA13Z9,nav_119551_20260625.csv,149.6129,0.0501000000000146,0.0334864172808726
119551,2018-01-09,149.6376,Aditya Birla Sun Life Banking & PSU Debt Fund - DIRECT - IDCW,Aditya Birla Sun Life Mutual Fund,Open Ended Schemes,Debt Scheme - Banking and PSU Fund,INF209KA12Z1,INF209KA13Z9,nav_119551_20260625.csv,149.663,-0.0254000000000189,-0.0169714625525473
119551,2018-01-10,149.4919,Aditya Birla Sun Life Banking & PSU Debt Fund - DIRECT - IDCW,Aditya Birla Sun Life Mutual Fund,Open Ended Schemes,Debt Scheme - Banking and PSU Fund,INF209KA12Z1,INF209KA13Z9,nav_119551_20260625.csv,149.6376,-0.145700000000005,-0.0973685758124996
119551,2018-01-11,149.4769,Aditya Birla Sun Life Banking & PSU Debt Fund - DIRECT - IDCW,Aditya Birla Sun Life Mutual Fund,Open Ended Schemes,Debt Scheme - Banking and PSU Fund,INF209KA12Z1,INF209KA13Z9,nav_119551_20260625.csv,149.4919,-0.0149999999999863,-0.0100339884635798
119551,2018-01-12,149.4891,Aditya Birla Sun Life Banking & PSU Debt Fund - DIRECT - IDCW,Aditya Birla Sun Life Mutual Fund,Open Ended Schemes,Debt Scheme - Banking and PSU Fund,INF209KA12Z1,INF209KA13Z9,nav_119551_20260625.csv,149.4769,0.012200000000007,0.0081617962374166
119551,2018-01-15,149.6009,Aditya Birla Sun Life Banking & PSU Debt Fund - DIRECT - IDCW,Aditya Birla Sun Life Mutual Fund,Open Ended Schemes,Debt Scheme - Banking and PSU Fund,INF209KA12Z1,INF209KA13Z9,nav_119551_20260625.csv,149.4891,0.1117999999999881,0.0747880614706946
119551,2018-01-16,149.44,Aditya Birla Sun Life Banking & PSU Debt Fund - DIRECT - IDCW,Aditya Birla Sun Life Mutual Fund,Open Ended Schemes,Debt Scheme - Banking and PSU Fund,INF209KA12Z1,INF209KA13Z9,nav_119551_20260625.csv,149.6009,-0.160899999999998,-0.1075528288934077
119551,2018-01-17,149.6553,Aditya Birla Sun Life Banking & PSU Debt Fund - DIRECT - IDCW,Aditya Birla Sun Life Mutual Fund,Open Ended Schemes,Debt Scheme - Banking and PSU Fund,INF209KA12Z1,INF209KA13Z9,nav_119551_20260625.csv,149.44,0.2153000000000133,0.1440711991434779
119551,2018-01-18,149.6057,Aditya Birla Sun Life Banking & PSU Debt Fund - DIRECT - IDCW,Aditya Birla Sun Life Mutual Fund,Open Ended Schemes,Debt Scheme - Banking and PSU Fund,INF209KA12Z1,INF209KA13Z9,nav_119551_20260625.csv,149.6553,-0.049599999999998,-0.0331428288874487
119551,2018-01-19,149.6247,Aditya Birla Sun Life Banking & PSU Debt Fund - DIRECT - IDCW,Aditya Birla Sun Life Mutual Fund,Open Ended Schemes,Debt Scheme - Banking and PSU Fund,INF209KA12Z1,INF209KA13Z9,nav_119551_20260625.csv,149.6057,0.018999999999977,0.0127000508670304
119551,2018-01-22,149.6942,Aditya Birla Sun Life Banking & PSU Debt Fund - DIRECT - IDCW,Aditya Birla Sun Life Mutual Fund,Open Ended Schemes,Debt Scheme - Banking and PSU Fund,INF209KA12Z1,INF209KA13Z9,nav_119551_20260625.csv,149.6247,0.069500000000005,0.0464495501077061
119551,2018-01-23,149.8059,Aditya Birla Sun Life Banking & PSU Debt Fund - DIRECT - IDCW,Aditya Birla Sun Life Mutual Fund,Open Ended Schemes,Debt Scheme - Banking and PSU Fund,INF209KA12Z1,INF209KA13Z9,nav_119551_20260625.csv,149.6942,0.1117000000000132,0.0746187895055474
119551,2018-01-24,149.783,Aditya Birla Sun Life Banking & PSU Debt Fund - DIRECT - IDCW,Aditya Birla Sun Life Mutual Fund,Open Ended Schemes,Debt Scheme - Banking and PSU Fund,INF209KA12Z1,INF209KA13Z9,nav_119551_20260625.csv,149.8059,-0.0229000000000212,-0.0152864473295252
119551,2018-01-25,149.7498,Aditya Birla Sun Life Banking & PSU Debt Fund - DIRECT - IDCW,Aditya Birla Sun Life Mutual Fund,Open Ended Schemes,Debt Scheme - Banking and PSU Fund,INF209KA12Z1,INF209KA13Z9,nav_119551_20260625.csv,149.783,-0.0331999999999936,-0.0221653992776174
119551,2018-01-29,149.7264,Aditya Birla Sun Life Banking & PSU Debt Fund - DIRECT - IDCW,Aditya Birla Sun Life Mutual Fund,Open Ended Schemes,Debt Scheme - Banking and PSU Fund,INF209KA12Z1,INF209KA13Z9,nav_119551_20260625.csv,149.7498,-0.0233999999999809,-0.0156260642751983
119551,2018-01-30,149.6944,Aditya Birla Sun Life Banking & PSU Debt Fund - DIRECT - IDCW,Aditya Birla Sun Life Mutual Fund,Open Ended Schemes,Debt Scheme - Banking and PSU Fund,INF209KA12Z1,INF209KA13Z9,nav_119551_20260625.csv,149.7264,-0.0320000000000106,-0.0213723164385243
119551,2018-01-31,149.7354,Aditya Birla Sun Life Banking & PSU Debt Fund - DIRECT - IDCW,Aditya Birla Sun Life Mutual Fund,Open Ended Schemes,Debt Scheme - Banking and PSU Fund,INF209KA12Z1,INF209KA13Z9,nav_119551_20260625.csv,149.6944,0.0409999999999968,0.0273891341292638
119551,2018-02-01,149.4309,Aditya Birla Sun Life Banking & PSU Debt Fund - DIRECT - IDCW,Aditya Birla Sun Life Mutual Fund,Open Ended Schemes,Debt Scheme - Banking and PSU Fund,INF209KA12Z1,INF209KA13Z9,nav_119551_20260625.csv,149.7354,-0.3044999999999902,-0.2033587247905239
119551,2018-02-02,149.4766,Aditya Birla Sun Life Banking & PSU Debt Fund - DIRECT - IDCW,Aditya Birla Sun Life Mutual Fund,Open Ended Schemes,Debt Scheme - Banking and PSU Fund,INF209KA12Z1,INF209KA13Z9,nav_119551_20260625.csv,149.4309,0.0456999999999823,0.0305826974206688
119551,2018-02-05,149.5419,Aditya Birla Sun Life Banking & PSU Debt Fund - DIRECT - IDCW,Aditya Birla Sun Life Mutual Fund,Open Ended Schemes,Debt Scheme - Banking and PSU Fund,INF209KA12Z1,INF209KA13Z9,nav_119551_20260625.csv,149.4766,0.0653000000000076,0.0436857675382017
119551,2018-02-06,149.6109,Aditya Birla Sun Life Banking & PSU Debt Fund - DIRECT - IDCW,Aditya Birla Sun Life Mutual Fund,Open Ended Schemes,Debt Scheme - Banking and PSU Fund,INF209KA12Z1,INF209KA13Z9,nav_119551_20260625.csv,149.5419,0.0689999999999884,0.0461409143524245
119551,2018-02-07,149.7571,Aditya Birla Sun Life Banking & PSU Debt Fund - DIRECT - IDCW,Aditya Birla Sun Life Mutual Fund,Open Ended Schemes,Debt Scheme - Banking and PSU Fund,INF209KA12Z1,INF209KA13Z9,nav_119551_20260625.csv,149.6109,0.1462000000000216,0.0977201527428961
119551,2018-02-08,149.8999,Aditya Birla Sun Life Banking & PSU Debt Fund - DIRECT - IDCW,Aditya Birla Sun Life Mutual Fund,Open Ended Schemes,Debt Scheme - Banking and PSU Fund,INF209KA12Z1,INF209KA13Z9,nav_119551_20260625.csv,149.7571,0.142799999999994,0.0953544105755213
119551,2018-02-09,149.9118,Aditya Birla Sun Life Banking & PSU Debt Fund - DIRECT - IDCW,Aditya Birla Sun Life Mutual Fund,Open Ended Schemes,Debt Scheme - Banking and PSU Fund,INF209KA12Z1,INF209KA13Z9,nav_119551_20260625.csv,149.8999,0.0118999999999971,0.0079386310464497
119551,2018-02-12,149.9962,Aditya Birla Sun Life Banking & PSU Debt Fund - DIRECT - IDCW,Aditya Birla Sun Life Mutual Fund,Open Ended Schemes,Debt Scheme - Banking and PSU Fund,INF209KA12Z1,INF209KA13Z9,nav_119551_20260625.csv,149.9118,0.084399999999988,0.0562997709319666
119551,2018-02-14,150.0741,Aditya Birla Sun Life Banking & PSU Debt Fund - DIRECT - IDCW,Aditya Birla Sun Life Mutual Fund,Open Ended Schemes,Debt Scheme - Banking and PSU Fund,INF209KA12Z1,INF209KA13Z9,nav_119551_20260625.csv,149.9962,0.0778999999999996,0.051934649011108
119551,2018-02-15,149.9765,Aditya Birla Sun Life Banking & PSU Debt Fund - DIRECT - IDCW,Aditya Birla Sun Life Mutual Fund,Open Ended Schemes,Debt Scheme - Banking and PSU Fund,INF209KA12Z1,INF209KA13Z9,nav_119551_20260625.csv,150.0741,-0.0975999999999999,-0.0650345396041021
119551,2018-02-16,150.0015,Aditya Birla Sun Life Banking & PSU Debt Fund - DIRECT - IDCW,Aditya Birla Sun Life Mutual Fund,Open Ended Schemes,Debt Scheme - Banking and PSU Fund,INF209KA12Z1,INF209KA13Z9,nav_119551_20260625.csv,149.9765,0.0250000000000056,0.0166692781869197
119551,2018-02-20,149.9696,Aditya Birla Sun Life Banking & PSU Debt Fund - DIRECT - IDCW,Aditya Birla Sun Life Mutual Fund,Open Ended Schemes,Debt Scheme - Banking and PSU Fund,INF209KA12Z1,INF209KA13Z9,nav_119551_20260625.csv,150.0015,-0.0318999999999789,-0.0212664540021126
119551,2018-02-21,149.9303,Aditya Birla Sun Life Banking & PSU Debt Fund - DIRECT - IDCW,Aditya Birla Sun Life Mutual Fund,Open Ended Schemes,Debt Scheme - Banking and PSU Fund,INF209KA12Z1,INF209KA13Z9,nav_119551_20260625.csv,149.9696,-0.0393000000000256,-0.0262053109430348
119551,2018-02-22,149.8158,Aditya Birla Sun Life Banking & PSU Debt Fund - DIRECT - IDCW,Aditya Birla Sun Life Mutual Fund,Open Ended Schemes,Debt Scheme - Banking and PSU Fund,INF209KA12Z1,INF209KA13Z9,nav_119551_20260625.csv,149.9303,-0.1144999999999925,-0.076368819378066
119551,2018-02-23,149.9491,Aditya Birla Sun Life Banking & PSU Debt Fund - DIRECT - IDCW,Aditya Birla Sun Life Mutual Fund,Open Ended Schemes,Debt Scheme - Banking and PSU Fund,INF209KA12Z1,INF209KA13Z9,nav_119551_20260625.csv,149.8158,0.1332999999999913,0.088975929107605
119551,2018-02-26,149.9922,Aditya Birla Sun Life Banking & PSU Debt Fund - DIRECT - IDCW,Aditya Birla Sun Life Mutual Fund,Open Ended Schemes,Debt Scheme - Banking and PSU Fund,INF209KA12Z1,INF209KA13Z9,nav_119551_20260625.csv,149.9491,0.0431000000000096,0.0287430868208009
119551,2018-02-27,140.649,Aditya Birla Sun Life Banking & PSU Debt Fund - DIRECT - IDCW,Aditya Birla Sun Life Mutual Fund,Open Ended Schemes,Debt Scheme - Banking and PSU Fund,INF209KA12Z1,INF209KA13Z9,nav_119551_20260625.csv,149.9922,-9.343199999999996,-6.229123914443548
119551,2018-02-28,140.6412,Aditya Birla Sun Life Banking & PSU Debt Fund - DIRECT - IDCW,Aditya Birla Sun Life Mutual Fund,Open Ended Schemes,Debt Scheme - Banking and PSU Fund,INF209KA12Z1,INF209KA13Z9,nav_119551_20260625.csv,140.649,-0.0078000000000031,-0.0055457201970885
119551,2018-03-01,140.6243,Aditya Birla Sun Life Banking & PSU Debt Fund - DIRECT - IDCW,Aditya Birla Sun Life Mutual Fund,Open Ended Schemes,Debt Scheme - Banking and PSU Fund,INF209KA12Z1,INF209KA13Z9,nav_119551_20260625.csv,140.6412,-0.0168999999999925,-0.0120163934892425
119551,2018-03-05,140.7265,Aditya Birla Sun Life Banking & PSU Debt Fund - DIRECT - IDCW,Aditya Birla Sun Life Mutual Fund,Open Ended Schemes,Debt Scheme - Banking and PSU Fund,INF209KA12Z1,INF209KA13Z9,nav_119551_20260625.csv,140.6243,0.102199999999982,0.072675917320109
119551,2018-03-06,140.77,Aditya Birla Sun Life Banking & PSU Debt Fund - DIRECT - IDCW,Aditya Birla Sun Life Mutual Fund,Open Ended Schemes,Debt Scheme - Banking and PSU Fund,INF209KA12Z1,INF209KA13Z9,nav_119551_20260625.csv,140.7265,0.0435000000000229,0.030911022444261
119551,2018-03-07,140.9803,Aditya Birla Sun Life Banking & PSU Debt Fund - DIRECT - IDCW,Aditya Birla Sun Life Mutual Fund,Open Ended Schemes,Debt Scheme - Banking and PSU Fund,INF209KA12Z1,INF209KA13Z9,nav_119551_20260625.csv,140.77,0.2102999999999895,0.1493926262697943
119551,2018-03-08,141.0882,Aditya Birla Sun Life Banking & PSU Debt Fund - DIRECT - IDCW,Aditya Birla Sun Life Mutual Fund,Open Ended Schemes,Debt Scheme - Banking and PSU Fund,INF209KA12Z1,INF209KA13Z9,nav_119551_20260625.csv,140.9803,0.1079000000000007,0.0765355159550666
119551,2018-03-09,141.0964,Aditya Birla Sun Life Banking & PSU Debt Fund - DIRECT - IDCW,Aditya Birla Sun Life Mutual Fund,Open Ended Schemes,Debt Scheme - Banking and PSU Fund,INF209KA12Z1,INF209KA13Z9,nav_119551_20260625.csv,141.0882,0.0081999999999879,0.0058119672658578
119551,2018-03-12,141.271,Aditya Birla Sun Life Banking & PSU Debt Fund - DIRECT - IDCW,Aditya Birla Sun Life Mutual Fund,Open Ended Schemes,Debt Scheme - Banking and PSU Fund,INF209KA12Z1,INF209KA13Z9,nav_119551_20260625.csv,141.0964,0.1745999999999981,0.1237451841436054
119551,2018-03-13,141.3517,Aditya Birla Sun Life Banking & PSU Debt Fund - DIRECT - IDCW,Aditya Birla Sun Life Mutual Fund,Open Ended Schemes,Debt Scheme - Banking and PSU Fund,INF209KA12Z1,INF209KA13Z9,nav_119551_20260625.csv,141.271,0.0807000000000073,0.0571242505539051
119551,2018-03-14,141.3686,Aditya Birla Sun Life Banking & PSU Debt Fund - DIRECT - IDCW,Aditya Birla Sun Life Mutual Fund,Open Ended Schemes,Debt Scheme - Banking and PSU Fund,INF209KA12Z1,INF209KA13Z9,nav_119551_20260625.csv,141.3517,0.0168999999999925,0.0119559934546189
119551,2018-03-15,141.4873,Aditya Birla Sun Life Banking & PSU Debt Fund - DIRECT - IDCW,Aditya Birla Sun Life Mutual Fund,Open Ended Schemes,Debt Scheme - Banking and PSU Fund,INF209KA12Z1,INF209KA13Z9,nav_119551_20260625.csv,141.3686,0.1187000000000182,0.0839648974383407
119551,2018-03-16,141.6912,Aditya Birla Sun Life Banking & PSU Debt Fund - DIRECT - IDCW,Aditya Birla Sun Life Mutual Fund,Open Ended Schemes,Debt Scheme - Banking and PSU Fund,INF209KA12Z1,INF209KA13Z9,nav_119551_20260625.csv,141.4873,0.2039000000000044,0.1441118743519767
119551,2018-03-19,141.7148,Aditya Birla Sun Life Banking & PSU Debt Fund - DIRECT - IDCW,Aditya Birla Sun Life Mutual Fund,Open Ended Schemes,Debt Scheme - Banking and PSU Fund,INF209KA12Z1,INF209KA13Z9,nav_119551_20260625.csv,141.6912,0.0235999999999876,0.0166559391126531
119551,2018-03-20,141.7269,Aditya Birla Sun Life Banking & PSU Debt Fund - DIRECT - IDCW,Aditya Birla Sun Life Mutual Fund,Open Ended Schemes,Debt Scheme - Banking and PSU Fund,INF209KA12Z1,INF209KA13Z9,nav_119551_20260625.csv,141.7148,0.0121000000000037,0.0085382754659384
119551,2018-03-21,141.7391,Aditya Birla Sun Life Banking & PSU Debt Fund - DIRECT - IDCW,Aditya Birla Sun Life Mutual Fund,Open Ended Schemes,Debt Scheme - Banking and PSU Fund,INF209KA12Z1,INF209KA13Z9,nav_119551_20260625.csv,141.7269,0.012200000000007,0.0086081047422945
119551,2018-03-22,141.7848,Aditya Birla Sun Life Banking & PSU Debt Fund - DIRECT - IDCW,Aditya Birla Sun Life Mutual Fund,Open Ended Schemes,Debt Scheme - Banking and PSU Fund,INF209KA12Z1,INF209KA13Z9,nav_119551_20260625.csv,141.7391,0.0456999999999823,0.0322423382115325
119551,2018-03-23,141.8272,Aditya Birla Sun Life Banking & PSU Debt Fund - DIRECT - IDCW,Aditya Birla Sun Life Mutual Fund,Open Ended Schemes,Debt Scheme - Banking and PSU Fund,INF209KA12Z1,INF209KA13Z9,nav_119551_20260625.csv,141.7848,0.0424000000000148,0.0299044749507809
119551,2018-03-26,141.858,Aditya Birla Sun Life Banking & PSU Debt Fund - DIRECT - IDCW,Aditya Birla Sun Life Mutual Fund,Open Ended Schemes,Debt Scheme - Banking and PSU Fund,INF209KA12Z1,INF209KA13Z9,nav_119551_20260625.csv,141.8272,0.0307999999999992,0.0217165677669722
119551,2018-03-27,142.3556,Aditya Birla Sun Life Banking & PSU Debt Fund - DIRECT - IDCW,Aditya Birla Sun Life Mutual Fund,Open Ended Schemes,Debt Scheme - Banking and PSU Fund,INF209KA12Z1,INF209KA13Z9,nav_119551_20260625.csv,141.858,0.4976000000000056,0.3507733085197913
119551,2018-03-28,142.4392,Aditya Birla Sun Life Banking & PSU Debt Fund - DIRECT - IDCW,Aditya Birla Sun Life Mutual Fund,Open Ended Schemes,Debt Scheme - Banking and PSU Fund,INF209KA12Z1,INF209KA13Z9,nav_119551_20260625.csv,142.3556,0.0835999999999899,0.0587261758581958
119551,2018-04-03,142.7428,Aditya Birla Sun Life Banking & PSU Debt Fund - DIRECT - IDCW,Aditya Birla Sun Life Mutual Fund,Open Ended Schemes,Debt Scheme - Banking and PSU Fund,INF209KA12Z1,INF209KA13Z9,nav_119551_20260625.csv,142.4392,0.3035999999999887,0.2131435728366831
119551,2018-04-04,142.7382,Aditya Birla Sun Life Banking & PSU Debt Fund - DIRECT - IDCW,Aditya Birla Sun Life Mutual Fund,Open Ended Schemes,Debt Scheme - Banking and PSU Fund,INF209KA12Z1,INF209KA13Z9,nav_119551_20260625.csv,142.7428,-0.0045999999999821,-0.0032225793525012
119551,2018-04-05,143.1275,Aditya Birla Sun Life Banking & PSU Debt Fund - DIRECT - IDCW,Aditya Birla Sun Life Mutual Fund,Open Ended Schemes,Debt Scheme - Banking and PSU Fund,INF209KA12Z1,INF209KA13Z9,nav_119551_20260625.csv,142.7382,0.3892999999999915,0.272737080893546
119551,2018-04-06,143.1533,Aditya Birla Sun Life Banking & PSU Debt Fund - DIRECT - IDCW,Aditya Birla Sun Life Mutual Fund,Open Ended Schemes,Debt Scheme - Banking and PSU Fund,INF209KA12Z1,INF209KA13Z9,nav_119551_20260625.csv,143.1275,0.0258000000000038,0.0180258860107273
119551,2018-04-09,143.1851,Aditya Birla Sun Life Banking & PSU Debt Fund - DIRECT - IDCW,Aditya Birla Sun Life Mutual Fund,Open Ended Schemes,Debt Scheme - Banking and PSU Fund,INF209KA12Z1,INF209KA13Z9,nav_119551_20260625.csv,143.1533,0.031800000000004,0.022213948263857
119551,2018-04-10,142.9838,Aditya Birla Sun Life Banking & PSU Debt Fund - DIRECT - IDCW,Aditya Birla Sun Life Mutual Fund,Open Ended Schemes,Debt Scheme - Banking and PSU Fund,INF209KA12Z1,INF209KA13Z9,nav_119551_20260625.csv,143.1851,-0.2013000000000033,-0.1405872538413587
119551,2018-04-11,142.7892,Aditya Birla Sun Life Banking & PSU Debt Fund - DIRECT - IDCW,Aditya Birla Sun Life Mutual Fund,Open Ended Schemes,Debt Scheme - Banking and PSU Fund,INF209KA12Z1,INF209KA13Z9,nav_119551_20260625.csv,142.9838,-0.1946000000000083,-0.1360993343301886
119551,2018-04-12,142.8123,Aditya Birla Sun Life Banking & PSU Debt Fund - DIRECT - IDCW,Aditya Birla Sun Life Mutual Fund,Open Ended Schemes,Debt Scheme - Banking and PSU Fund,INF209KA12Z1,INF209KA13Z9,nav_119551_20260625.csv,142.7892,0.0230999999999994,0.0161776941113189
119551,2018-04-13,142.8596,Aditya Birla Sun Life Banking & PSU Debt Fund - DIRECT - IDCW,Aditya Birla Sun Life Mutual Fund,Open Ended Schemes,Debt Scheme - Banking and PSU Fund,INF209KA12Z1,INF209KA13Z9,nav_119551_20260625.csv,142.8123,0.047300000000007,0.0331203964924638
119551,2018-04-16,142.9083,Aditya Birla Sun Life Banking & PSU Debt Fund - DIRECT - IDCW,Aditya Birla Sun Life Mutual Fund,Open Ended Schemes,Debt Scheme - Banking and PSU Fund,INF209KA12Z1,INF209KA13Z9,nav_119551_20260625.csv,142.8596,0.0486999999999966,0.0340894136620826
119551,2018-04-17,142.9028,Aditya Birla Sun Life Banking & PSU Debt Fund - DIRECT - IDCW,Aditya Birla Sun Life Mutual Fund,Open Ended Schemes,Debt Scheme - Banking and PSU Fund,INF209KA12Z1,INF209KA13Z9,nav_119551_20260625.csv,142.9083,-0.0054999999999836,-0.0038486218085189
119551,2018-04-18,142.8035,Aditya Birla Sun Life Banking & PSU Debt Fund - DIRECT - IDCW,Aditya Birla Sun Life Mutual Fund,Open Ended Schemes,Debt Scheme - Banking and PSU Fund,INF209KA12Z1,INF209KA13Z9,nav_119551_20260625.csv,142.9028,-0.0992999999999995,-0.0694877917017717
119551,2018-04-19,142.5817,Aditya Birla Sun Life Banking & PSU Debt Fund - DIRECT - IDCW,Aditya Birla Sun Life Mutual Fund,Open Ended Schemes,Debt Scheme - Banking and PSU Fund,INF209KA12Z1,INF209KA13Z9,nav_119551_20260625.csv,142.8035,-0.2218000000000017,-0.1553183220299234
119551,2018-04-20,142.3818,Aditya Birla Sun Life Banking & PSU Debt Fund - DIRECT - IDCW,Aditya Birla Sun Life Mutual Fund,Open Ended Schemes,Debt Scheme - Banking and PSU Fund,INF209KA12Z1,INF209KA13Z9,nav_119551_20260625.csv,142.5817,-0.1999000000000137,-0.1402003202374594
119551,2018-04-23,142.3797,Aditya Birla Sun Life Banking & PSU Debt Fund - DIRECT - IDCW,Aditya Birla Sun Life Mutual Fund,Open Ended Schemes,Debt Scheme - Banking and PSU Fund,INF209KA12Z1,INF209KA13Z9,nav_119551_20260625.csv,142.3818,-0.0020999999999844,-0.0014749076075625
119551,2018-04-24,142.3569,Aditya Birla Sun Life Banking & PSU Debt Fund - DIRECT - IDCW,Aditya Birla Sun Life Mutual Fund,Open Ended Schemes,Debt Scheme - Banking and PSU Fund,INF209KA12Z1,INF209KA13Z9,nav_119551_20260625.csv,142.3797,-0.0228000000000179,-0.0160135187811309
119551,2018-04-25,142.2185,Aditya Birla Sun Life Banking & PSU Debt Fund - DIRECT - IDCW,Aditya Birla Sun Life Mutual Fund,Open Ended Schemes,Debt Scheme - Banking and PSU Fund,INF209KA12Z1,INF209KA13Z9,nav_119551_20260625.csv,142.3569,-0.1383999999999901,-0.097220436803548
119551,2018-04-26,142.1109,Aditya Birla Sun Life Banking & PSU Debt Fund - DIRECT - IDCW,Aditya Birla Sun Life Mutual Fund,Open Ended Schemes,Debt Scheme - Banking and PSU Fund,INF209KA12Z1,INF209KA13Z9,nav_119551_20260625.csv,142.2185,-0.1076000000000192,-0.0756582301177548
119551,2018-04-27,142.0784,Aditya Birla Sun Life Banking & PSU Debt Fund - DIRECT - IDCW,Aditya Birla Sun Life Mutual Fund,Open Ended Schemes,Debt Scheme - Banking and PSU Fund,INF209KA12Z1,INF209KA13Z9,nav_119551_20260625.csv,142.1109,-0.0324999999999988,-0.0228694632149953
119551,2018-05-02,142.3015,Aditya Birla Sun Life Banking & PSU Debt Fund - DIRECT - IDCW,Aditya Birla Sun Life Mutual Fund,Open Ended Schemes,Debt Scheme - Banking and PSU Fund,INF209KA12Z1,INF209KA13Z9,nav_119551_20260625.csv,142.0784,0.2231000000000165,0.1570259800223092
119551,2018-05-03,142.3179,Aditya Birla Sun Life Banking & PSU Debt Fund - DIRECT - IDCW,Aditya Birla Sun Life Mutual Fund,Open Ended Schemes,Debt Scheme - Banking and PSU Fund,INF209KA12Z1,INF209KA13Z9,nav_119551_20260625.csv,142.3015,0.0164000000000044,0.011524825809991
119551,2018-05-04,142.3165,Aditya Birla Sun Life Banking & PSU Debt Fund - DIRECT - IDCW,Aditya Birla Sun Life Mutual Fund,Open Ended Schemes,Debt Scheme - Banking and PSU Fund,INF209KA12Z1,INF209KA13Z9,nav_119551_20260625.csv,142.3179,-0.001400000000018,-0.0009837132223129
119551,2018-05-07,142.4808,Aditya Birla Sun Life Banking & PSU Debt Fund - DIRECT - IDCW,Aditya Birla Sun Life Mutual Fund,Open Ended Schemes,Debt Scheme - Banking and PSU Fund,INF209KA12Z1,INF209KA13Z9,nav_119551_20260625.csv,142.3165,0.1642999999999972,0.1154469088264517
119551,2018-05-08,142.5187,Aditya Birla Sun Life Banking & PSU Debt Fund - DIRECT - IDCW,Aditya Birla Sun Life Mutual Fund,Open Ended Schemes,Debt Scheme - Banking and PSU Fund,INF209KA12Z1,INF209KA13Z9,nav_119551_20260625.csv,142.4808,0.0379000000000075,0.0266000752382128
119551,2018-05-09,142.3563,Aditya Birla Sun Life Banking & PSU Debt Fund - DIRECT - IDCW,Aditya Birla Sun Life Mutual Fund,Open Ended Schemes,Debt Scheme - Banking and PSU Fund,INF209KA12Z1,INF209KA13Z9,nav_119551_20260625.csv,142.5187,-0.162399999999991,-0.1139499588474993
119551,2018-05-10,142.3077,Aditya Birla Sun Life Banking & PSU Debt Fund - DIRECT - IDCW,Aditya Birla Sun Life Mutual Fund,Open Ended Schemes,Debt Scheme - Banking and PSU Fund,INF209KA12Z1,INF209KA13Z9,nav_119551_20260625.csv,142.3563,-0.0485999999999933,-0.0341396903403595
119551,2018-05-11,142.2857,Aditya Birla Sun Life Banking & PSU Debt Fund - DIRECT - IDCW,Aditya Birla Sun Life Mutual Fund,Open Ended Schemes,Debt Scheme - Banking and PSU Fund,INF209KA12Z1,INF209KA13Z9,nav_119551_20260625.csv,142.3077,-0.0220000000000197,-0.0154594586238269
119551,2018-05-14,142.2398,Aditya Birla Sun Life Banking & PSU Debt Fund - DIRECT - IDCW,Aditya Birla Sun Life Mutual Fund,Open Ended Schemes,Debt Scheme - Banking and PSU Fund,INF209KA12Z1,INF209KA13Z9,nav_119551_20260625.csv,142.2857,-0.0458999999999889,-0.0322590393834299
119551,2018-05-15,142.0914,Aditya Birla Sun Life Banking & PSU Debt Fund - DIRECT - IDCW,Aditya Birla Sun Life Mutual Fund,Open Ended Schemes,Debt Scheme - Banking and PSU Fund,INF209KA12Z1,INF209KA13Z9,nav_119551_20260625.csv,142.2398,-0.1484000000000094,-0.1043308553583521
119551,2018-05-16,141.9575,Aditya Birla Sun Life Banking & PSU Debt Fund - DIRECT - IDCW,Aditya Birla Sun Life Mutual Fund,Open Ended Schemes,Debt Scheme - Banking and PSU Fund,INF209KA12Z1,INF209KA13Z9,nav_119551_20260625.csv,142.0914,-0.1338999999999828,-0.094235119085309
119551,2018-05-17,141.9005,Aditya Birla Sun Life Banking & PSU Debt Fund - DIRECT - IDCW,Aditya Birla Sun Life Mutual Fund,Open Ended Schemes,Debt Scheme - Banking and PSU Fund,INF209KA12Z1,INF209KA13Z9,nav_119551_20260625.csv,141.9575,-0.0570000000000163,-0.0401528626525659
119551,2018-05-18,142.0857,Aditya Birla Sun Life Banking & PSU Debt Fund - DIRECT - IDCW,Aditya Birla Sun Life Mutual Fund,Open Ended Schemes,Debt Scheme - Banking and PSU Fund,INF209KA12Z1,INF209KA13Z9,nav_119551_20260625.csv,141.9005,0.1852000000000089,0.1305139869133716
119551,2018-05-21,142.1174,Aditya Birla Sun Life Banking & PSU Debt Fund - DIRECT - IDCW,Aditya Birla Sun Life Mutual Fund,Open Ended Schemes,Debt Scheme - Banking and PSU Fund,INF209KA12Z1,INF209KA13Z9,nav_119551_20260625.csv,142.0857,0.0317000000000007,0.0223104788166583
119551,2018-05-22,142.1472,Aditya Birla Sun Life Banking & PSU Debt Fund - DIRECT - IDCW,Aditya Birla Sun Life Mutual Fund,Open Ended Schemes,Debt Scheme - Banking and PSU Fund,INF209KA12Z1,INF209KA13Z9,nav_119551_20260625.csv,142.1174,0.0297999999999944,0.0209685794983545
119551,2018-05-23,142.1357,Aditya Birla Sun Life Banking & PSU Debt Fund - DIRECT - IDCW,Aditya Birla Sun Life Mutual Fund,Open Ended Schemes,Debt Scheme - Banking and PSU Fund,INF209KA12Z1,INF209KA13Z9,nav_119551_20260625.csv,142.1472,-0.0114999999999838,-0.00809020508317
119551,2018-05-24,142.1165,Aditya Birla Sun Life Banking & PSU Debt Fund - DIRECT - IDCW,Aditya Birla Sun Life Mutual Fund,Open Ended Schemes,Debt Scheme - Banking and PSU Fund,INF209KA12Z1,INF209KA13Z9,nav_119551_20260625.csv,142.1357,-0.019200000000012,-0.0135082178509776
119551,2018-05-25,142.2487,Aditya Birla Sun Life Banking & PSU Debt Fund - DIRECT - IDCW,Aditya Birla Sun Life Mutual Fund,Open Ended Schemes,Debt Scheme - Banking and PSU Fund,INF209KA12Z1,INF209KA13Z9,nav_119551_20260625.csv,142.1165,0.1322000000000116,0.0930222739794546
119551,2018-05-28,142.4224,Aditya Birla Sun Life Banking & PSU Debt Fund - DIRECT - IDCW,Aditya Birla Sun Life Mutual Fund,Open Ended Schemes,Debt Scheme - Banking and PSU Fund,INF209KA12Z1,INF209KA13Z9,nav_119551_20260625.csv,142.2487,0.1736999999999966,0.1221100790376267
119551,2018-05-29,142.4726,Aditya Birla Sun Life Banking & PSU Debt Fund - DIRECT - IDCW,Aditya Birla Sun Life Mutual Fund,Open Ended Schemes,Debt Scheme - Banking and PSU Fund,INF209KA12Z1,INF209KA13Z9,nav_119551_20260625.csv,142.4224,0.0501999999999895,0.0352472644752437
119551,2018-05-30,142.5296,Aditya Birla Sun Life Banking & PSU Debt Fund - DIRECT - IDCW,Aditya Birla Sun Life Mutual Fund,Open Ended Schemes,Debt Scheme - Banking and PSU Fund,INF209KA12Z1,INF209KA13Z9,nav_119551_20260625.csv,142.4726,0.0569999999999879,0.0400076927072208
119551,2018-05-31,142.42,Aditya Birla Sun Life Banking & PSU Debt Fund - DIRECT - IDCW,Aditya Birla Sun Life Mutual Fund,Open Ended Schemes,Debt Scheme - Banking and PSU Fund,INF209KA12Z1,INF209KA13Z9,nav_119551_20260625.csv,142.5296,-0.1096000000000003,-0.0768963078546493
119551,2018-06-01,142.3674,Aditya Birla Sun Life Banking & PSU Debt Fund - DIRECT - IDCW,Aditya Birla Sun Life Mutual Fund,Open Ended Schemes,Debt Scheme - Banking and PSU Fund,INF209KA12Z1,INF209KA13Z9,nav_119551_20260625.csv,142.42,-0.0525999999999839,-0.0369330150259682
119551,2018-06-04,142.3998,Aditya Birla Sun Life Banking & PSU Debt Fund - DIRECT - IDCW,Aditya Birla Sun Life Mutual Fund,Open Ended Schemes,Debt Scheme - Banking and PSU Fund,INF209KA12Z1,INF209KA13Z9,nav_119551_20260625.csv,142.3674,0.0323999999999955,0.0227580190408728
119551,2018-06-05,142.4665,Aditya Birla Sun Life Banking & PSU Debt Fund - DIRECT - IDCW,Aditya Birla Sun Life Mutual Fund,Open Ended Schemes,Debt Scheme - Banking and PSU Fund,INF209KA12Z1,INF209KA13Z9,nav_119551_20260625.csv,142.3998,0.0666999999999973,0.046839953426899
119551,2018-06-06,142.3972,Aditya Birla Sun Life Banking & PSU Debt Fund - DIRECT - IDCW,Aditya Birla Sun Life Mutual Fund,Open Ended Schemes,Debt Scheme - Banking and PSU Fund,INF209KA12Z1,INF209KA13Z9,nav_119551_20260625.csv,142.4665,-0.0692999999999983,-0.0486430143226641
119551,2018-06-07,142.2812,Aditya Birla Sun Life Banking & PSU Debt Fund - DIRECT - IDCW,Aditya Birla Sun Life Mutual Fund,Open Ended Schemes,Debt Scheme - Banking and PSU Fund,INF209KA12Z1,INF209KA13Z9,nav_119551_20260625.csv,142.3972,-0.1159999999999854,-0.0814622759436178
119551,2018-06-08,142.4035,Aditya Birla Sun Life Banking & PSU Debt Fund - DIRECT - IDCW,Aditya Birla Sun Life Mutual Fund,Open Ended Schemes,Debt Scheme - Banking and PSU Fund,INF209KA12Z1,INF209KA13Z9,nav_119551_20260625.csv,142.2812,0.1222999999999956,0.0859565423963219
119551,2018-06-11,142.4551,Aditya Birla Sun Life Banking & PSU Debt Fund - DIRECT - IDCW,Aditya Birla Sun Life Mutual Fund,Open Ended Schemes,Debt Scheme - Banking and PSU Fund,INF209KA12Z1,INF209KA13Z9,nav_119551_20260625.csv,142.4035,0.0515999999999792,0.0362350644471373
119551,2018-06-12,142.4837,Aditya Birla Sun Life Banking & PSU Debt Fund - DIRECT - IDCW,Aditya Birla Sun Life Mutual Fund,Open Ended Schemes,Debt Scheme - Banking and PSU Fund,INF209KA12Z1,INF209KA13Z9,nav_119551_20260625.csv,142.4551,0.0286000000000115,0.0200765012976099
119551,2018-06-13,142.5907,Aditya Birla Sun Life Banking & PSU Debt Fund - DIRECT - IDCW,Aditya Birla Sun Life Mutual Fund,Open Ended Schemes,Debt Scheme - Banking and PSU Fund,INF209KA12Z1,INF209KA13Z9,nav_119551_20260625.csv,142.4837,0.1069999999999993,0.0750963092620414
119551,2018-06-14,142.6874,Aditya Birla Sun Life Banking & PSU Debt Fund - DIRECT - IDCW,Aditya Birla Sun Life Mutual Fund,Open Ended Schemes,Debt Scheme - Banking and PSU Fund,INF209KA12Z1,INF209KA13Z9,nav_119551_20260625.csv,142.5907,0.0966999999999984,0.067816484525287
119551,2018-06-15,142.7832,Aditya Birla Sun Life Banking & PSU Debt Fund - DIRECT - IDCW,Aditya Birla Sun Life Mutual Fund,Open Ended Schemes,Debt Scheme - Banking and PSU Fund,INF209KA12Z1,INF209KA13Z9,nav_119551_20260625.csv,142.6874,0.095799999999997,0.0671397754812246
119551,2018-06-18,142.9393,Aditya Birla Sun Life Banking & PSU Debt Fund - DIRECT - IDCW,Aditya Birla Sun Life Mutual Fund,Open Ended Schemes,Debt Scheme - Banking and PSU Fund,INF209KA12Z1,INF209KA13Z9,nav_119551_20260625.csv,142.7832,0.1561000000000092,0.1093265874416662
119551,2018-06-19,142.9936,Aditya Birla Sun Life Banking & PSU Debt Fund - DIRECT - IDCW,Aditya Birla Sun Life Mutual Fund,Open Ended Schemes,Debt Scheme - Banking and PSU Fund,INF209KA12Z1,INF209KA13Z9,nav_119551_20260625.csv,142.9393,0.0542999999999835,0.0379881530131906
119551,2018-06-20,143.0785,Aditya Birla Sun Life Banking & PSU Debt Fund - DIRECT - IDCW,Aditya Birla Sun Life Mutual Fund,Open Ended Schemes,Debt Scheme - Banking and PSU Fund,INF209KA12Z1,INF209KA13Z9,nav_119551_20260625.csv,142.9936,0.0849000000000046,0.0593732866366079
119551,2018-06-21,143.2127,Aditya Birla Sun Life Banking & PSU Debt Fund - DIRECT - IDCW,Aditya Birla Sun Life Mutual Fund,Open Ended Schemes,Debt Scheme - Banking and PSU Fund,INF209KA12Z1,INF209KA13Z9,nav_119551_20260625.csv,143.0785,0.1342000000000212,0.0937946651663396
119551,2018-06-22,143.2155,Aditya Birla Sun Life Banking & PSU Debt Fund - DIRECT - IDCW,Aditya Birla Sun Life Mutual Fund,Open Ended Schemes,Debt Scheme - Banking and PSU Fund,INF209KA12Z1,INF209KA13Z9,nav_119551_20260625.csv,143.2127,0.0027999999999792,0.0019551338673031
119551,2018-06-25,143.2898,Aditya Birla Sun Life Banking & PSU Debt Fund - DIRECT - IDCW,Aditya Birla Sun Life Mutual Fund,Open Ended Schemes,Debt Scheme - Banking and PSU Fund,INF209KA12Z1,INF209KA13Z9,nav_119551_20260625.csv,143.2155,0.0743000000000222,0.0518798593727789
119551,2018-06-26,143.3068,Aditya Birla Sun Life Banking & PSU Debt Fund - DIRECT - IDCW,Aditya Birla Sun Life Mutual Fund,Open Ended Schemes,Debt Scheme - Banking and PSU Fund,INF209KA12Z1,INF209KA13Z9,nav_119551_20260625.csv,143.2898,0.0169999999999959,0.0118640684821919
119551,2018-06-27,143.2581,Aditya Birla Sun Life Banking & PSU Debt Fund - DIRECT - IDCW,Aditya Birla Sun Life Mutual Fund,Open Ended Schemes,Debt Scheme - Banking and PSU Fund,INF209KA12Z1,INF209KA13Z9,nav_119551_20260625.csv,143.3068,-0.0486999999999966,-0.0339830349990346
119551,2018-06-28,143.195,Aditya Birla Sun Life Banking & PSU Debt Fund - DIRECT - IDCW,Aditya Birla Sun Life Mutual Fund,Open Ended Schemes,Debt Scheme - Banking and PSU Fund,INF209KA12Z1,INF209KA13Z9,nav_119551_20260625.csv,143.2581,-0.0631000000000199,-0.0440463750391914
119551,2018-06-29,143.2428,Aditya Birla Sun Life Banking & PSU Debt Fund - DIRECT - IDCW,Aditya Birla Sun Life Mutual Fund,Open Ended Schemes,Debt Scheme - Banking and PSU Fund,INF209KA12Z1,INF209KA13Z9,nav_119551_20260625.csv,143.195,0.0477999999999951,0.0333810538077413
119551,2018-07-02,143.3715,Aditya Birla Sun Life Banking & PSU Debt Fund - DIRECT - IDCW,Aditya Birla Sun Life Mutual Fund,Open Ended Schemes,Debt Scheme - Banking and PSU Fund,INF209KA12Z1,INF209KA13Z9,nav_119551_20260625.csv,143.2428,0.1287000000000091,0.0898474478298449
119551,2018-07-03,143.418,Aditya Birla Sun Life Banking & PSU Debt Fund - DIRECT - IDCW,Aditya Birla Sun Life Mutual Fund,Open Ended Schemes,Debt Scheme - Banking and PSU Fund,INF209KA12Z1,INF209KA13Z9,nav_119551_20260625.csv,143.3715,0.0465000000000088,0.0324332241763592
119551,2018-07-04,143.5283,Aditya Birla Sun Life Banking & PSU Debt Fund - DIRECT - IDCW,Aditya Birla Sun Life Mutual Fund,Open Ended Schemes,Debt Scheme - Banking and PSU Fund,INF209KA12Z1,INF209KA13Z9,nav_119551_20260625.csv,143.418,0.1102999999999951,0.0769080589605176
119551,2018-07-05,143.5272,Aditya Birla Sun Life Banking & PSU Debt Fund - DIRECT - IDCW,Aditya Birla Sun Life Mutual Fund,Open Ended Schemes,Debt Scheme - Banking and PSU Fund,INF209KA12Z1,INF209KA13Z9,nav_119551_20260625.csv,143.5283,-0.001100000000008,-0.0007663993790827
119551,2018-07-06,143.5656,Aditya Birla Sun Life Banking & PSU Debt Fund - DIRECT - IDCW,Aditya Birla Sun Life Mutual Fund,Open Ended Schemes,Debt Scheme - Banking and PSU Fund,INF209KA12Z1,INF209KA13Z9,nav_119551_20260625.csv,143.5272,0.0383999999999957,0.0267545106432758
119551,2018-07-09,143.6666,Aditya Birla Sun Life Banking & PSU Debt Fund - DIRECT - IDCW,Aditya Birla Sun Life Mutual Fund,Open Ended Schemes,Debt Scheme - Banking and PSU Fund,INF209KA12Z1,INF209KA13Z9,nav_119551_20260625.csv,143.5656,0.100999999999999,0.0703511147517226
119551,2018-07-10,143.7153,Aditya Birla Sun Life Banking & PSU Debt Fund - DIRECT - IDCW,Aditya Birla Sun Life Mutual Fund,Open Ended Schemes,Debt Scheme - Banking and PSU Fund,INF209KA12Z1,INF209KA13Z9,nav_119551_20260625.csv,143.6666,0.048700000000025,0.0338979275628608
119551,2018-07-11,143.7636,Aditya Birla Sun Life Banking & PSU Debt Fund - DIRECT - IDCW,Aditya Birla Sun Life Mutual Fund,Open Ended Schemes,Debt Scheme - Banking and PSU Fund,INF209KA12Z1,INF209KA13Z9,nav_119551_20260625.csv,143.7153,0.0482999999999833,0.0336081127061512
119551,2018-07-12,143.9137,Aditya Birla Sun Life Banking & PSU Debt Fund - DIRECT - IDCW,Aditya Birla Sun Life Mutual Fund,Open Ended Schemes,Debt Scheme - Banking and PSU Fund,INF209KA12Z1,INF209KA13Z9,nav_119551_20260625.csv,143.7636,0.150100000000009,0.1044075134456907
119551,2018-07-13,143.9932,Aditya Birla Sun Life Banking & PSU Debt Fund - DIRECT - IDCW,Aditya Birla Sun Life Mutual Fund,Open Ended Schemes,Debt Scheme - Banking and PSU Fund,INF209KA12Z1,INF209KA13Z9,nav_119551_20260625.csv,143.9137,0.0794999999999959,0.0552414398351205
119551,2018-07-16,144.0332,Aditya Birla Sun Life Banking & PSU Debt Fund - DIRECT - IDCW,Aditya Birla Sun Life Mutual Fund,Open Ended Schemes,Debt Scheme - Banking and PSU Fund,INF209KA12Z1,INF209KA13Z9,nav_119551_20260625.csv,143.9932,0.039999999999992,0.0277790895681129
119551,2018-07-17,144.1534,Aditya Birla Sun Life Banking & PSU Debt Fund - DIRECT - IDCW,Aditya Birla Sun Life Mutual Fund,Open Ended Schemes,Debt Scheme - Banking and PSU Fund,INF209KA12Z1,INF209KA13Z9,nav_119551_20260625.csv,144.0332,0.1202000000000111,0.0834529816736774
119551,2018-07-18,144.1784,Aditya Birla Sun Life Banking & PSU Debt Fund - DIRECT - IDCW,Aditya Birla Sun Life Mutual Fund,Open Ended Schemes,Debt Scheme - Banking and PSU Fund,INF209KA12Z1,INF209KA13Z9,nav_119551_20260625.csv,144.1534,0.0250000000000056,0.017342636385965
119551,2018-07-19,144.1604,Aditya Birla Sun Life Banking & PSU Debt Fund - DIRECT - IDCW,Aditya Birla Sun Life Mutual Fund,Open Ended Schemes,Debt Scheme - Banking and PSU Fund,INF209KA12Z1,INF209KA13Z9,nav_119551_20260625.csv,144.1784,-0.0180000000000006,-0.0124845330507209
119551,2018-07-20,144.1651,Aditya Birla Sun Life Banking & PSU Debt Fund - DIRECT - IDCW,Aditya Birla Sun Life Mutual Fund,Open Ended Schemes,Debt Scheme - Banking and PSU Fund,INF209KA12Z1,INF209KA13Z9,nav_119551_20260625.csv,144.1604,0.0046999999999854,0.0032602573244701
119551,2018-07-23,144.2217,Aditya Birla Sun Life Banking & PSU Debt Fund - DIRECT - IDCW,Aditya Birla Sun Life Mutual Fund,Open Ended Schemes,Debt Scheme - Banking and PSU Fund,INF209KA12Z1,INF209KA13Z9,nav_119551_20260625.csv,144.1651,0.056600000000003,0.0392605422532936
119551,2018-07-24,144.2543,Aditya Birla Sun Life Banking & PSU Debt Fund - DIRECT - IDCW,Aditya Birla Sun Life Mutual Fund,Open Ended Schemes,Debt Scheme - Banking and PSU Fund,INF209KA12Z1,INF209KA13Z9,nav_119551_20260625.csv,144.2217,0.0326000000000021,0.0226040880117223
119551,2018-07-25,144.2857,Aditya Birla Sun Life Banking & PSU Debt Fund - DIRECT - IDCW,Aditya Birla Sun Life Mutual Fund,Open Ended Schemes,Debt Scheme - Banking and PSU Fund,INF209KA12Z1,INF209KA13Z9,nav_119551_20260625.csv,144.2543,0.0313999999999907,0.0217671154343342
119551,2018-07-26,144.3561,Aditya Birla Sun Life Banking & PSU Debt Fund - DIRECT - IDCW,Aditya Birla Sun Life Mutual Fund,Open Ended Schemes,Debt Scheme - Banking and PSU Fund,INF209KA12Z1,INF209KA13Z9,nav_119551_20260625.csv,144.2857,0.0704000000000064,0.0487920840388246
119551,2018-07-27,144.3967,Aditya Birla Sun Life Banking & PSU Debt Fund - DIRECT - IDCW,Aditya Birla Sun Life Mutual Fund,Open Ended Schemes,Debt Scheme - Banking and PSU Fund,INF209KA12Z1,INF209KA13Z9,nav_119551_20260625.csv,144.3561,0.0406000000000119,0.0281248939255161
119551,2018-07-30,144.4708,Aditya Birla Sun Life Banking & PSU Debt Fund - DIRECT - IDCW,Aditya Birla Sun Life Mutual Fund,Open Ended Schemes,Debt Scheme - Banking and PSU Fund,INF209KA12Z1,INF209KA13Z9,nav_119551_20260625.csv,144.3967,0.0740999999999871,0.0513169622297373
119551,2018-07-31,144.5473,Aditya Birla Sun Life Banking & PSU Debt Fund - DIRECT - IDCW,Aditya Birla Sun Life Mutual Fund,Open Ended Schemes,Debt Scheme - Banking and PSU Fund,INF209KA12Z1,INF209KA13Z9,nav_119551_20260625.csv,144.4708,0.07650000000001,0.0529518767806435
119551,2018-08-01,144.6898,Aditya Birla Sun Life Banking & PSU Debt Fund - DIRECT - IDCW,Aditya Birla Sun Life Mutual Fund,Open Ended Schemes,Debt Scheme - Banking and PSU Fund,INF209KA12Z1,INF209KA13Z9,nav_119551_20260625.csv,144.5473,0.142499999999984,0.0985836470138038
119551,2018-08-02,144.717,Aditya Birla Sun Life Banking & PSU Debt Fund - DIRECT - IDCW,Aditya Birla Sun Life Mutual Fund,Open Ended Schemes,Debt Scheme - Banking and PSU Fund,INF209KA12Z1,INF209KA13Z9,nav_119551_20260625.csv,144.6898,0.0272000000000218,0.0187988372366413
119551,2018-08-03,144.6829,Aditya Birla Sun Life Banking & PSU Debt Fund - DIRECT - IDCW,Aditya Birla Sun Life Mutual Fund,Open Ended Schemes,Debt Scheme - Banking and PSU Fund,INF209KA12Z1,INF209KA13Z9,nav_119551_20260625.csv,144.717,-0.0341000000000235,-0.0235632303046798
119551,2018-08-06,144.7287,Aditya Birla Sun Life Banking & PSU Debt Fund - DIRECT - IDCW,Aditya Birla Sun Life Mutual Fund,Open Ended Schemes,Debt Scheme - Banking and PSU Fund,INF209KA12Z1,INF209KA13Z9,nav_119551_20260625.csv,144.6829,0.045800000000014,0.0316554340561421
119551,2018-08-07,144.736,Aditya Birla Sun Life Banking & PSU Debt Fund - DIRECT - IDCW,Aditya Birla Sun Life Mutual Fund,Open Ended Schemes,Debt Scheme - Banking and PSU Fund,INF209KA12Z1,INF209KA13Z9,nav_119551_20260625.csv,144.7287,0.0072999999999865,0.0050439201070599
119551,2018-08-08,144.7751,Aditya Birla Sun Life Banking & PSU Debt Fund - DIRECT - IDCW,Aditya Birla Sun Life Mutual Fund,Open Ended Schemes,Debt Scheme - Banking and PSU Fund,INF209KA12Z1,INF209KA13Z9,nav_119551_20260625.csv,144.736,0.039100000000019,0.0270147026310102
119551,2018-08-09,144.8547,Aditya Birla Sun Life Banking & PSU Debt Fund - DIRECT - IDCW,Aditya Birla Sun Life Mutual Fund,Open Ended Schemes,Debt Scheme - Banking and PSU Fund,INF209KA12Z1,INF209KA13Z9,nav_119551_20260625.csv,144.7751,0.0795999999999992,0.0549818304390735
119551,2018-08-10,144.8834,Aditya Birla Sun Life Banking & PSU Debt Fund - DIRECT - IDCW,Aditya Birla Sun Life Mutual Fund,Open Ended Schemes,Debt Scheme - Banking and PSU Fund,INF209KA12Z1,INF209KA13Z9,nav_119551_20260625.csv,144.8547,0.0286999999999864,0.0198129573979901
119551,2018-08-13,144.8638,Aditya Birla Sun Life Banking & PSU Debt Fund - DIRECT - IDCW,Aditya Birla Sun Life Mutual Fund,Open Ended Schemes,Debt Scheme - Banking and PSU Fund,INF209KA12Z1,INF209KA13Z9,nav_119551_20260625.csv,144.8834,-0.0195999999999969,-0.0135281198536181
119551,2018-08-14,144.8983,Aditya Birla Sun Life Banking & PSU Debt Fund - DIRECT - IDCW,Aditya Birla Sun Life Mutual Fund,Open Ended Schemes,Debt Scheme - Banking and PSU Fund,INF209KA12Z1,INF209KA13Z9,nav_119551_20260625.csv,144.8638,0.0345000000000084,0.0238154735689719
119551,2018-08-16,144.8889,Aditya Birla Sun Life Banking & PSU Debt Fund - DIRECT - IDCW,Aditya Birla Sun Life Mutual Fund,Open Ended Schemes,Debt Scheme - Banking and PSU Fund,INF209KA12Z1,INF209KA13Z9,nav_119551_20260625.csv,144.8983,-0.0093999999999994,-0.0064873086847805
119551,2018-08-20,145.0363,Aditya Birla Sun Life Banking & PSU Debt Fund - DIRECT - IDCW,Aditya Birla Sun Life Mutual Fund,Open Ended Schemes,Debt Scheme - Banking and PSU Fund,INF209KA12Z1,INF209KA13Z9,nav_119551_20260625.csv,144.8889,0.1474000000000046,0.1017331210327393
119551,2018-08-21,145.0737,Aditya Birla Sun Life Banking & PSU Debt Fund - DIRECT - IDCW,Aditya Birla Sun Life Mutual Fund,Open Ended Schemes,Debt Scheme - Banking and PSU Fund,INF209KA12Z1,INF209KA13Z9,nav_119551_20260625.csv,145.0363,0.0373999999999909,0.0257866478943485
119551,2018-08-23,145.063,Aditya Birla Sun Life Banking & PSU Debt Fund - DIRECT - IDCW,Aditya Birla Sun Life Mutual Fund,Open Ended Schemes,Debt Scheme - Banking and PSU Fund,INF209KA12Z1,INF209KA13Z9,nav_119551_20260625.csv,145.0737,-0.0107000000000141,-0.007375561524945
119551,2018-08-24,145.0713,Aditya Birla Sun Life Banking & PSU Debt Fund - DIRECT - IDCW,Aditya Birla Sun Life Mutual Fund,Open Ended Schemes,Debt Scheme - Banking and PSU Fund,INF209KA12Z1,INF209KA13Z9,nav_119551_20260625.csv,145.063,0.0083000000000197,0.0057216519719154
119551,2018-08-27,145.1487,Aditya Birla Sun Life Banking & PSU Debt Fund - DIRECT - IDCW,Aditya Birla Sun Life Mutual Fund,Open Ended Schemes,Debt Scheme - Banking and PSU Fund,INF209KA12Z1,INF209KA13Z9,nav_119551_20260625.csv,145.0713,0.077399999999983,0.0533530753498335
119551,2018-08-28,145.1743,Aditya Birla Sun Life Banking & PSU Debt Fund - DIRECT - IDCW,Aditya Birla Sun Life Mutual Fund,Open Ended Schemes,Debt Scheme - Banking and PSU Fund,INF209KA12Z1,INF209KA13Z9,nav_119551_20260625.csv,145.1487,0.0255999999999971,0.0176370852787501
119551,2018-08-29,145.1777,Aditya Birla Sun Life Banking & PSU Debt Fund - DIRECT - IDCW,Aditya Birla Sun Life Mutual Fund,Open Ended Schemes,Debt Scheme - Banking and PSU Fund,INF209KA12Z1,INF209KA13Z9,nav_119551_20260625.csv,145.1743,0.0033999999999991,0.0023420123258725
119551,2018-08-30,145.153,Aditya Birla Sun Life Banking & PSU Debt Fund - DIRECT - IDCW,Aditya Birla Sun Life Mutual Fund,Open Ended Schemes,Debt Scheme - Banking and PSU Fund,INF209KA12Z1,INF209KA13Z9,nav_119551_20260625.csv,145.1777,-0.0246999999999957,-0.0170136322589459
119551,2018-08-31,145.157,Aditya Birla Sun Life Banking & PSU Debt Fund - DIRECT - IDCW,Aditya Birla Sun Life Mutual Fund,Open Ended Schemes,Debt Scheme - Banking and PSU Fund,INF209KA12Z1,INF209KA13Z9,nav_119551_20260625.csv,145.153,0.004000000000019,0.0027557129373964
119551,2018-09-03,145.1981,Aditya Birla Sun Life Banking & PSU Debt Fund - DIRECT - IDCW,Aditya Birla Sun Life Mutual Fund,Open Ended Schemes,Debt Scheme - Banking and PSU Fund,INF209KA12Z1,INF209KA13Z9,nav_119551_20260625.csv,145.157,0.0411000000000001,0.028314170174363
119551,2018-09-04,145.091,Aditya Birla Sun Life Banking & PSU Debt Fund - DIRECT - IDCW,Aditya Birla Sun Life Mutual Fund,Open Ended Schemes,Debt Scheme - Banking and PSU Fund,INF209KA12Z1,INF209KA13Z9,nav_119551_20260625.csv,145.1981,-0.1071000000000026,-0.0737612957745332
119551,2018-09-05,145.064,Aditya Birla Sun Life Banking & PSU Debt Fund - DIRECT - IDCW,Aditya Birla Sun Life Mutual Fund,Open Ended Schemes,Debt Scheme - Banking and PSU Fund,INF209KA12Z1,INF209KA13Z9,nav_119551_20260625.csv,145.091,-0.0270000000000152,-0.0186090108966202
119551,2018-09-06,145.0798,Aditya Birla Sun Life Banking & PSU Debt Fund - DIRECT - IDCW,Aditya Birla Sun Life Mutual Fund,Open Ended Schemes,Debt Scheme - Banking and PSU Fund,INF209KA12Z1,INF209KA13Z9,nav_119551_20260625.csv,145.064,0.0158000000000129,0.0108917443335444
119551,2018-09-07,145.1503,Aditya Birla Sun Life Banking & PSU Debt Fund - DIRECT - IDCW,Aditya Birla Sun Life Mutual Fund,Open Ended Schemes,Debt Scheme - Banking and PSU Fund,INF209KA12Z1,INF209KA13Z9,nav_119551_20260625.csv,145.0798,0.0704999999999813,0.0485939462282008
119551,2018-09-10,145.0029,Aditya Birla Sun Life Banking & PSU Debt Fund - DIRECT - IDCW,Aditya Birla Sun Life Mutual Fund,Open Ended Schemes,Debt Scheme - Banking and PSU Fund,INF209KA12Z1,INF209KA13Z9,nav_119551_20260625.csv,145.1503,-0.1473999999999762,-0.1015499106787765
119551,2018-09-11,144.9724,Aditya Birla Sun Life Banking & PSU Debt Fund - DIRECT - IDCW,Aditya Birla Sun Life Mutual Fund,Open Ended Schemes,Debt Scheme - Banking and PSU Fund,INF209KA12Z1,INF209KA13Z9,nav_119551_20260625.csv,145.0029,-0.0305000000000177,-0.0210340620773913
119551,2018-09-12,144.9921,Aditya Birla Sun Life Banking & PSU Debt Fund - DIRECT - IDCW,Aditya Birla Sun Life Mutual Fund,Open Ended Schemes,Debt Scheme - Banking and PSU Fund,INF209KA12Z1,INF209KA13Z9,nav_119551_20260625.csv,144.9724,0.0197000000000002,0.0135887934530988
119551,2018-09-14,145.0718,Aditya Birla Sun Life Banking & PSU Debt Fund - DIRECT - IDCW,Aditya Birla Sun Life Mutual Fund,Open Ended Schemes,Debt Scheme - Banking and PSU Fund,INF209KA12Z1,INF209KA13Z9,nav_119551_20260625.csv,144.9921,0.0797000000000025,0.0549685120775563
119551,2018-09-17,145.1591,Aditya Birla Sun Life Banking & PSU Debt Fund - DIRECT - IDCW,Aditya Birla Sun Life Mutual Fund,Open Ended Schemes,Debt Scheme - Banking and PSU Fund,INF209KA12Z1,INF209KA13Z9,nav_119551_20260625.csv,145.0718,0.087299999999999,0.0601770985125979
119551,2018-09-18,145.1769,Aditya Birla Sun Life Banking & PSU Debt Fund - DIRECT - IDCW,Aditya Birla Sun Life Mutual Fund,Open Ended Schemes,Debt Scheme - Banking and PSU Fund,INF209KA12Z1,INF209KA13Z9,nav_119551_20260625.csv,145.1591,0.017799999999994,0.0122624072483185
119551,2018-09-19,145.2511,Aditya Birla Sun Life Banking & PSU Debt Fund - DIRECT - IDCW,Aditya Birla Sun Life Mutual Fund,Open Ended Schemes,Debt Scheme - Banking and PSU Fund,INF209KA12Z1,INF209KA13Z9,nav_119551_20260625.csv,145.1769,0.0742000000000189,0.0511100595205014
119551,2018-09-21,145.2703,Aditya Birla Sun Life Banking & PSU Debt Fund - DIRECT - IDCW,Aditya Birla Sun Life Mutual Fund,Open Ended Schemes,Debt Scheme - Banking and PSU Fund,INF209KA12Z1,INF209KA13Z9,nav_119551_20260625.csv,145.2511,0.0191999999999836,0.0132184885346711
119551,2018-09-24,145.129,Aditya Birla Sun Life Banking & PSU Debt Fund - DIRECT - IDCW,Aditya Birla Sun Life Mutual Fund,Open Ended Schemes,Debt Scheme - Banking and PSU Fund,INF209KA12Z1,INF209KA13Z9,nav_119551_20260625.csv,145.2703,-0.1413000000000011,-0.0972669568383909
119551,2018-09-25,145.0404,Aditya Birla Sun Life Banking & PSU Debt Fund - DIRECT - IDCW,Aditya Birla Sun Life Mutual Fund,Open Ended Schemes,Debt Scheme - Banking and PSU Fund,INF209KA12Z1,INF209KA13Z9,nav_119551_20260625.csv,145.129,-0.0885999999999853,-0.061049135596597
119551,2018-09-26,145.1397,Aditya Birla Sun Life Banking & PSU Debt Fund - DIRECT - IDCW,Aditya Birla Sun Life Mutual Fund,Open Ended Schemes,Debt Scheme - Banking and PSU Fund,INF209KA12Z1,INF209KA13Z9,nav_119551_20260625.csv,145.0404,0.0992999999999995,0.0684636832220536
119551,2018-09-27,145.5014,Aditya Birla Sun Life Banking & PSU Debt Fund - DIRECT - IDCW,Aditya Birla Sun Life Mutual Fund,Open Ended Schemes,Debt Scheme - Banking and PSU Fund,INF209KA12Z1,INF209KA13Z9,nav_119551_20260625.csv,145.1397,0.3616999999999848,0.2492081766739113
119551,2018-09-28,145.6347,Aditya Birla Sun Life Banking & PSU Debt Fund - DIRECT - IDCW,Aditya Birla Sun Life Mutual Fund,Open Ended Schemes,Debt Scheme - Banking and PSU Fund,INF209KA12Z1,INF209KA13Z9,nav_119551_20260625.csv,145.5014,0.1333000000000197,0.0916142387633519
119551,2018-10-01,145.82,Aditya Birla Sun Life Banking & PSU Debt Fund - DIRECT - IDCW,Aditya Birla Sun Life Mutual Fund,Open Ended Schemes,Debt Scheme - Banking and PSU Fund,INF209KA12Z1,INF209KA13Z9,nav_119551_20260625.csv,145.6347,0.1852999999999838,0.1272361600634902
119551,2018-10-03,145.7273,Aditya Birla Sun Life Banking & PSU Debt Fund - DIRECT - IDCW,Aditya Birla Sun Life Mutual Fund,Open Ended Schemes,Debt Scheme - Banking and PSU Fund,INF209KA12Z1,INF209KA13Z9,nav_119551_20260625.csv,145.82,-0.0926999999999793,-0.0635715265395551
119551,2018-10-04,145.5923,Aditya Birla Sun Life Banking & PSU Debt Fund - DIRECT - IDCW,Aditya Birla Sun Life Mutual Fund,Open Ended Schemes,Debt Scheme - Banking and PSU Fund,INF209KA12Z1,INF209KA13Z9,nav_119551_20260625.csv,145.7273,-0.1350000000000193,-0.0926387849085376
119551,2018-10-05,145.947,Aditya Birla Sun Life Banking & PSU Debt Fund - DIRECT - IDCW,Aditya Birla Sun Life Mutual Fund,Open Ended Schemes,Debt Scheme - Banking and PSU Fund,INF209KA12Z1,INF209KA13Z9,nav_119551_20260625.csv,145.5923,0.3547000000000082,0.2436255214046404
119551,2018-10-08,146.0791,Aditya Birla Sun Life Banking & PSU Debt Fund - DIRECT - IDCW,Aditya Birla Sun Life Mutual Fund,Open Ended Schemes,Debt Scheme - Banking and PSU Fund,INF209KA12Z1,INF209KA13Z9,nav_119551_20260625.csv,145.947,0.1321000000000083,0.0905123092629573
119551,2018-10-09,145.9393,Aditya Birla Sun Life Banking & PSU Debt Fund - DIRECT - IDCW,Aditya Birla Sun Life Mutual Fund,Open Ended Schemes,Debt Scheme - Banking and PSU Fund,INF209KA12Z1,INF209KA13Z9,nav_119551_20260625.csv,146.0791,-0.1398000000000081,-0.0957015753793719
119551,2018-10-10,145.9908,Aditya Birla Sun Life Banking & PSU Debt Fund - DIRECT - IDCW,Aditya Birla Sun Life Mutual Fund,Open Ended Schemes,Debt Scheme - Banking and PSU Fund,INF209KA12Z1,INF209KA13Z9,nav_119551_20260625.csv,145.9393,0.0515000000000043,0.0352886439773277
119551,2018-10-11,146.0455,Aditya Birla Sun Life Banking & PSU Debt Fund - DIRECT - IDCW,Aditya Birla Sun Life Mutual Fund,Open Ended Schemes,Debt Scheme - Banking and PSU Fund,INF209KA12Z1,INF209KA13Z9,nav_119551_20260625.csv,145.9908,0.0546999999999968,0.0374681144291262
119551,2018-10-12,146.0817,Aditya Birla Sun Life Banking & PSU Debt Fund - DIRECT - IDCW,Aditya Birla Sun Life Mutual Fund,Open Ended Schemes,Debt Scheme - Banking and PSU Fund,INF209KA12Z1,INF209KA13Z9,nav_119551_20260625.csv,146.0455,0.036200000000008,0.024786795895805
119551,2018-10-15,146.2801,Aditya Birla Sun Life Banking & PSU Debt Fund - DIRECT - IDCW,Aditya Birla Sun Life Mutual Fund,Open Ended Schemes,Debt Scheme - Banking and PSU Fund,INF209KA12Z1,INF209KA13Z9,nav_119551_20260625.csv,146.0817,0.1983999999999923,0.1358144107030465
119551,2018-10-16,146.3846,Aditya Birla Sun Life Banking & PSU Debt Fund - DIRECT - IDCW,Aditya Birla Sun Life Mutual Fund,Open Ended Schemes,Debt Scheme - Banking and PSU Fund,INF209KA12Z1,INF209KA13Z9,nav_119551_20260625.csv,146.2801,0.1045000000000015,0.0714382885983818
119551,2018-10-17,146.3738,Aditya Birla Sun Life Banking & PSU Debt Fund - DIRECT - IDCW,Aditya Birla Sun Life Mutual Fund,Open Ended Schemes,Debt Scheme - Banking and PSU Fund,INF209KA12Z1,INF209KA13Z9,nav_119551_20260625.csv,146.3846,-0.0108000000000174,-0.0073778252630518
119551,2018-10-19,146.4328,Aditya Birla Sun Life Banking & PSU Debt Fund - DIRECT - IDCW,Aditya Birla Sun Life Mutual Fund,Open Ended Schemes,Debt Scheme - Banking and PSU Fund,INF209KA12Z1,INF209KA13Z9,nav_119551_20260625.csv,146.3738,0.0589999999999975,0.0403077599952979
119551,2018-10-22,146.5009,Aditya Birla Sun Life Banking & PSU Debt Fund - DIRECT - IDCW,Aditya Birla Sun Life Mutual Fund,Open Ended Schemes,Debt Scheme - Banking and PSU Fund,INF209KA12Z1,INF209KA13Z9,nav_119551_20260625.csv,146.4328,0.0681000000000153,0.0465059740713934
119551,2018-10-23,146.5481,Aditya Birla Sun Life Banking & PSU Debt Fund - DIRECT - IDCW,Aditya Birla Sun Life Mutual Fund,Open Ended Schemes,Debt Scheme - Banking and PSU Fund,INF209KA12Z1,INF209KA13Z9,nav_119551_20260625.csv,146.5009,0.0472000000000036,0.0322182321064264
119551,2018-10-24,146.6004,Aditya Birla Sun Life Banking & PSU Debt Fund - DIRECT - IDCW,Aditya Birla Sun Life Mutual Fund,Open Ended Schemes,Debt Scheme - Banking and PSU Fund,INF209KA12Z1,INF209KA13Z9,nav_119551_20260625.csv,146.5481,0.0523000000000024,0.0356879413653281
119551,2018-10-25,146.6004,Aditya Birla Sun Life Banking & PSU Debt Fund - DIRECT - IDCW,Aditya Birla Sun Life Mutual Fund,Open Ended Schemes,Debt Scheme - Banking and PSU Fund,INF209KA12Z1,INF209KA13Z9,nav_119551_20260625.csv,146.6004,0.0,0.0
119551,2018-10-26,146.59,Aditya Birla Sun Life Banking & PSU Debt Fund - DIRECT - IDCW,Aditya Birla Sun Life Mutual Fund,Open Ended Schemes,Debt Scheme - Banking and PSU Fund,INF209KA12Z1,INF209KA13Z9,nav_119551_20260625.csv,146.6004,-0.0104000000000041,-0.0070941143407549
119551,2018-10-29,146.7445,Aditya Birla Sun Life Banking & PSU Debt Fund - DIRECT - IDCW,Aditya Birla Sun Life Mutual Fund,Open Ended Schemes,Debt Scheme - Banking and PSU Fund,INF209KA12Z1,INF209KA13Z9,nav_119551_20260625.csv,146.59,0.1544999999999845,0.1053960024558186
119551,2018-10-30,146.7452,Aditya Birla Sun Life Banking & PSU Debt Fund - DIRECT - IDCW,Aditya Birla Sun Life Mutual Fund,Open Ended Schemes,Debt Scheme - Banking and PSU Fund,INF209KA12Z1,INF209KA13Z9,nav_119551_20260625.csv,146.7445,0.0007000000000232,0.0004770195816696
119551,2018-10-31,146.7339,Aditya Birla Sun Life Banking & PSU Debt Fund - DIRECT - IDCW,Aditya Birla Sun Life Mutual Fund,Open Ended Schemes,Debt Scheme - Banking and PSU Fund,INF209KA12Z1,INF209KA13Z9,nav_119551_20260625.csv,146.7452,-0.0113000000000056,-0.0077004222284651
119551,2018-11-01,146.8128,Aditya Birla Sun Life Banking & PSU Debt Fund - DIRECT - IDCW,Aditya Birla Sun Life Mutual Fund,Open Ended Schemes,Debt Scheme - Banking and PSU Fund,INF209KA12Z1,INF209KA13Z9,nav_119551_20260625.csv,146.7339,0.0789000000000044,0.0537708055193819
119551,2018-11-02,146.9597,Aditya Birla Sun Life Banking & PSU Debt Fund - DIRECT - IDCW,Aditya Birla Sun Life Mutual Fund,Open Ended Schemes,Debt Scheme - Banking and PSU Fund,INF209KA12Z1,INF209KA13Z9,nav_119551_20260625.csv,146.8128,0.146899999999988,0.1000593953660634
119551,2018-11-05,147.0216,Aditya Birla Sun Life Banking & PSU Debt Fund - DIRECT - IDCW,Aditya Birla Sun Life Mutual Fund,Open Ended Schemes,Debt Scheme - Banking and PSU Fund,INF209KA12Z1,INF209KA13Z9,nav_119551_20260625.csv,146.9597,0.0619000000000085,0.0421203908282396
119551,2018-11-06,147.0712,Aditya Birla Sun Life Banking & PSU Debt Fund - DIRECT - IDCW,Aditya Birla Sun Life Mutual Fund,Open Ended Schemes,Debt Scheme - Banking and PSU Fund,INF209KA12Z1,INF209KA13Z9,nav_119551_20260625.csv,147.0216,0.049599999999998,0.0337365393928498
119551,2018-11-09,147.2208,Aditya Birla Sun Life Banking & PSU Debt Fund - DIRECT - IDCW,Aditya Birla Sun Life Mutual Fund,Open Ended Schemes,Debt Scheme - Banking and PSU Fund,INF209KA12Z1,INF209KA13Z9,nav_119551_20260625.csv,147.0712,0.1495999999999924,0.101719439291984
119551,2018-11-12,147.2561,Aditya Birla Sun Life Banking & PSU Debt Fund - DIRECT - IDCW,Aditya Birla Sun Life Mutual Fund,Open Ended Schemes,Debt Scheme - Banking and PSU Fund,INF209KA12Z1,INF209KA13Z9,nav_119551_20260625.csv,147.2208,0.0353000000000065,0.0239775901231392
119551,2018-11-13,147.3771,Aditya Birla Sun Life Banking & PSU Debt Fund - DIRECT - IDCW,Aditya Birla Sun Life Mutual Fund,Open Ended Schemes,Debt Scheme - Banking and PSU Fund,INF209KA12Z1,INF209KA13Z9,nav_119551_20260625.csv,147.2561,0.1210000000000093,0.0821697708957451
119551,2018-11-14,147.492,Aditya Birla Sun Life Banking & PSU Debt Fund - DIRECT - IDCW,Aditya Birla Sun Life Mutual Fund,Open Ended Schemes,Debt Scheme - Banking and PSU Fund,INF209KA12Z1,INF209KA13Z9,nav_119551_20260625.csv,147.3771,0.1148999999999773,0.0779632656633746
119551,2018-11-15,147.5302,Aditya Birla Sun Life Banking & PSU Debt Fund - DIRECT - IDCW,Aditya Birla Sun Life Mutual Fund,Open Ended Schemes,Debt Scheme - Banking and PSU Fund,INF209KA12Z1,INF209KA13Z9,nav_119551_20260625.csv,147.492,0.0382000000000175,0.0258997098147815
119551,2018-11-16,147.4611,Aditya Birla Sun Life Banking & PSU Debt Fund - DIRECT - IDCW,Aditya Birla Sun Life Mutual Fund,Open Ended Schemes,Debt Scheme - Banking and PSU Fund,INF209KA12Z1,INF209KA13Z9,nav_119551_20260625.csv,147.5302,-0.0691000000000201,-0.0468378677721714
119551,2018-11-19,147.5923,Aditya Birla Sun Life Banking & PSU Debt Fund - DIRECT - IDCW,Aditya Birla Sun Life Mutual Fund,Open Ended Schemes,Debt Scheme - Banking and PSU Fund,INF209KA12Z1,INF209KA13Z9,nav_119551_20260625.csv,147.4611,0.1312000000000068,0.088972617185147
119551,2018-11-20,147.635,Aditya Birla Sun Life Banking & PSU Debt Fund - DIRECT - IDCW,Aditya Birla Sun Life Mutual Fund,Open Ended Schemes,Debt Scheme - Banking and PSU Fund,INF209KA12Z1,INF209KA13Z9,nav_119551_20260625.csv,147.5923,0.0426999999999964,0.0289310485709596
119551,2018-11-22,147.8603,Aditya Birla Sun Life Banking & PSU Debt Fund - DIRECT - IDCW,Aditya Birla Sun Life Mutual Fund,Open Ended Schemes,Debt Scheme - Banking and PSU Fund,INF209KA12Z1,INF209KA13Z9,nav_119551_20260625.csv,147.635,0.2253000000000042,0.1526060893419611
119551,2018-11-26,147.9388,Aditya Birla Sun Life Banking & PSU Debt Fund - DIRECT - IDCW,Aditya Birla Sun Life Mutual Fund,Open Ended Schemes,Debt Scheme - Banking and PSU Fund,INF209KA12Z1,INF209KA13Z9,nav_119551_20260625.csv,147.8603,0.0784999999999911,0.0530906538130865
119551,2018-11-27,147.9633,Aditya Birla Sun Life Banking & PSU Debt Fund - DIRECT - IDCW,Aditya Birla Sun Life Mutual Fund,Open Ended Schemes,Debt Scheme - Banking and PSU Fund,INF209KA12Z1,INF209KA13Z9,nav_119551_20260625.csv,147.9388,0.0245000000000175,0.016560902210926
119551,2018-11-28,148.1433,Aditya Birla Sun Life Banking & PSU Debt Fund - DIRECT - IDCW,Aditya Birla Sun Life Mutual Fund,Open Ended Schemes,Debt Scheme - Banking and PSU Fund,INF209KA12Z1,INF209KA13Z9,nav_119551_20260625.csv,147.9633,0.1800000000000068,0.1216517879771584
119551,2018-11-29,148.2735,Aditya Birla Sun Life Banking & PSU Debt Fund - DIRECT - IDCW,Aditya Birla Sun Life Mutual Fund,Open Ended Schemes,Debt Scheme - Banking and PSU Fund,INF209KA12Z1,INF209KA13Z9,nav_119551_20260625.csv,148.1433,0.1302000000000021,0.0878878761307477
119551,2018-11-30,148.3579,Aditya Birla Sun Life Banking & PSU Debt Fund - DIRECT - IDCW,Aditya Birla Sun Life Mutual Fund,Open Ended Schemes,Debt Scheme - Banking and PSU Fund,INF209KA12Z1,INF209KA13Z9,nav_119551_20260625.csv,148.2735,0.084399999999988,0.0569218370106512
119551,2018-12-03,148.4128,Aditya Birla Sun Life Banking & PSU Debt Fund - DIRECT - IDCW,Aditya Birla Sun Life Mutual Fund,Open Ended Schemes,Debt Scheme - Banking and PSU Fund,INF209KA12Z1,INF209KA13Z9,nav_119551_20260625.csv,148.3579,0.0549000000000035,0.0370051072440385
119551,2018-12-04,148.5429,Aditya Birla Sun Life Banking & PSU Debt Fund - DIRECT - IDCW,Aditya Birla Sun Life Mutual Fund,Open Ended Schemes,Debt Scheme - Banking and PSU Fund,INF209KA12Z1,INF209KA13Z9,nav_119551_20260625.csv,148.4128,0.1300999999999987,0.0876609025636594
119551,2018-12-05,148.846,Aditya Birla Sun Life Banking & PSU Debt Fund - DIRECT - IDCW,Aditya Birla Sun Life Mutual Fund,Open Ended Schemes,Debt Scheme - Banking and PSU Fund,INF209KA12Z1,INF209KA13Z9,nav_119551_20260625.csv,148.5429,0.3031000000000006,0.2040487966775932
119551,2018-12-06,149.0535,Aditya Birla Sun Life Banking & PSU Debt Fund - DIRECT - IDCW,Aditya Birla Sun Life Mutual Fund,Open Ended Schemes,Debt Scheme - Banking and PSU Fund,INF209KA12Z1,INF209KA13Z9,nav_119551_20260625.csv,148.846,0.2075000000000102,0.1394058288432408
119551,2018-12-07,149.0015,Aditya Birla Sun Life Banking & PSU Debt Fund - DIRECT - IDCW,Aditya Birla Sun Life Mutual Fund,Open Ended Schemes,Debt Scheme - Banking and PSU Fund,INF209KA12Z1,INF209KA13Z9,nav_119551_20260625.csv,149.0535,-0.0520000000000209,-0.03488680238976
119551,2018-12-10,148.7642,Aditya Birla Sun Life Banking & PSU Debt Fund - DIRECT - IDCW,Aditya Birla Sun Life Mutual Fund,Open Ended Schemes,Debt Scheme - Banking and PSU Fund,INF209KA12Z1,INF209KA13Z9,nav_119551_20260625.csv,149.0015,-0.2373000000000047,-0.1592601416764292
119551,2018-12-11,148.8009,Aditya Birla Sun Life Banking & PSU Debt Fund - DIRECT - IDCW,Aditya Birla Sun Life Mutual Fund,Open Ended Schemes,Debt Scheme - Banking and PSU Fund,INF209KA12Z1,INF209KA13Z9,nav_119551_20260625.csv,148.7642,0.0367000000000246,0.0246699138637014
119551,2018-12-12,149.0278,Aditya Birla Sun Life Banking & PSU Debt Fund - DIRECT - IDCW,Aditya Birla Sun Life Mutual Fund,Open Ended Schemes,Debt Scheme - Banking and PSU Fund,INF209KA12Z1,INF209KA13Z9,nav_119551_20260625.csv,148.8009,0.2269000000000005,0.1524856368476269
119551,2018-12-13,149.0154,Aditya Birla Sun Life Banking & PSU Debt Fund - DIRECT - IDCW,Aditya Birla Sun Life Mutual Fund,Open Ended Schemes,Debt Scheme - Banking and PSU Fund,INF209KA12Z1,INF209KA13Z9,nav_119551_20260625.csv,149.0278,-0.0124000000000137,-0.0083205952178142
119551,2018-12-14,148.9564,Aditya Birla Sun Life Banking & PSU Debt Fund - DIRECT - IDCW,Aditya Birla Sun Life Mutual Fund,Open Ended Schemes,Debt Scheme - Banking and PSU Fund,INF209KA12Z1,INF209KA13Z9,nav_119551_20260625.csv,149.0154,-0.0589999999999975,-0.0395932232507495
119551,2018-12-17,149.0283,Aditya Birla Sun Life Banking & PSU Debt Fund - DIRECT - IDCW,Aditya Birla Sun Life Mutual Fund,Open Ended Schemes,Debt Scheme - Banking and PSU Fund,INF209KA12Z1,INF209KA13Z9,nav_119551_20260625.csv,148.9564,0.0718999999999994,0.0482691579549448
119551,2018-12-18,149.195,Aditya Birla Sun Life Banking & PSU Debt Fund - DIRECT - IDCW,Aditya Birla Sun Life Mutual Fund,Open Ended Schemes,Debt Scheme - Banking and PSU Fund,INF209KA12Z1,INF209KA13Z9,nav_119551_20260625.csv,149.0283,0.1666999999999916,0.1118579491277775
119551,2018-12-19,149.5278,Aditya Birla Sun Life Banking & PSU Debt Fund - DIRECT - IDCW,Aditya Birla Sun Life Mutual Fund,Open Ended Schemes,Debt Scheme - Banking and PSU Fund,INF209KA12Z1,INF209KA13Z9,nav_119551_20260625.csv,149.195,0.3328000000000202,0.2230637755957104
119551,2018-12-20,149.5464,Aditya Birla Sun Life Banking & PSU Debt Fund - DIRECT - IDCW,Aditya Birla Sun Life Mutual Fund,Open Ended Schemes,Debt Scheme - Banking and PSU Fund,INF209KA12Z1,INF209KA13Z9,nav_119551_20260625.csv,149.5278,0.0185999999999921,0.012439158470861
119551,2018-12-21,149.563,Aditya Birla Sun Life Banking & PSU Debt Fund - DIRECT - IDCW,Aditya Birla Sun Life Mutual Fund,Open Ended Schemes,Debt Scheme - Banking and PSU Fund,INF209KA12Z1,INF209KA13Z9,nav_119551_20260625.csv,149.5464,0.0165999999999826,0.0111002337735864
119551,2018-12-24,149.6544,Aditya Birla Sun Life Banking & PSU Debt Fund - DIRECT - IDCW,Aditya Birla Sun Life Mutual Fund,Open Ended Schemes,Debt Scheme - Banking and PSU Fund,INF209KA12Z1,INF209KA13Z9,nav_119551_20260625.csv,149.563,0.0914000000000214,0.0611113711279002
119551,2018-12-26,149.8596,Aditya Birla Sun Life Banking & PSU Debt Fund - DIRECT - IDCW,Aditya Birla Sun Life Mutual Fund,Open Ended Schemes,Debt Scheme - Banking and PSU Fund,INF209KA12Z1,INF209KA13Z9,nav_119551_20260625.csv,149.6544,0.2051999999999907,0.1371159150683112
119551,2018-12-27,149.9247,Aditya Birla Sun Life Banking & PSU Debt Fund - DIRECT - IDCW,Aditya Birla Sun Life Mutual Fund,Open Ended Schemes,Debt Scheme - Banking and PSU Fund,INF209KA12Z1,INF209KA13Z9,nav_119551_20260625.csv,149.8596,0.065100000000001,0.0434406604581895
119551,2018-12-28,149.7844,Aditya Birla Sun Life Banking & PSU Debt Fund - DIRECT - IDCW,Aditya Birla Sun Life Mutual Fund,Open Ended Schemes,Debt Scheme - Banking and PSU Fund,INF209KA12Z1,INF209KA13Z9,nav_119551_20260625.csv,149.9247,-0.1402999999999963,-0.0935803106492768
119551,2018-12-31,149.9206,Aditya Birla Sun Life Banking & PSU Debt Fund - DIRECT - IDCW,Aditya Birla Sun Life Mutual Fund,Open Ended Schemes,Debt Scheme - Banking and PSU Fund,INF209KA12Z1,INF209KA13Z9,nav_119551_20260625.csv,149.7844,0.1362000000000023,0.0909306977228618
119551,2019-01-01,149.8452,Aditya Birla Sun Life Banking & PSU Debt Fund - DIRECT - IDCW,Aditya Birla Sun Life Mutual Fund,Open Ended Schemes,Debt Scheme - Banking and PSU Fund,INF209KA12Z1,INF209KA13Z9,nav_119551_20260625.csv,149.9206,-0.0754000000000019,-0.0502932885807566
119551,2019-01-02,149.9431,Aditya Birla Sun Life Banking & PSU Debt Fund - DIRECT - IDCW,Aditya Birla Sun Life Mutual Fund,Open Ended Schemes,Debt Scheme - Banking and PSU Fund,INF209KA12Z1,INF209KA13Z9,nav_119551_20260625.csv,149.8452,0.0978999999999814,0.0653340914490297
119551,2019-01-03,149.8859,Aditya Birla Sun Life Banking & PSU Debt Fund - DIRECT - IDCW,Aditya Birla Sun Life Mutual Fund,Open Ended Schemes,Debt Scheme - Banking and PSU Fund,INF209KA12Z1,INF209KA13Z9,nav_119551_20260625.csv,149.9431,-0.0571999999999945,-0.0381478040670058
119551,2019-01-04,149.8954,Aditya Birla Sun Life Banking & PSU Debt Fund - DIRECT - IDCW,Aditya Birla Sun Life Mutual Fund,Open Ended Schemes,Debt Scheme - Banking and PSU Fund,INF209KA12Z1,INF209KA13Z9,nav_119551_20260625.csv,149.8859,0.0095000000000027,0.0063381545562342
119551,2019-01-07,149.9279,Aditya Birla Sun Life Banking & PSU Debt Fund - DIRECT - IDCW,Aditya Birla Sun Life Mutual Fund,Open Ended Schemes,Debt Scheme - Banking and PSU Fund,INF209KA12Z1,INF209KA13Z9,nav_119551_20260625.csv,149.8954,0.0324999999999988,0.0216817860988388
119551,2019-01-08,150.0955,Aditya Birla Sun Life Banking & PSU Debt Fund - DIRECT - IDCW,Aditya Birla Sun Life Mutual Fund,Open Ended Schemes,Debt Scheme - Banking and PSU Fund,INF209KA12Z1,INF209KA13Z9,nav_119551_20260625.csv,149.9279,0.1675999999999931,0.1117870656495509
119551,2019-01-09,150.1373,Aditya Birla Sun Life Banking & PSU Debt Fund - DIRECT - IDCW,Aditya Birla Sun Life Mutual Fund,Open Ended Schemes,Debt Scheme - Banking and PSU Fund,INF209KA12Z1,INF209KA13Z9,nav_119551_20260625.csv,150.0955,0.0418000000000233,0.027848936177316
119551,2019-01-10,150.1803,Aditya Birla Sun Life Banking & PSU Debt Fund - DIRECT - IDCW,Aditya Birla Sun Life Mutual Fund,Open Ended Schemes,Debt Scheme - Banking and PSU Fund,INF209KA12Z1,INF209KA13Z9,nav_119551_20260625.csv,150.1373,0.0429999999999779,0.0286404511070719
119551,2019-01-11,150.2791,Aditya Birla Sun Life Banking & PSU Debt Fund - DIRECT - IDCW,Aditya Birla Sun Life Mutual Fund,Open Ended Schemes,Debt Scheme - Banking and PSU Fund,INF209KA12Z1,INF209KA13Z9,nav_119551_20260625.csv,150.1803,0.0988000000000113,0.065787589983514
119551,2019-01-14,150.456,Aditya Birla Sun Life Banking & PSU Debt Fund - DIRECT - IDCW,Aditya Birla Sun Life Mutual Fund,Open Ended Schemes,Debt Scheme - Banking and PSU Fund,INF209KA12Z1,INF209KA13Z9,nav_119551_20260625.csv,150.2791,0.1768999999999891,0.1177143062475016
119551,2019-01-15,150.4854,Aditya Birla Sun Life Banking & PSU Debt Fund - DIRECT - IDCW,Aditya Birla Sun Life Mutual Fund,Open Ended Schemes,Debt Scheme - Banking and PSU Fund,INF209KA12Z1,INF209KA13Z9,nav_119551_20260625.csv,150.456,0.0294000000000096,0.0195405965863838
119551,2019-01-16,150.4555,Aditya Birla Sun Life Banking & PSU Debt Fund - DIRECT - IDCW,Aditya Birla Sun Life Mutual Fund,Open Ended Schemes,Debt Scheme - Banking and PSU Fund,INF209KA12Z1,INF209KA13Z9,nav_119551_20260625.csv,150.4854,-0.0298999999999978,-0.0198690371291818
119551,2019-01-17,150.4768,Aditya Birla Sun Life Banking & PSU Debt Fund - DIRECT - IDCW,Aditya Birla Sun Life Mutual Fund,Open Ended Schemes,Debt Scheme - Banking and PSU Fund,INF209KA12Z1,INF209KA13Z9,nav_119551_20260625.csv,150.4555,0.0212999999999965,0.0141570098799954
119551,2019-01-18,150.4759,Aditya Birla Sun Life Banking & PSU Debt Fund - DIRECT - IDCW,Aditya Birla Sun Life Mutual Fund,Open Ended Schemes,Debt Scheme - Banking and PSU Fund,INF209KA12Z1,INF209KA13Z9,nav_119551_20260625.csv,150.4768,-0.0009000000000014,-0.0005980988431448
119551,2019-01-21,150.3954,Aditya Birla Sun Life Banking & PSU Debt Fund - DIRECT - IDCW,Aditya Birla Sun Life Mutual Fund,Open Ended Schemes,Debt Scheme - Banking and PSU Fund,INF209KA12Z1,INF209KA13Z9,nav_119551_20260625.csv,150.4759,-0.0805000000000006,-0.0534969387124454
119551,2019-01-22,150.5028,Aditya Birla Sun Life Banking & PSU Debt Fund - DIRECT - IDCW,Aditya Birla Sun Life Mutual Fund,Open Ended Schemes,Debt Scheme - Banking and PSU Fund,INF209KA12Z1,INF209KA13Z9,nav_119551_20260625.csv,150.3954,0.1074000000000126,0.0714117586043273
119551,2019-01-23,150.5101,Aditya Birla Sun Life Banking & PSU Debt Fund - DIRECT - IDCW,Aditya Birla Sun Life Mutual Fund,Open Ended Schemes,Debt Scheme - Banking and PSU Fund,INF209KA12Z1,INF209KA13Z9,nav_119551_20260625.csv,150.5028,0.0072999999999865,0.0048504080987108
119551,2019-01-24,150.5348,Aditya Birla Sun Life Banking & PSU Debt Fund - DIRECT - IDCW,Aditya Birla Sun Life Mutual Fund,Open Ended Schemes,Debt Scheme - Banking and PSU Fund,INF209KA12Z1,INF209KA13Z9,nav_119551_20260625.csv,150.5101,0.0246999999999957,0.0164108588061503
119551,2019-01-25,150.5547,Aditya Birla Sun Life Banking & PSU Debt Fund - DIRECT - IDCW,Aditya Birla Sun Life Mutual Fund,Open Ended Schemes,Debt Scheme - Banking and PSU Fund,INF209KA12Z1,INF209KA13Z9,nav_119551_20260625.csv,150.5348,0.0199000000000069,0.0132195346192421
119551,2019-01-28,150.6576,Aditya Birla Sun Life Banking & PSU Debt Fund - DIRECT - IDCW,Aditya Birla Sun Life Mutual Fund,Open Ended Schemes,Debt Scheme - Banking and PSU Fund,INF209KA12Z1,INF209KA13Z9,nav_119551_20260625.csv,150.5547,0.1029000000000053,0.0683472518626156
119551,2019-01-29,150.6845,Aditya Birla Sun Life Banking & PSU Debt Fund - DIRECT - IDCW,Aditya Birla Sun Life Mutual Fund,Open Ended Schemes,Debt Scheme - Banking and PSU Fund,INF209KA12Z1,INF209KA13Z9,nav_119551_20260625.csv,150.6576,0.0269000000000119,0.0178550567644857
119551,2019-01-30,150.6693,Aditya Birla Sun Life Banking & PSU Debt Fund - DIRECT - IDCW,Aditya Birla Sun Life Mutual Fund,Open Ended Schemes,Debt Scheme - Banking and PSU Fund,INF209KA12Z1,INF209KA13Z9,nav_119551_20260625.csv,150.6845,-0.0152000000000214,-0.0100873016136506
119551,2019-01-31,150.7049,Aditya Birla Sun Life Banking & PSU Debt Fund - DIRECT - IDCW,Aditya Birla Sun Life Mutual Fund,Open Ended Schemes,Debt Scheme - Banking and PSU Fund,INF209KA12Z1,INF209KA13Z9,nav_119551_20260625.csv,150.6693,0.0356000000000165,0.0236279056184747
119551,2019-02-01,150.5492,Aditya Birla Sun Life Banking & PSU Debt Fund - DIRECT - IDCW,Aditya Birla Sun Life Mutual Fund,Open Ended Schemes,Debt Scheme - Banking and PSU Fund,INF209KA12Z1,INF209KA13Z9,nav_119551_20260625.csv,150.7049,-0.1556999999999959,-0.1033144907697068
119551,2019-02-04,150.5633,Aditya Birla Sun Life Banking & PSU Debt Fund - DIRECT - IDCW,Aditya Birla Sun Life Mutual Fund,Open Ended Schemes,Debt Scheme - Banking and PSU Fund,INF209KA12Z1,INF209KA13Z9,nav_119551_20260625.csv,150.5492,0.0140999999999849,0.0093657090173743
119551,2019-02-05,150.5966,Aditya Birla Sun Life Banking & PSU Debt Fund - DIRECT - IDCW,Aditya Birla Sun Life Mutual Fund,Open Ended Schemes,Debt Scheme - Banking and PSU Fund,INF209KA12Z1,INF209KA13Z9,nav_119551_20260625.csv,150.5633,0.033299999999997,0.0221169435048228
119551,2019-02-06,150.6666,Aditya Birla Sun Life Banking & PSU Debt Fund - DIRECT - IDCW,Aditya Birla Sun Life Mutual Fund,Open Ended Schemes,Debt Scheme - Banking and PSU Fund,INF209KA12Z1,INF209KA13Z9,nav_119551_20260625.csv,150.5966,0.0699999999999931,0.0464817930816453
119551,2019-02-07,150.9077,Aditya Birla Sun Life Banking & PSU Debt Fund - DIRECT - IDCW,Aditya Birla Sun Life Mutual Fund,Open Ended Schemes,Debt Scheme - Banking and PSU Fund,INF209KA12Z1,INF209KA13Z9,nav_119551_20260625.csv,150.6666,0.2411000000000172,0.1600221947000975
119551,2019-02-08,151.009,Aditya Birla Sun Life Banking & PSU Debt Fund - DIRECT - IDCW,Aditya Birla Sun Life Mutual Fund,Open Ended Schemes,Debt Scheme - Banking and PSU Fund,INF209KA12Z1,INF209KA13Z9,nav_119551_20260625.csv,150.9077,0.1012999999999806,0.0671271247258957
119551,2019-02-11,151.0908,Aditya Birla Sun Life Banking & PSU Debt Fund - DIRECT - IDCW,Aditya Birla Sun Life Mutual Fund,Open Ended Schemes,Debt Scheme - Banking and PSU Fund,INF209KA12Z1,INF209KA13Z9,nav_119551_20260625.csv,151.009,0.0818000000000154,0.0541689568171535
119551,2019-02-12,151.05,Aditya Birla Sun Life Banking & PSU Debt Fund - DIRECT - IDCW,Aditya Birla Sun Life Mutual Fund,Open Ended Schemes,Debt Scheme - Banking and PSU Fund,INF209KA12Z1,INF209KA13Z9,nav_119551_20260625.csv,151.0908,-0.0407999999999901,-0.0270036296055022
119551,2019-02-13,151.3451,Aditya Birla Sun Life Banking & PSU Debt Fund - DIRECT - IDCW,Aditya Birla Sun Life Mutual Fund,Open Ended Schemes,Debt Scheme - Banking and PSU Fund,INF209KA12Z1,INF209KA13Z9,nav_119551_20260625.csv,151.05,0.2950999999999908,0.1953657729228671
119551,2019-02-14,151.2698,Aditya Birla Sun Life Banking & PSU Debt Fund - DIRECT - IDCW,Aditya Birla Sun Life Mutual Fund,Open Ended Schemes,Debt Scheme - Banking and PSU Fund,INF209KA12Z1,INF209KA13Z9,nav_119551_20260625.csv,151.3451,-0.0752999999999985,-0.049753840725599
119551,2019-02-15,151.1932,Aditya Birla Sun Life Banking & PSU Debt Fund - DIRECT - IDCW,Aditya Birla Sun Life Mutual Fund,Open Ended Schemes,Debt Scheme - Banking and PSU Fund,INF209KA12Z1,INF209KA13Z9,nav_119551_20260625.csv,151.2698,-0.0766000000000133,-0.0506379991247514
119551,2019-02-18,151.131,Aditya Birla Sun Life Banking & PSU Debt Fund - DIRECT - IDCW,Aditya Birla Sun Life Mutual Fund,Open Ended Schemes,Debt Scheme - Banking and PSU Fund,INF209KA12Z1,INF209KA13Z9,nav_119551_20260625.csv,151.1932,-0.06219999999999,-0.0411394163229497
119551,2019-02-20,151.2149,Aditya Birla Sun Life Banking & PSU Debt Fund - DIRECT - IDCW,Aditya Birla Sun Life Mutual Fund,Open Ended Schemes,Debt Scheme - Banking and PSU Fund,INF209KA12Z1,INF209KA13Z9,nav_119551_20260625.csv,151.131,0.0838999999999998,0.0555147521024805
119551,2019-02-21,151.2293,Aditya Birla Sun Life Banking & PSU Debt Fund - DIRECT - IDCW,Aditya Birla Sun Life Mutual Fund,Open Ended Schemes,Debt Scheme - Banking and PSU Fund,INF209KA12Z1,INF209KA13Z9,nav_119551_20260625.csv,151.2149,0.0143999999999948,0.0095228710927262
119551,2019-02-22,151.2599,Aditya Birla Sun Life Banking & PSU Debt Fund - DIRECT - IDCW,Aditya Birla Sun Life Mutual Fund,Open Ended Schemes,Debt Scheme - Banking and PSU Fund,INF209KA12Z1,INF209KA13Z9,nav_119551_20260625.csv,151.2293,0.0305999999999926,0.02023417419772
119551,2019-02-25,151.3599,Aditya Birla Sun Life Banking & PSU Debt Fund - DIRECT - IDCW,Aditya Birla Sun Life Mutual Fund,Open Ended Schemes,Debt Scheme - Banking and PSU Fund,INF209KA12Z1,INF209KA13Z9,nav_119551_20260625.csv,151.2599,0.1000000000000227,0.0661113751893414
119551,2019-02-26,151.362,Aditya Birla Sun Life Banking & PSU Debt Fund - DIRECT - IDCW,Aditya Birla Sun Life Mutual Fund,Open Ended Schemes,Debt Scheme - Banking and PSU Fund,INF209KA12Z1,INF209KA13Z9,nav_119551_20260625.csv,151.3599,0.0020999999999844,0.0013874216354427
119551,2019-02-27,151.2991,Aditya Birla Sun Life Banking & PSU Debt Fund - DIRECT - IDCW,Aditya Birla Sun Life Mutual Fund,Open Ended Schemes,Debt Scheme - Banking and PSU Fund,INF209KA12Z1,INF209KA13Z9,nav_119551_20260625.csv,151.362,-0.0628999999999848,-0.0415560048096516
119551,2019-02-28,151.357,Aditya Birla Sun Life Banking & PSU Debt Fund - DIRECT - IDCW,Aditya Birla Sun Life Mutual Fund,Open Ended Schemes,Debt Scheme - Banking and PSU Fund,INF209KA12Z1,INF209KA13Z9,nav_119551_20260625.csv,151.2991,0.0578999999999894,0.0382685686828205
119551,2019-03-01,151.443,Aditya Birla Sun Life Banking & PSU Debt Fund - DIRECT - IDCW,Aditya Birla Sun Life Mutual Fund,Open Ended Schemes,Debt Scheme - Banking and PSU Fund,INF209KA12Z1,INF209KA13Z9,nav_119551_20260625.csv,151.357,0.0860000000000127,0.0568193079936922
119551,2019-03-05,151.6357,Aditya Birla Sun Life Banking & PSU Debt Fund - DIRECT - IDCW,Aditya Birla Sun Life Mutual Fund,Open Ended Schemes,Debt Scheme - Banking and PSU Fund,INF209KA12Z1,INF209KA13Z9,nav_119551_20260625.csv,151.443,0.1927000000000021,0.1272425929227511
119551,2019-03-06,151.7285,Aditya Birla Sun Life Banking & PSU Debt Fund - DIRECT - IDCW,Aditya Birla Sun Life Mutual Fund,Open Ended Schemes,Debt Scheme - Banking and PSU Fund,INF209KA12Z1,INF209KA13Z9,nav_119551_20260625.csv,151.6357,0.0927999999999826,0.0611993086060753
119551,2019-03-07,151.8551,Aditya Birla Sun Life Banking & PSU Debt Fund - DIRECT - IDCW,Aditya Birla Sun Life Mutual Fund,Open Ended Schemes,Debt Scheme - Banking and PSU Fund,INF209KA12Z1,INF209KA13Z9,nav_119551_20260625.csv,151.7285,0.1265999999999962,0.0834385102337374
119551,2019-03-08,151.9735,Aditya Birla Sun Life Banking & PSU Debt Fund - DIRECT - IDCW,Aditya Birla Sun Life Mutual Fund,Open Ended Schemes,Debt Scheme - Banking and PSU Fund,INF209KA12Z1,INF209KA13Z9,nav_119551_20260625.csv,151.8551,0.1184000000000082,0.0779690639300282
119551,2019-03-11,152.1524,Aditya Birla Sun Life Banking & PSU Debt Fund - DIRECT - IDCW,Aditya Birla Sun Life Mutual Fund,Open Ended Schemes,Debt Scheme - Banking and PSU Fund,INF209KA12Z1,INF209KA13Z9,nav_119551_20260625.csv,151.9735,0.1788999999999987,0.1177178916061015
119551,2019-03-12,152.2662,Aditya Birla Sun Life Banking & PSU Debt Fund - DIRECT - IDCW,Aditya Birla Sun Life Mutual Fund,Open Ended Schemes,Debt Scheme - Banking and PSU Fund,INF209KA12Z1,INF209KA13Z9,nav_119551_20260625.csv,152.1524,0.1137999999999976,0.0747934307970151
119551,2019-03-13,152.2831,Aditya Birla Sun Life Banking & PSU Debt Fund - DIRECT - IDCW,Aditya Birla Sun Life Mutual Fund,Open Ended Schemes,Debt Scheme - Banking and PSU Fund,INF209KA12Z1,INF209KA13Z9,nav_119551_20260625.csv,152.2662,0.0168999999999925,0.0110989832280523
119551,2019-03-14,152.4552,Aditya Birla Sun Life Banking & PSU Debt Fund - DIRECT - IDCW,Aditya Birla Sun Life Mutual Fund,Open Ended Schemes,Debt Scheme - Banking and PSU Fund,INF209KA12Z1,INF209KA13Z9,nav_119551_20260625.csv,152.2831,0.1721000000000003,0.1130131971308703
119551,2019-03-15,152.5838,Aditya Birla Sun Life Banking & PSU Debt Fund - DIRECT - IDCW,Aditya Birla Sun Life Mutual Fund,Open Ended Schemes,Debt Scheme - Banking and PSU Fund,INF209KA12Z1,INF209KA13Z9,nav_119551_20260625.csv,152.4552,0.1286000000000058,0.0843526491716949
119551,2019-03-18,152.7412,Aditya Birla Sun Life Banking & PSU Debt Fund - DIRECT - IDCW,Aditya Birla Sun Life Mutual Fund,Open Ended Schemes,Debt Scheme - Banking and PSU Fund,INF209KA12Z1,INF209KA13Z9,nav_119551_20260625.csv,152.5838,0.1573999999999955,0.1031564294505678
119551,2019-03-19,152.7005,Aditya Birla Sun Life Banking & PSU Debt Fund - DIRECT - IDCW,Aditya Birla Sun Life Mutual Fund,Open Ended Schemes,Debt Scheme - Banking and PSU Fund,INF209KA12Z1,INF209KA13Z9,nav_119551_20260625.csv,152.7412,-0.0406999999999868,-0.0266463796277539
119551,2019-03-20,152.7699,Aditya Birla Sun Life Banking & PSU Debt Fund - DIRECT - IDCW,Aditya Birla Sun Life Mutual Fund,Open Ended Schemes,Debt Scheme - Banking and PSU Fund,INF209KA12Z1,INF209KA13Z9,nav_119551_20260625.csv,152.7005,0.0694000000000016,0.0454484431943586
119551,2019-03-22,152.9006,Aditya Birla Sun Life Banking & PSU Debt Fund - DIRECT - IDCW,Aditya Birla Sun Life Mutual Fund,Open Ended Schemes,Debt Scheme - Banking and PSU Fund,INF209KA12Z1,INF209KA13Z9,nav_119551_20260625.csv,152.7699,0.1306999999999902,0.0855535023587698
119551,2019-03-25,142.4171,Aditya Birla Sun Life Banking & PSU Debt Fund - DIRECT - IDCW,Aditya Birla Sun Life Mutual Fund,Open Ended Schemes,Debt Scheme - Banking and PSU Fund,INF209KA12Z1,INF209KA13Z9,nav_119551_20260625.csv,152.9006,-10.483499999999992,-6.856415213543958
119551,2019-03-26,142.4063,Aditya Birla Sun Life Banking & PSU Debt Fund - DIRECT - IDCW,Aditya Birla Sun Life Mutual Fund,Open Ended Schemes,Debt Scheme - Banking and PSU Fund,INF209KA12Z1,INF209KA13Z9,nav_119551_20260625.csv,142.4171,-0.0108000000000174,-0.007583359020804
119551,2019-03-27,142.4266,Aditya Birla Sun Life Banking & PSU Debt Fund - DIRECT - IDCW,Aditya Birla Sun Life Mutual Fund,Open Ended Schemes,Debt Scheme - Banking and PSU Fund,INF209KA12Z1,INF209KA13Z9,nav_119551_20260625.csv,142.4063,0.0203000000000201,0.0142549873144799
119551,2019-03-28,142.444,Aditya Birla Sun Life Banking & PSU Debt Fund - DIRECT - IDCW,Aditya Birla Sun Life Mutual Fund,Open Ended Schemes,Debt Scheme - Banking and PSU Fund,INF209KA12Z1,INF209KA13Z9,nav_119551_20260625.csv,142.4266,0.0173999999999807,0.0122168190492371
119551,2019-03-29,142.8143,Aditya Birla Sun Life Banking & PSU Debt Fund - DIRECT - IDCW,Aditya Birla Sun Life Mutual Fund,Open Ended Schemes,Debt Scheme - Banking and PSU Fund,INF209KA12Z1,INF209KA13Z9,nav_119551_20260625.csv,142.444,0.3703000000000145,0.2599618095532381
119551,2019-04-02,143.2454,Aditya Birla Sun Life Banking & PSU Debt Fund - DIRECT - IDCW,Aditya Birla Sun Life Mutual Fund,Open Ended Schemes,Debt Scheme - Banking and PSU Fund,INF209KA12Z1,INF209KA13Z9,nav_119551_20260625.csv,142.8143,0.4310999999999865,0.3018605279723295
119551,2019-04-03,143.216,Aditya Birla Sun Life Banking & PSU Debt Fund - DIRECT - IDCW,Aditya Birla Sun Life Mutual Fund,Open Ended Schemes,Debt Scheme - Banking and PSU Fund,INF209KA12Z1,INF209KA13Z9,nav_119551_20260625.csv,143.2454,-0.0293999999999812,-0.0205242192768362
119551,2019-04-04,143.0993,Aditya Birla Sun Life Banking & PSU Debt Fund - DIRECT - IDCW,Aditya Birla Sun Life Mutual Fund,Open Ended Schemes,Debt Scheme - Banking and PSU Fund,INF209KA12Z1,INF209KA13Z9,nav_119551_20260625.csv,143.216,-0.1167000000000086,-0.0814853089040391
119551,2019-04-05,142.9577,Aditya Birla Sun Life Banking & PSU Debt Fund - DIRECT - IDCW,Aditya Birla Sun Life Mutual Fund,Open Ended Schemes,Debt Scheme - Banking and PSU Fund,INF209KA12Z1,INF209KA13Z9,nav_119551_20260625.csv,143.0993,-0.141600000000011,-0.0989522660138876
119551,2019-04-08,142.8229,Aditya Birla Sun Life Banking & PSU Debt Fund - DIRECT - IDCW,Aditya Birla Sun Life Mutual Fund,Open Ended Schemes,Debt Scheme - Banking and PSU Fund,INF209KA12Z1,INF209KA13Z9,nav_119551_20260625.csv,142.9577,-0.1347999999999842,-0.0942936267161435
119551,2019-04-09,142.8298,Aditya Birla Sun Life Banking & PSU Debt Fund - DIRECT - IDCW,Aditya Birla Sun Life Mutual Fund,Open Ended Schemes,Debt Scheme - Banking and PSU Fund,INF209KA12Z1,INF209KA13Z9,nav_119551_20260625.csv,142.8229,0.0069000000000016,0.0048311580285806
119551,2019-04-10,142.9046,Aditya Birla Sun Life Banking & PSU Debt Fund - DIRECT - IDCW,Aditya Birla Sun Life Mutual Fund,Open Ended Schemes,Debt Scheme - Banking and PSU Fund,INF209KA12Z1,INF209KA13Z9,nav_119551_20260625.csv,142.8298,0.0747999999999819,0.0523700236225087
119551,2019-04-11,142.8471,Aditya Birla Sun Life Banking & PSU Debt Fund - DIRECT - IDCW,Aditya Birla Sun Life Mutual Fund,Open Ended Schemes,Debt Scheme - Banking and PSU Fund,INF209KA12Z1,INF209KA13Z9,nav_119551_20260625.csv,142.9046,-0.0574999999999761,-0.040236633390371
119551,2019-04-12,142.8054,Aditya Birla Sun Life Banking & PSU Debt Fund - DIRECT - IDCW,Aditya Birla Sun Life Mutual Fund,Open Ended Schemes,Debt Scheme - Banking and PSU Fund,INF209KA12Z1,INF209KA13Z9,nav_119551_20260625.csv,142.8471,-0.04170000000002,-0.0291920522012837
119551,2019-04-15,142.7628,Aditya Birla Sun Life Banking & PSU Debt Fund - DIRECT - IDCW,Aditya Birla Sun Life Mutual Fund,Open Ended Schemes,Debt Scheme - Banking and PSU Fund,INF209KA12Z1,INF209KA13Z9,nav_119551_20260625.csv,142.8054,-0.042599999999993,-0.0298308047174638
119551,2019-04-16,142.7755,Aditya Birla Sun Life Banking & PSU Debt Fund - DIRECT - IDCW,Aditya Birla Sun Life Mutual Fund,Open Ended Schemes,Debt Scheme - Banking and PSU Fund,INF209KA12Z1,INF209KA13Z9,nav_119551_20260625.csv,142.7628,0.0126999999999952,0.0088958748357382
119551,2019-04-18,142.8003,Aditya Birla Sun Life Banking & PSU Debt Fund - DIRECT - IDCW,Aditya Birla Sun Life Mutual Fund,Open Ended Schemes,Debt Scheme - Banking and PSU Fund,INF209KA12Z1,INF209KA13Z9,nav_119551_20260625.csv,142.7755,0.024799999999999,0.0173699269132302
119551,2019-04-22,142.7099,Aditya Birla Sun Life Banking & PSU Debt Fund - DIRECT - IDCW,Aditya Birla Sun Life Mutual Fund,Open Ended Schemes,Debt Scheme - Banking and PSU Fund,INF209KA12Z1,INF209KA13Z9,nav_119551_20260625.csv,142.8003,-0.0903999999999882,-0.0633051891347485
119551,2019-04-23,142.717,Aditya Birla Sun Life Banking & PSU Debt Fund - DIRECT - IDCW,Aditya Birla Sun Life Mutual Fund,Open Ended Schemes,Debt Scheme - Banking and PSU Fund,INF209KA12Z1,INF209KA13Z9,nav_119551_20260625.csv,142.7099,0.0071000000000083,0.0049751278642955
119551,2019-04-24,142.817,Aditya Birla Sun Life Banking & PSU Debt Fund - DIRECT - IDCW,Aditya Birla Sun Life Mutual Fund,Open Ended Schemes,Debt Scheme - Banking and PSU Fund,INF209KA12Z1,INF209KA13Z9,nav_119551_20260625.csv,142.717,0.0999999999999943,0.0700687374314162
119551,2019-04-25,142.7254,Aditya Birla Sun Life Banking & PSU Debt Fund - DIRECT - IDCW,Aditya Birla Sun Life Mutual Fund,Open Ended Schemes,Debt Scheme - Banking and PSU Fund,INF209KA12Z1,INF209KA13Z9,nav_119551_20260625.csv,142.817,-0.0915999999999996,-0.0641380227844022
119551,2019-04-26,142.8116,Aditya Birla Sun Life Banking & PSU Debt Fund - DIRECT - IDCW,Aditya Birla Sun Life Mutual Fund,Open Ended Schemes,Debt Scheme - Banking and PSU Fund,INF209KA12Z1,INF209KA13Z9,nav_119551_20260625.csv,142.7254,0.0861999999999909,0.0603956969116856
119551,2019-04-30,142.9462,Aditya Birla Sun Life Banking & PSU Debt Fund - DIRECT - IDCW,Aditya Birla Sun Life Mutual Fund,Open Ended Schemes,Debt Scheme - Banking and PSU Fund,INF209KA12Z1,INF209KA13Z9,nav_119551_20260625.csv,142.8116,0.134600000000006,0.0942500469149607
119551,2019-05-02,142.9669,Aditya Birla Sun Life Banking & PSU Debt Fund - DIRECT - IDCW,Aditya Birla Sun Life Mutual Fund,Open Ended Schemes,Debt Scheme - Banking and PSU Fund,INF209KA12Z1,INF209KA13Z9,nav_119551_20260625.csv,142.9462,0.020700000000005,0.0144809725617085
119551,2019-05-03,142.9162,Aditya Birla Sun Life Banking & PSU Debt Fund - DIRECT - IDCW,Aditya Birla Sun Life Mutual Fund,Open Ended Schemes,Debt Scheme - Banking and PSU Fund,INF209KA12Z1,INF209KA13Z9,nav_119551_20260625.csv,142.9669,-0.0507000000000061,-0.0354627539661321
119551,2019-05-06,143.0201,Aditya Birla Sun Life Banking & PSU Debt Fund - DIRECT - IDCW,Aditya Birla Sun Life Mutual Fund,Open Ended Schemes,Debt Scheme - Banking and PSU Fund,INF209KA12Z1,INF209KA13Z9,nav_119551_20260625.csv,142.9162,0.1039000000000101,0.0726999458423958
119551,2019-05-07,143.0787,Aditya Birla Sun Life Banking & PSU Debt Fund - DIRECT - IDCW,Aditya Birla Sun Life Mutual Fund,Open Ended Schemes,Debt Scheme - Banking and PSU Fund,INF209KA12Z1,INF209KA13Z9,nav_119551_20260625.csv,143.0201,0.0585999999999842,0.0409732618002534
119551,2019-05-08,143.1504,Aditya Birla Sun Life Banking & PSU Debt Fund - DIRECT - IDCW,Aditya Birla Sun Life Mutual Fund,Open Ended Schemes,Debt Scheme - Banking and PSU Fund,INF209KA12Z1,INF209KA13Z9,nav_119551_20260625.csv,143.0787,0.0716999999999927,0.0501122808636035
119551,2019-05-09,143.18,Aditya Birla Sun Life Banking & PSU Debt Fund - DIRECT - IDCW,Aditya Birla Sun Life Mutual Fund,Open Ended Schemes,Debt Scheme - Banking and PSU Fund,INF209KA12Z1,INF209KA13Z9,nav_119551_20260625.csv,143.1504,0.0296000000000162,0.0206775531189687
119551,2019-05-10,143.2079,Aditya Birla Sun Life Banking & PSU Debt Fund - DIRECT - IDCW,Aditya Birla Sun Life Mutual Fund,Open Ended Schemes,Debt Scheme - Banking and PSU Fund,INF209KA12Z1,INF209KA13Z9,nav_119551_20260625.csv,143.18,0.0278999999999882,0.0194859617264899
119551,2019-05-13,143.3346,Aditya Birla Sun Life Banking & PSU Debt Fund - DIRECT - IDCW,Aditya Birla Sun Life Mutual Fund,Open Ended Schemes,Debt Scheme - Banking and PSU Fund,INF209KA12Z1,INF209KA13Z9,nav_119551_20260625.csv,143.2079,0.1266999999999996,0.0884727728009415
119551,2019-05-14,143.4783,Aditya Birla Sun Life Banking & PSU Debt Fund - DIRECT - IDCW,Aditya Birla Sun Life Mutual Fund,Open Ended Schemes,Debt Scheme - Banking and PSU Fund,INF209KA12Z1,INF209KA13Z9,nav_119551_20260625.csv,143.3346,0.1436999999999955,0.100254927979703
119551,2019-05-15,143.5038,Aditya Birla Sun Life Banking & PSU Debt Fund - DIRECT - IDCW,Aditya Birla Sun Life Mutual Fund,Open Ended Schemes,Debt Scheme - Banking and PSU Fund,INF209KA12Z1,INF209KA13Z9,nav_119551_20260625.csv,143.4783,0.0255000000000222,0.0177727224256366
119551,2019-05-16,143.5546,Aditya Birla Sun Life Banking & PSU Debt Fund - DIRECT - IDCW,Aditya Birla Sun Life Mutual Fund,Open Ended Schemes,Debt Scheme - Banking and PSU Fund,INF209KA12Z1,INF209KA13Z9,nav_119551_20260625.csv,143.5038,0.050799999999981,0.0353997594488655
119551,2019-05-17,143.6887,Aditya Birla Sun Life Banking & PSU Debt Fund - DIRECT - IDCW,Aditya Birla Sun Life Mutual Fund,Open Ended Schemes,Debt Scheme - Banking and PSU Fund,INF209KA12Z1,INF209KA13Z9,nav_119551_20260625.csv,143.5546,0.1341000000000178,0.09341393448905
119551,2019-05-20,143.9976,Aditya Birla Sun Life Banking & PSU Debt Fund - DIRECT - IDCW,Aditya Birla Sun Life Mutual Fund,Open Ended Schemes,Debt Scheme - Banking and PSU Fund,INF209KA12Z1,INF209KA13Z9,nav_119551_20260625.csv,143.6887,0.3088999999999942,0.214978630887463
119551,2019-05-21,144.0003,Aditya Birla Sun Life Banking & PSU Debt Fund - DIRECT - IDCW,Aditya Birla Sun Life Mutual Fund,Open Ended Schemes,Debt Scheme - Banking and PSU Fund,INF209KA12Z1,INF209KA13Z9,nav_119551_20260625.csv,143.9976,0.0027000000000043,0.0018750312505238
119551,2019-05-22,144.0646,Aditya Birla Sun Life Banking & PSU Debt Fund - DIRECT - IDCW,Aditya Birla Sun Life Mutual Fund,Open Ended Schemes,Debt Scheme - Banking and PSU Fund,INF209KA12Z1,INF209KA13Z9,nav_119551_20260625.csv,144.0003,0.0643000000000029,0.0446526847513532
119551,2019-05-23,144.3538,Aditya Birla Sun Life Banking & PSU Debt Fund - DIRECT - IDCW,Aditya Birla Sun Life Mutual Fund,Open Ended Schemes,Debt Scheme - Banking and PSU Fund,INF209KA12Z1,INF209KA13Z9,nav_119551_20260625.csv,144.0646,0.2891999999999939,0.2007432776684861
119551,2019-05-24,144.51,Aditya Birla Sun Life Banking & PSU Debt Fund - DIRECT - IDCW,Aditya Birla Sun Life Mutual Fund,Open Ended Schemes,Debt Scheme - Banking and PSU Fund,INF209KA12Z1,INF209KA13Z9,nav_119551_20260625.csv,144.3538,0.1561999999999841,0.1082063651943932
119551,2019-05-27,145.0011,Aditya Birla Sun Life Banking & PSU Debt Fund - DIRECT - IDCW,Aditya Birla Sun Life Mutual Fund,Open Ended Schemes,Debt Scheme - Banking and PSU Fund,INF209KA12Z1,INF209KA13Z9,nav_119551_20260625.csv,144.51,0.4911000000000172,0.3398380734897358
119551,2019-05-28,145.1418,Aditya Birla Sun Life Banking & PSU Debt Fund - DIRECT - IDCW,Aditya Birla Sun Life Mutual Fund,Open Ended Schemes,Debt Scheme - Banking and PSU Fund,INF209KA12Z1,INF209KA13Z9,nav_119551_20260625.csv,145.0011,0.1406999999999811,0.0970337466405297
119551,2019-05-29,145.1587,Aditya Birla Sun Life Banking & PSU Debt Fund - DIRECT - IDCW,Aditya Birla Sun Life Mutual Fund,Open Ended Schemes,Debt Scheme - Banking and PSU Fund,INF209KA12Z1,INF209KA13Z9,nav_119551_20260625.csv,145.1418,0.016900000000021,0.0116437855945158
119551,2019-05-30,145.1312,Aditya Birla Sun Life Banking & PSU Debt Fund - DIRECT - IDCW,Aditya Birla Sun Life Mutual Fund,Open Ended Schemes,Debt Scheme - Banking and PSU Fund,INF209KA12Z1,INF209KA13Z9,nav_119551_20260625.csv,145.1587,-0.0275000000000034,-0.0189447825035656
119551,2019-05-31,145.5041,Aditya Birla Sun Life Banking & PSU Debt Fund - DIRECT - IDCW,Aditya Birla Sun Life Mutual Fund,Open Ended Schemes,Debt Scheme - Banking and PSU Fund,INF209KA12Z1,INF209KA13Z9,nav_119551_20260625.csv,145.1312,0.3728999999999871,0.2569399274587319
119551,2019-06-03,145.7548,Aditya Birla Sun Life Banking & PSU Debt Fund - DIRECT - IDCW,Aditya Birla Sun Life Mutual Fund,Open Ended Schemes,Debt Scheme - Banking and PSU Fund,INF209KA12Z1,INF209KA13Z9,nav_119551_20260625.csv,145.5041,0.2506999999999948,0.1722975503783019
119551,2019-06-04,145.6843,Aditya Birla Sun Life Banking & PSU Debt Fund - DIRECT - IDCW,Aditya Birla Sun Life Mutual Fund,Open Ended Schemes,Debt Scheme - Banking and PSU Fund,INF209KA12Z1,INF209KA13Z9,nav_119551_20260625.csv,145.7548,-0.0704999999999813,-0.0483689044888959
119551,2019-06-06,146.0295,Aditya Birla Sun Life Banking & PSU Debt Fund - DIRECT - IDCW,Aditya Birla Sun Life Mutual Fund,Open Ended Schemes,Debt Scheme - Banking and PSU Fund,INF209KA12Z1,INF209KA13Z9,nav_119551_20260625.csv,145.6843,0.3452000000000055,0.2369507215259334
119551,2019-06-07,145.8035,Aditya Birla Sun Life Banking & PSU Debt Fund - DIRECT - IDCW,Aditya Birla Sun Life Mutual Fund,Open Ended Schemes,Debt Scheme - Banking and PSU Fund,INF209KA12Z1,INF209KA13Z9,nav_119551_20260625.csv,146.0295,-0.2259999999999991,-0.1547632498912884
119551,2019-06-10,145.5955,Aditya Birla Sun Life Banking & PSU Debt Fund - DIRECT - IDCW,Aditya Birla Sun Life Mutual Fund,Open Ended Schemes,Debt Scheme - Banking and PSU Fund,INF209KA12Z1,INF209KA13Z9,nav_119551_20260625.csv,145.8035,-0.2080000000000268,-0.1426577551293534
119551,2019-06-11,145.6404,Aditya Birla Sun Life Banking & PSU Debt Fund - DIRECT - IDCW,Aditya Birla Sun Life Mutual Fund,Open Ended Schemes,Debt Scheme - Banking and PSU Fund,INF209KA12Z1,INF209KA13Z9,nav_119551_20260625.csv,145.5955,0.0449000000000125,0.0308388652121889
119551,2019-06-12,145.775,Aditya Birla Sun Life Banking & PSU Debt Fund - DIRECT - IDCW,Aditya Birla Sun Life Mutual Fund,Open Ended Schemes,Debt Scheme - Banking and PSU Fund,INF209KA12Z1,INF209KA13Z9,nav_119551_20260625.csv,145.6404,0.134600000000006,0.0924194110974743
119551,2019-06-13,145.8517,Aditya Birla Sun Life Banking & PSU Debt Fund - DIRECT - IDCW,Aditya Birla Sun Life Mutual Fund,Open Ended Schemes,Debt Scheme - Banking and PSU Fund,INF209KA12Z1,INF209KA13Z9,nav_119551_20260625.csv,145.775,0.0766999999999882,0.0526153318470164
119551,2019-06-14,146.087,Aditya Birla Sun Life Banking & PSU Debt Fund - DIRECT - IDCW,Aditya Birla Sun Life Mutual Fund,Open Ended Schemes,Debt Scheme - Banking and PSU Fund,INF209KA12Z1,INF209KA13Z9,nav_119551_20260625.csv,145.8517,0.2352999999999951,0.1613282532874112
119551,2019-06-17,146.1223,Aditya Birla Sun Life Banking & PSU Debt Fund - DIRECT - IDCW,Aditya Birla Sun Life Mutual Fund,Open Ended Schemes,Debt Scheme - Banking and PSU Fund,INF209KA12Z1,INF209KA13Z9,nav_119551_20260625.csv,146.087,0.0353000000000065,0.0241636832846225
119551,2019-06-18,146.4654,Aditya Birla Sun Life Banking & PSU Debt Fund - DIRECT - IDCW,Aditya Birla Sun Life Mutual Fund,Open Ended Schemes,Debt Scheme - Banking and PSU Fund,INF209KA12Z1,INF209KA13Z9,nav_119551_20260625.csv,146.1223,0.3430999999999926,0.2348033120201315
119551,2019-06-19,146.5025,Aditya Birla Sun Life Banking & PSU Debt Fund - DIRECT - IDCW,Aditya Birla Sun Life Mutual Fund,Open Ended Schemes,Debt Scheme - Banking and PSU Fund,INF209KA12Z1,INF209KA13Z9,nav_119551_20260625.csv,146.4654,0.0371000000000094,0.0253302145080063
119551,2019-06-20,146.6796,Aditya Birla Sun Life Banking & PSU Debt Fund - DIRECT - IDCW,Aditya Birla Sun Life Mutual Fund,Open Ended Schemes,Debt Scheme - Banking and PSU Fund,INF209KA12Z1,INF209KA13Z9,nav_119551_20260625.csv,146.5025,0.1770999999999958,0.1208853091244148
119551,2019-06-21,146.4745,Aditya Birla Sun Life Banking & PSU Debt Fund - DIRECT - IDCW,Aditya Birla Sun Life Mutual Fund,Open Ended Schemes,Debt Scheme - Banking and PSU Fund,INF209KA12Z1,INF209KA13Z9,nav_119551_20260625.csv,146.6796,-0.2050999999999874,-0.1398285787525923
119551,2019-06-24,146.4771,Aditya Birla Sun Life Banking & PSU Debt Fund - DIRECT - IDCW,Aditya Birla Sun Life Mutual Fund,Open Ended Schemes,Debt Scheme - Banking and PSU Fund,INF209KA12Z1,INF209KA13Z9,nav_119551_20260625.csv,146.4745,0.002600000000001,0.0017750529955733
119551,2019-06-25,146.3663,Aditya Birla Sun Life Banking & PSU Debt Fund - DIRECT - IDCW,Aditya Birla Sun Life Mutual Fund,Open Ended Schemes,Debt Scheme - Banking and PSU Fund,INF209KA12Z1,INF209KA13Z9,nav_119551_20260625.csv,146.4771,-0.1108000000000117,-0.0756432234117222
119551,2019-06-26,146.2151,Aditya Birla Sun Life Banking & PSU Debt Fund - DIRECT - IDCW,Aditya Birla Sun Life Mutual Fund,Open Ended Schemes,Debt Scheme - Banking and PSU Fund,INF209KA12Z1,INF209KA13Z9,nav_119551_20260625.csv,146.3663,-0.1511999999999886,-0.1033024678494904
119551,2019-06-27,146.3061,Aditya Birla Sun Life Banking & PSU Debt Fund - DIRECT - IDCW,Aditya Birla Sun Life Mutual Fund,Open Ended Schemes,Debt Scheme - Banking and PSU Fund,INF209KA12Z1,INF209KA13Z9,nav_119551_20260625.csv,146.2151,0.0909999999999797,0.062237074009442
119551,2019-06-28,146.3797,Aditya Birla Sun Life Banking & PSU Debt Fund - DIRECT - IDCW,Aditya Birla Sun Life Mutual Fund,Open Ended Schemes,Debt Scheme - Banking and PSU Fund,INF209KA12Z1,INF209KA13Z9,nav_119551_20260625.csv,146.3061,0.0736000000000274,0.0503054896549271
119551,2019-07-01,146.3903,Aditya Birla Sun Life Banking & PSU Debt Fund - DIRECT - IDCW,Aditya Birla Sun Life Mutual Fund,Open Ended Schemes,Debt Scheme - Banking and PSU Fund,INF209KA12Z1,INF209KA13Z9,nav_119551_20260625.csv,146.3797,0.0105999999999824,0.0072414412654093
119551,2019-07-02,146.4817,Aditya Birla Sun Life Banking & PSU Debt Fund - DIRECT - IDCW,Aditya Birla Sun Life Mutual Fund,Open Ended Schemes,Debt Scheme - Banking and PSU Fund,INF209KA12Z1,INF209KA13Z9,nav_119551_20260625.csv,146.3903,0.091399999999993,0.0624358307893303
119551,2019-07-03,146.678,Aditya Birla Sun Life Banking & PSU Debt Fund - DIRECT - IDCW,Aditya Birla Sun Life Mutual Fund,Open Ended Schemes,Debt Scheme - Banking and PSU Fund,INF209KA12Z1,INF209KA13Z9,nav_119551_20260625.csv,146.4817,0.1963000000000079,0.1340099138663791
119551,2019-07-04,146.9134,Aditya Birla Sun Life Banking & PSU Debt Fund - DIRECT - IDCW,Aditya Birla Sun Life Mutual Fund,Open Ended Schemes,Debt Scheme - Banking and PSU Fund,INF209KA12Z1,INF209KA13Z9,nav_119551_20260625.csv,146.678,0.2353999999999985,0.1604875986855551
119551,2019-07-05,147.2972,Aditya Birla Sun Life Banking & PSU Debt Fund - DIRECT - IDCW,Aditya Birla Sun Life Mutual Fund,Open Ended Schemes,Debt Scheme - Banking and PSU Fund,INF209KA12Z1,INF209KA13Z9,nav_119551_20260625.csv,146.9134,0.3838000000000079,0.2612423373225369
119551,2019-07-08,147.8277,Aditya Birla Sun Life Banking & PSU Debt Fund - DIRECT - IDCW,Aditya Birla Sun Life Mutual Fund,Open Ended Schemes,Debt Scheme - Banking and PSU Fund,INF209KA12Z1,INF209KA13Z9,nav_119551_20260625.csv,147.2972,0.5304999999999893,0.360156201204089
119551,2019-07-09,147.8228,Aditya Birla Sun Life Banking & PSU Debt Fund - DIRECT - IDCW,Aditya Birla Sun Life Mutual Fund,Open Ended Schemes,Debt Scheme - Banking and PSU Fund,INF209KA12Z1,INF209KA13Z9,nav_119551_20260625.csv,147.8277,-0.0048999999999921,-0.0033146697134516
119551,2019-07-10,148.0034,Aditya Birla Sun Life Banking & PSU Debt Fund - DIRECT - IDCW,Aditya Birla Sun Life Mutual Fund,Open Ended Schemes,Debt Scheme - Banking and PSU Fund,INF209KA12Z1,INF209KA13Z9,nav_119551_20260625.csv,147.8228,0.1805999999999983,0.1221733047946584
119551,2019-07-11,148.2166,Aditya Birla Sun Life Banking & PSU Debt Fund - DIRECT - IDCW,Aditya Birla Sun Life Mutual Fund,Open Ended Schemes,Debt Scheme - Banking and PSU Fund,INF209KA12Z1,INF209KA13Z9,nav_119551_20260625.csv,148.0034,0.2132000000000005,0.1440507447801878
119551,2019-07-12,148.2944,Aditya Birla Sun Life Banking & PSU Debt Fund - DIRECT - IDCW,Aditya Birla Sun Life Mutual Fund,Open Ended Schemes,Debt Scheme - Banking and PSU Fund,INF209KA12Z1,INF209KA13Z9,nav_119551_20260625.csv,148.2166,0.0777999999999963,0.0524907466505076
119551,2019-07-15,148.5678,Aditya Birla Sun Life Banking & PSU Debt Fund - DIRECT - IDCW,Aditya Birla Sun Life Mutual Fund,Open Ended Schemes,Debt Scheme - Banking and PSU Fund,INF209KA12Z1,INF209KA13Z9,nav_119551_20260625.csv,148.2944,0.2734000000000094,0.1843629968495165
119551,2019-07-16,148.9102,Aditya Birla Sun Life Banking & PSU Debt Fund - DIRECT - IDCW,Aditya Birla Sun Life Mutual Fund,Open Ended Schemes,Debt Scheme - Banking and PSU Fund,INF209KA12Z1,INF209KA13Z9,nav_119551_20260625.csv,148.5678,0.3423999999999978,0.2304671671788892
119551,2019-07-17,148.8778,Aditya Birla Sun Life Banking & PSU Debt Fund - DIRECT - IDCW,Aditya Birla Sun Life Mutual Fund,Open Ended Schemes,Debt Scheme - Banking and PSU Fund,INF209KA12Z1,INF209KA13Z9,nav_119551_20260625.csv,148.9102,-0.0323999999999955,-0.0217580797017232
119551,2019-07-18,148.8109,Aditya Birla Sun Life Banking & PSU Debt Fund - DIRECT - IDCW,Aditya Birla Sun Life Mutual Fund,Open Ended Schemes,Debt Scheme - Banking and PSU Fund,INF209KA12Z1,INF209KA13Z9,nav_119551_20260625.csv,148.8778,-0.0669000000000039,-0.0449361825604649
119551,2019-07-19,148.8542,Aditya Birla Sun Life Banking & PSU Debt Fund - DIRECT - IDCW,Aditya Birla Sun Life Mutual Fund,Open Ended Schemes,Debt Scheme - Banking and PSU Fund,INF209KA12Z1,INF209KA13Z9,nav_119551_20260625.csv,148.8109,0.0432999999999879,0.0290973309078756
119551,2019-07-22,148.7174,Aditya Birla Sun Life Banking & PSU Debt Fund - DIRECT - IDCW,Aditya Birla Sun Life Mutual Fund,Open Ended Schemes,Debt Scheme - Banking and PSU Fund,INF209KA12Z1,INF209KA13Z9,nav_119551_20260625.csv,148.8542,-0.1367999999999938,-0.0919020088113024
119551,2019-07-23,148.6097,Aditya Birla Sun Life Banking & PSU Debt Fund - DIRECT - IDCW,Aditya Birla Sun Life Mutual Fund,Open Ended Schemes,Debt Scheme - Banking and PSU Fund,INF209KA12Z1,INF209KA13Z9,nav_119551_20260625.csv,148.7174,-0.1076999999999941,-0.072419232719234
119551,2019-07-24,148.6858,Aditya Birla Sun Life Banking & PSU Debt Fund - DIRECT - IDCW,Aditya Birla Sun Life Mutual Fund,Open Ended Schemes,Debt Scheme - Banking and PSU Fund,INF209KA12Z1,INF209KA13Z9,nav_119551_20260625.csv,148.6097,0.0760999999999967,0.0512079628718695
119551,2019-07-25,148.3413,Aditya Birla Sun Life Banking & PSU Debt Fund - DIRECT - IDCW,Aditya Birla Sun Life Mutual Fund,Open Ended Schemes,Debt Scheme - Banking and PSU Fund,INF209KA12Z1,INF209KA13Z9,nav_119551_20260625.csv,148.6858,-0.3445000000000107,-0.2316966381456808
119551,2019-07-26,148.3704,Aditya Birla Sun Life Banking & PSU Debt Fund - DIRECT - IDCW,Aditya Birla Sun Life Mutual Fund,Open Ended Schemes,Debt Scheme - Banking and PSU Fund,INF209KA12Z1,INF209KA13Z9,nav_119551_20260625.csv,148.3413,0.0290999999999996,0.0196169239449834
119551,2019-07-29,148.7487,Aditya Birla Sun Life Banking & PSU Debt Fund - DIRECT - IDCW,Aditya Birla Sun Life Mutual Fund,Open Ended Schemes,Debt Scheme - Banking and PSU Fund,INF209KA12Z1,INF209KA13Z9,nav_119551_20260625.csv,148.3704,0.3783000000000243,0.2549699940149951
119551,2019-07-30,148.892,Aditya Birla Sun Life Banking & PSU Debt Fund - DIRECT - IDCW,Aditya Birla Sun Life Mutual Fund,Open Ended Schemes,Debt Scheme - Banking and PSU Fund,INF209KA12Z1,INF209KA13Z9,nav_119551_20260625.csv,148.7487,0.1432999999999822,0.0963369763903699
119551,2019-07-31,149.0512,Aditya Birla Sun Life Banking & PSU Debt Fund - DIRECT - IDCW,Aditya Birla Sun Life Mutual Fund,Open Ended Schemes,Debt Scheme - Banking and PSU Fund,INF209KA12Z1,INF209KA13Z9,nav_119551_20260625.csv,148.892,0.1591999999999984,0.1069231389194842
119551,2019-08-01,149.0367,Aditya Birla Sun Life Banking & PSU Debt Fund - DIRECT - IDCW,Aditya Birla Sun Life Mutual Fund,Open Ended Schemes,Debt Scheme - Banking and PSU Fund,INF209KA12Z1,INF209KA13Z9,nav_119551_20260625.csv,149.0512,-0.0144999999999981,-0.0097282007793283
119551,2019-08-02,149.3724,Aditya Birla Sun Life Banking & PSU Debt Fund - DIRECT - IDCW,Aditya Birla Sun Life Mutual Fund,Open Ended Schemes,Debt Scheme - Banking and PSU Fund,INF209KA12Z1,INF209KA13Z9,nav_119551_20260625.csv,149.0367,0.3357000000000028,0.2252465332364463
119551,2019-08-05,149.2155,Aditya Birla Sun Life Banking & PSU Debt Fund - DIRECT - IDCW,Aditya Birla Sun Life Mutual Fund,Open Ended Schemes,Debt Scheme - Banking and PSU Fund,INF209KA12Z1,INF209KA13Z9,nav_119551_20260625.csv,149.3724,-0.1569000000000073,-0.1050394852061072
119551,2019-08-06,149.4147,Aditya Birla Sun Life Banking & PSU Debt Fund - DIRECT - IDCW,Aditya Birla Sun Life Mutual Fund,Open Ended Schemes,Debt Scheme - Banking and PSU Fund,INF209KA12Z1,INF209KA13Z9,nav_119551_20260625.csv,149.2155,0.1992000000000189,0.1334981955628061
119551,2019-08-07,149.5577,Aditya Birla Sun Life Banking & PSU Debt Fund - DIRECT - IDCW,Aditya Birla Sun Life Mutual Fund,Open Ended Schemes,Debt Scheme - Banking and PSU Fund,INF209KA12Z1,INF209KA13Z9,nav_119551_20260625.csv,149.4147,0.1430000000000006,0.095706781193551
119551,2019-08-08,149.6843,Aditya Birla Sun Life Banking & PSU Debt Fund - DIRECT - IDCW,Aditya Birla Sun Life Mutual Fund,Open Ended Schemes,Debt Scheme - Banking and PSU Fund,INF209KA12Z1,INF209KA13Z9,nav_119551_20260625.csv,149.5577,0.1265999999999962,0.0846496034640785
119551,2019-08-09,149.4248,Aditya Birla Sun Life Banking & PSU Debt Fund - DIRECT - IDCW,Aditya Birla Sun Life Mutual Fund,Open Ended Schemes,Debt Scheme - Banking and PSU Fund,INF209KA12Z1,INF209KA13Z9,nav_119551_20260625.csv,149.6843,-0.2595000000000027,-0.1733648752741621
119551,2019-08-13,149.4511,Aditya Birla Sun Life Banking & PSU Debt Fund - DIRECT - IDCW,Aditya Birla Sun Life Mutual Fund,Open Ended Schemes,Debt Scheme - Banking and PSU Fund,INF209KA12Z1,INF209KA13Z9,nav_119551_20260625.csv,149.4248,0.0262999999999919,0.0176008266365369
119551,2019-08-14,149.0809,Aditya Birla Sun Life Banking & PSU Debt Fund - DIRECT - IDCW,Aditya Birla Sun Life Mutual Fund,Open Ended Schemes,Debt Scheme - Banking and PSU Fund,INF209KA12Z1,INF209KA13Z9,nav_119551_20260625.csv,149.4511,-0.3701999999999827,-0.2477064404343512
119551,2019-08-16,149.3311,Aditya Birla Sun Life Banking & PSU Debt Fund - DIRECT - IDCW,Aditya Birla Sun Life Mutual Fund,Open Ended Schemes,Debt Scheme - Banking and PSU Fund,INF209KA12Z1,INF209KA13Z9,nav_119551_20260625.csv,149.0809,0.2501999999999782,0.1678283401830672
119551,2019-08-19,149.373,Aditya Birla Sun Life Banking & PSU Debt Fund - DIRECT - IDCW,Aditya Birla Sun Life Mutual Fund,Open Ended Schemes,Debt Scheme - Banking and PSU Fund,INF209KA12Z1,INF209KA13Z9,nav_119551_20260625.csv,149.3311,0.0418999999999982,0.028058455338505
119551,2019-08-20,149.4864,Aditya Birla Sun Life Banking & PSU Debt Fund - DIRECT - IDCW,Aditya Birla Sun Life Mutual Fund,Open Ended Schemes,Debt Scheme - Banking and PSU Fund,INF209KA12Z1,INF209KA13Z9,nav_119551_20260625.csv,149.373,0.1134000000000128,0.0759173344580431
119551,2019-08-21,149.6765,Aditya Birla Sun Life Banking & PSU Debt Fund - DIRECT - IDCW,Aditya Birla Sun Life Mutual Fund,Open Ended Schemes,Debt Scheme - Banking and PSU Fund,INF209KA12Z1,INF209KA13Z9,nav_119551_20260625.csv,149.4864,0.190100000000001,0.127168759164714
119551,2019-08-22,149.8404,Aditya Birla Sun Life Banking & PSU Debt Fund - DIRECT - IDCW,Aditya Birla Sun Life Mutual Fund,Open Ended Schemes,Debt Scheme - Banking and PSU Fund,INF209KA12Z1,INF209KA13Z9,nav_119551_20260625.csv,149.6765,0.1638999999999839,0.1095028277652029
119551,2019-08-23,149.9347,Aditya Birla Sun Life Banking & PSU Debt Fund - DIRECT - IDCW,Aditya Birla Sun Life Mutual Fund,Open Ended Schemes,Debt Scheme - Banking and PSU Fund,INF209KA12Z1,INF209KA13Z9,nav_119551_20260625.csv,149.8404,0.094300000000004,0.0629336280469112
119551,2019-08-26,150.2418,Aditya Birla Sun Life Banking & PSU Debt Fund - DIRECT - IDCW,Aditya Birla Sun Life Mutual Fund,Open Ended Schemes,Debt Scheme - Banking and PSU Fund,INF209KA12Z1,INF209KA13Z9,nav_119551_20260625.csv,149.9347,0.3071000000000197,0.2048224993947496
119551,2019-08-27,150.2496,Aditya Birla Sun Life Banking & PSU Debt Fund - DIRECT - IDCW,Aditya Birla Sun Life Mutual Fund,Open Ended Schemes,Debt Scheme - Banking and PSU Fund,INF209KA12Z1,INF209KA13Z9,nav_119551_20260625.csv,150.2418,0.0077999999999747,0.0051916310906649
119551,2019-08-28,150.1914,Aditya Birla Sun Life Banking & PSU Debt Fund - DIRECT - IDCW,Aditya Birla Sun Life Mutual Fund,Open Ended Schemes,Debt Scheme - Banking and PSU Fund,INF209KA12Z1,INF209KA13Z9,nav_119551_20260625.csv,150.2496,-0.0581999999999993,-0.0387355440546925
119551,2019-08-29,150.0625,Aditya Birla Sun Life Banking & PSU Debt Fund - DIRECT - IDCW,Aditya Birla Sun Life Mutual Fund,Open Ended Schemes,Debt Scheme - Banking and PSU Fund,INF209KA12Z1,INF209KA13Z9,nav_119551_20260625.csv,150.1914,-0.1288999999999873,-0.085823822136279
119551,2019-08-30,150.1076,Aditya Birla Sun Life Banking & PSU Debt Fund - DIRECT - IDCW,Aditya Birla Sun Life Mutual Fund,Open Ended Schemes,Debt Scheme - Banking and PSU Fund,INF209KA12Z1,INF209KA13Z9,nav_119551_20260625.csv,150.0625,0.0450999999999908,0.0300541441066161
119551,2019-09-03,150.4088,Aditya Birla Sun Life Banking & PSU Debt Fund - DIRECT - IDCW,Aditya Birla Sun Life Mutual Fund,Open Ended Schemes,Debt Scheme - Banking and PSU Fund,INF209KA12Z1,INF209KA13Z9,nav_119551_20260625.csv,150.1076,0.3012000000000228,0.2006560627176923
119551,2019-09-04,150.4906,Aditya Birla Sun Life Banking & PSU Debt Fund - DIRECT - IDCW,Aditya Birla Sun Life Mutual Fund,Open Ended Schemes,Debt Scheme - Banking and PSU Fund,INF209KA12Z1,INF209KA13Z9,nav_119551_20260625.csv,150.4088,0.081799999999987,0.0543851157644944
119551,2019-09-05,150.4076,Aditya Birla Sun Life Banking & PSU Debt Fund - DIRECT - IDCW,Aditya Birla Sun Life Mutual Fund,Open Ended Schemes,Debt Scheme - Banking and PSU Fund,INF209KA12Z1,INF209KA13Z9,nav_119551_20260625.csv,150.4906,-0.0829999999999984,-0.0551529464298756
119551,2019-09-06,150.3414,Aditya Birla Sun Life Banking & PSU Debt Fund - DIRECT - IDCW,Aditya Birla Sun Life Mutual Fund,Open Ended Schemes,Debt Scheme - Banking and PSU Fund,INF209KA12Z1,INF209KA13Z9,nav_119551_20260625.csv,150.4076,-0.0662000000000091,-0.0440137333485868
119551,2019-09-09,150.5778,Aditya Birla Sun Life Banking & PSU Debt Fund - DIRECT - IDCW,Aditya Birla Sun Life Mutual Fund,Open Ended Schemes,Debt Scheme - Banking and PSU Fund,INF209KA12Z1,INF209KA13Z9,nav_119551_20260625.csv,150.3414,0.2364000000000032,0.1572421169418425
119551,2019-09-11,150.4797,Aditya Birla Sun Life Banking & PSU Debt Fund - DIRECT - IDCW,Aditya Birla Sun Life Mutual Fund,Open Ended Schemes,Debt Scheme - Banking and PSU Fund,INF209KA12Z1,INF209KA13Z9,nav_119551_20260625.csv,150.5778,-0.098099999999988,-0.0651490458752804
119551,2019-09-12,150.3828,Aditya Birla Sun Life Banking & PSU Debt Fund - DIRECT - IDCW,Aditya Birla Sun Life Mutual Fund,Open Ended Schemes,Debt Scheme - Banking and PSU Fund,INF209KA12Z1,INF209KA13Z9,nav_119551_20260625.csv,150.4797,-0.0969000000000051,-0.0643940677712708
119551,2019-09-13,150.4937,Aditya Birla Sun Life Banking & PSU Debt Fund - DIRECT - IDCW,Aditya Birla Sun Life Mutual Fund,Open Ended Schemes,Debt Scheme - Banking and PSU Fund,INF209KA12Z1,INF209KA13Z9,nav_119551_20260625.csv,150.3828,0.1108999999999866,0.0737451357468983
119551,2019-09-16,150.4476,Aditya Birla Sun Life Banking & PSU Debt Fund - DIRECT - IDCW,Aditya Birla Sun Life Mutual Fund,Open Ended Schemes,Debt Scheme - Banking and PSU Fund,INF209KA12Z1,INF209KA13Z9,nav_119551_20260625.csv,150.4937,-0.0460999999999955,-0.0306325115270576
119551,2019-09-17,150.3688,Aditya Birla Sun Life Banking & PSU Debt Fund - DIRECT - IDCW,Aditya Birla Sun Life Mutual Fund,Open Ended Schemes,Debt Scheme - Banking and PSU Fund,INF209KA12Z1,INF209KA13Z9,nav_119551_20260625.csv,150.4476,-0.078800000000001,-0.0523770402452422
119551,2019-09-18,150.6191,Aditya Birla Sun Life Banking & PSU Debt Fund - DIRECT - IDCW,Aditya Birla Sun Life Mutual Fund,Open Ended Schemes,Debt Scheme - Banking and PSU Fund,INF209KA12Z1,INF209KA13Z9,nav_119551_20260625.csv,150.3688,0.2503000000000099,0.1664574033975199
119551,2019-09-19,150.6828,Aditya Birla Sun Life Banking & PSU Debt Fund - DIRECT - IDCW,Aditya Birla Sun Life Mutual Fund,Open Ended Schemes,Debt Scheme - Banking and PSU Fund,INF209KA12Z1,INF209KA13Z9,nav_119551_20260625.csv,150.6191,0.0636999999999829,0.0422921130188555
119551,2019-09-20,150.0993,Aditya Birla Sun Life Banking & PSU Debt Fund - DIRECT - IDCW,Aditya Birla Sun Life Mutual Fund,Open Ended Schemes,Debt Scheme - Banking and PSU Fund,INF209KA12Z1,INF209KA13Z9,nav_119551_20260625.csv,150.6828,-0.5834999999999866,-0.3872372958293757
119551,2019-09-23,150.1778,Aditya Birla Sun Life Banking & PSU Debt Fund - DIRECT - IDCW,Aditya Birla Sun Life Mutual Fund,Open Ended Schemes,Debt Scheme - Banking and PSU Fund,INF209KA12Z1,INF209KA13Z9,nav_119551_20260625.csv,150.0993,0.0784999999999911,0.0522987115862573
119551,2019-09-24,150.1503,Aditya Birla Sun Life Banking & PSU Debt Fund - DIRECT - IDCW,Aditya Birla Sun Life Mutual Fund,Open Ended Schemes,Debt Scheme - Banking and PSU Fund,INF209KA12Z1,INF209KA13Z9,nav_119551_20260625.csv,150.1778,-0.0275000000000034,-0.0183116279503384
119551,2019-09-25,150.1731,Aditya Birla Sun Life Banking & PSU Debt Fund - DIRECT - IDCW,Aditya Birla Sun Life Mutual Fund,Open Ended Schemes,Debt Scheme - Banking and PSU Fund,INF209KA12Z1,INF209KA13Z9,nav_119551_20260625.csv,150.1503,0.0228000000000179,0.0151847848455966
119551,2019-09-26,150.2039,Aditya Birla Sun Life Banking & PSU Debt Fund - DIRECT - IDCW,Aditya Birla Sun Life Mutual Fund,Open Ended Schemes,Debt Scheme - Banking and PSU Fund,INF209KA12Z1,INF209KA13Z9,nav_119551_20260625.csv,150.1731,0.0307999999999992,0.0205096651797154
119551,2019-09-27,150.2231,Aditya Birla Sun Life Banking & PSU Debt Fund - DIRECT - IDCW,Aditya Birla Sun Life Mutual Fund,Open Ended Schemes,Debt Scheme - Banking and PSU Fund,INF209KA12Z1,INF209KA13Z9,nav_119551_20260625.csv,150.2039,0.0191999999999836,0.0127826241528906
119551,2019-09-30,150.4539,Aditya Birla Sun Life Banking & PSU Debt Fund - DIRECT - IDCW,Aditya Birla Sun Life Mutual Fund,Open Ended Schemes,Debt Scheme - Banking and PSU Fund,INF209KA12Z1,INF209KA13Z9,nav_119551_20260625.csv,150.2231,0.2308000000000163,0.1536381555167057
119551,2019-10-01,150.5812,Aditya Birla Sun Life Banking & PSU Debt Fund - DIRECT - IDCW,Aditya Birla Sun Life Mutual Fund,Open Ended Schemes,Debt Scheme - Banking and PSU Fund,INF209KA12Z1,INF209KA13Z9,nav_119551_20260625.csv,150.4539,0.1272999999999911,0.0846106348854972
119551,2019-10-03,150.7936,Aditya Birla Sun Life Banking & PSU Debt Fund - DIRECT - IDCW,Aditya Birla Sun Life Mutual Fund,Open Ended Schemes,Debt Scheme - Banking and PSU Fund,INF209KA12Z1,INF209KA13Z9,nav_119551_20260625.csv,150.5812,0.2124000000000023,0.1410534648415621
119551,2019-10-04,150.7287,Aditya Birla Sun Life Banking & PSU Debt Fund - DIRECT - IDCW,Aditya Birla Sun Life Mutual Fund,Open Ended Schemes,Debt Scheme - Banking and PSU Fund,INF209KA12Z1,INF209KA13Z9,nav_119551_20260625.csv,150.7936,-0.0648999999999944,-0.0430389618657518
119551,2019-10-07,150.8064,Aditya Birla Sun Life Banking & PSU Debt Fund - DIRECT - IDCW,Aditya Birla Sun Life Mutual Fund,Open Ended Schemes,Debt Scheme - Banking and PSU Fund,INF209KA12Z1,INF209KA13Z9,nav_119551_20260625.csv,150.7287,0.077699999999993,0.0515495721783528
119551,2019-10-09,150.861,Aditya Birla Sun Life Banking & PSU Debt Fund - DIRECT - IDCW,Aditya Birla Sun Life Mutual Fund,Open Ended Schemes,Debt Scheme - Banking and PSU Fund,INF209KA12Z1,INF209KA13Z9,nav_119551_20260625.csv,150.8064,0.0545999999999935,0.0362053599847178
119551,2019-10-10,150.8965,Aditya Birla Sun Life Banking & PSU Debt Fund - DIRECT - IDCW,Aditya Birla Sun Life Mutual Fund,Open Ended Schemes,Debt Scheme - Banking and PSU Fund,INF209KA12Z1,INF209KA13Z9,nav_119551_20260625.csv,150.861,0.0355000000000131,0.0235315953095983
119551,2019-10-11,150.938,Aditya Birla Sun Life Banking & PSU Debt Fund - DIRECT - IDCW,Aditya Birla Sun Life Mutual Fund,Open Ended Schemes,Debt Scheme - Banking and PSU Fund,INF209KA12Z1,INF209KA13Z9,nav_119551_20260625.csv,150.8965,0.0414999999999849,0.0275022946191495
119551,2019-10-14,151.0676,Aditya Birla Sun Life Banking & PSU Debt Fund - DIRECT - IDCW,Aditya Birla Sun Life Mutual Fund,Open Ended Schemes,Debt Scheme - Banking and PSU Fund,INF209KA12Z1,INF209KA13Z9,nav_119551_20260625.csv,150.938,0.1296000000000106,0.0858630696047453
119551,2019-10-15,151.1294,Aditya Birla Sun Life Banking & PSU Debt Fund - DIRECT - IDCW,Aditya Birla Sun Life Mutual Fund,Open Ended Schemes,Debt Scheme - Banking and PSU Fund,INF209KA12Z1,INF209KA13Z9,nav_119551_20260625.csv,151.0676,0.0618000000000051,0.0409088381625214
119551,2019-10-16,151.2289,Aditya Birla Sun Life Banking & PSU Debt Fund - DIRECT - IDCW,Aditya Birla Sun Life Mutual Fund,Open Ended Schemes,Debt Scheme - Banking and PSU Fund,INF209KA12Z1,INF209KA13Z9,nav_119551_20260625.csv,151.1294,0.0995000000000061,0.065837619946884
119551,2019-10-17,151.266,Aditya Birla Sun Life Banking & PSU Debt Fund - DIRECT - IDCW,Aditya Birla Sun Life Mutual Fund,Open Ended Schemes,Debt Scheme - Banking and PSU Fund,INF209KA12Z1,INF209KA13Z9,nav_119551_20260625.csv,151.2289,0.037099999999981,0.0245323479837392
119551,2019-10-18,151.4029,Aditya Birla Sun Life Banking & PSU Debt Fund - DIRECT - IDCW,Aditya Birla Sun Life Mutual Fund,Open Ended Schemes,Debt Scheme - Banking and PSU Fund,INF209KA12Z1,INF209KA13Z9,nav_119551_20260625.csv,151.266,0.1368999999999971,0.0905028228418793
119551,2019-10-22,151.5632,Aditya Birla Sun Life Banking & PSU Debt Fund - DIRECT - IDCW,Aditya Birla Sun Life Mutual Fund,Open Ended Schemes,Debt Scheme - Banking and PSU Fund,INF209KA12Z1,INF209KA13Z9,nav_119551_20260625.csv,151.4029,0.1603000000000065,0.1058764396190605
119551,2019-10-23,151.6974,Aditya Birla Sun Life Banking & PSU Debt Fund - DIRECT - IDCW,Aditya Birla Sun Life Mutual Fund,Open Ended Schemes,Debt Scheme - Banking and PSU Fund,INF209KA12Z1,INF209KA13Z9,nav_119551_20260625.csv,151.5632,0.1341999999999927,0.088543920951783
119551,2019-10-24,151.7896,Aditya Birla Sun Life Banking & PSU Debt Fund - DIRECT - IDCW,Aditya Birla Sun Life Mutual Fund,Open Ended Schemes,Debt Scheme - Banking and PSU Fund,INF209KA12Z1,INF209KA13Z9,nav_119551_20260625.csv,151.6974,0.0922000000000196,0.0607788927166975
119551,2019-10-25,151.8433,Aditya Birla Sun Life Banking & PSU Debt Fund - DIRECT - IDCW,Aditya Birla Sun Life Mutual Fund,Open Ended Schemes,Debt Scheme - Banking and PSU Fund,INF209KA12Z1,INF209KA13Z9,nav_119551_20260625.csv,151.7896,0.053699999999992,0.0353779178547094
119551,2019-10-29,151.965,Aditya Birla Sun Life Banking & PSU Debt Fund - DIRECT - IDCW,Aditya Birla Sun Life Mutual Fund,Open Ended Schemes,Debt Scheme - Banking and PSU Fund,INF209KA12Z1,INF209KA13Z9,nav_119551_20260625.csv,151.8433,0.1217000000000041,0.0801484161632447
119551,2019-10-30,152.1072,Aditya Birla Sun Life Banking & PSU Debt Fund - DIRECT - IDCW,Aditya Birla Sun Life Mutual Fund,Open Ended Schemes,Debt Scheme - Banking and PSU Fund,INF209KA12Z1,INF209KA13Z9,nav_119551_20260625.csv,151.965,0.1422000000000025,0.0935741782647336
119551,2019-10-31,152.3324,Aditya Birla Sun Life Banking & PSU Debt Fund - DIRECT - IDCW,Aditya Birla Sun Life Mutual Fund,Open Ended Schemes,Debt Scheme - Banking and PSU Fund,INF209KA12Z1,INF209KA13Z9,nav_119551_20260625.csv,152.1072,0.2252000000000009,0.1480534780733594
119551,2019-11-01,152.4285,Aditya Birla Sun Life Banking & PSU Debt Fund - DIRECT - IDCW,Aditya Birla Sun Life Mutual Fund,Open Ended Schemes,Debt Scheme - Banking and PSU Fund,INF209KA12Z1,INF209KA13Z9,nav_119551_20260625.csv,152.3324,0.0961000000000069,0.0630857256893523
119551,2019-11-04,152.4901,Aditya Birla Sun Life Banking & PSU Debt Fund - DIRECT - IDCW,Aditya Birla Sun Life Mutual Fund,Open Ended Schemes,Debt Scheme - Banking and PSU Fund,INF209KA12Z1,INF209KA13Z9,nav_119551_20260625.csv,152.4285,0.0615999999999985,0.0404123900714095
119551,2019-11-05,152.4692,Aditya Birla Sun Life Banking & PSU Debt Fund - DIRECT - IDCW,Aditya Birla Sun Life Mutual Fund,Open Ended Schemes,Debt Scheme - Banking and PSU Fund,INF209KA12Z1,INF209KA13Z9,nav_119551_20260625.csv,152.4901,-0.0209000000000116,-0.0137058077868738
119551,2019-11-06,152.4607,Aditya Birla Sun Life Banking & PSU Debt Fund - DIRECT - IDCW,Aditya Birla Sun Life Mutual Fund,Open Ended Schemes,Debt Scheme - Banking and PSU Fund,INF209KA12Z1,INF209KA13Z9,nav_119551_20260625.csv,152.4692,-0.0084999999999979,-0.0055748964380989
119551,2019-11-07,152.4911,Aditya Birla Sun Life Banking & PSU Debt Fund - DIRECT - IDCW,Aditya Birla Sun Life Mutual Fund,Open Ended Schemes,Debt Scheme - Banking and PSU Fund,INF209KA12Z1,INF209KA13Z9,nav_119551_20260625.csv,152.4607,0.0303999999999859,0.0199395647533993
119551,2019-11-08,152.3985,Aditya Birla Sun Life Banking & PSU Debt Fund - DIRECT - IDCW,Aditya Birla Sun Life Mutual Fund,Open Ended Schemes,Debt Scheme - Banking and PSU Fund,INF209KA12Z1,INF209KA13Z9,nav_119551_20260625.csv,152.4911,-0.092599999999976,-0.0607248554177758
119551,2019-11-11,152.4214,Aditya Birla Sun Life Banking & PSU Debt Fund - DIRECT - IDCW,Aditya Birla Sun Life Mutual Fund,Open Ended Schemes,Debt Scheme - Banking and PSU Fund,INF209KA12Z1,INF209KA13Z9,nav_119551_20260625.csv,152.3985,0.0228999999999928,0.0150263946167402
119551,2019-11-13,152.5581,Aditya Birla Sun Life Banking & PSU Debt Fund - DIRECT - IDCW,Aditya Birla Sun Life Mutual Fund,Open Ended Schemes,Debt Scheme - Banking and PSU Fund,INF209KA12Z1,INF209KA13Z9,nav_119551_20260625.csv,152.4214,0.1366999999999905,0.0896855690867493
119551,2019-11-14,152.6957,Aditya Birla Sun Life Banking & PSU Debt Fund - DIRECT - IDCW,Aditya Birla Sun Life Mutual Fund,Open Ended Schemes,Debt Scheme - Banking and PSU Fund,INF209KA12Z1,INF209KA13Z9,nav_119551_20260625.csv,152.5581,0.1375999999999919,0.0901951453249561
119551,2019-11-15,152.7979,Aditya Birla Sun Life Banking & PSU Debt Fund - DIRECT - IDCW,Aditya Birla Sun Life Mutual Fund,Open Ended Schemes,Debt Scheme - Banking and PSU Fund,INF209KA12Z1,INF209KA13Z9,nav_119551_20260625.csv,152.6957,0.1022000000000105,0.066930502954576
119551,2019-11-18,152.9316,Aditya Birla Sun Life Banking & PSU Debt Fund - DIRECT - IDCW,Aditya Birla Sun Life Mutual Fund,Open Ended Schemes,Debt Scheme - Banking and PSU Fund,INF209KA12Z1,INF209KA13Z9,nav_119551_20260625.csv,152.7979,0.1337000000000046,0.0875012025688864
119551,2019-11-19,152.9853,Aditya Birla Sun Life Banking & PSU Debt Fund - DIRECT - IDCW,Aditya Birla Sun Life Mutual Fund,Open Ended Schemes,Debt Scheme - Banking and PSU Fund,INF209KA12Z1,INF209KA13Z9,nav_119551_20260625.csv,152.9316,0.053699999999992,0.0351137371216884
119551,2019-11-20,153.0708,Aditya Birla Sun Life Banking & PSU Debt Fund - DIRECT - IDCW,Aditya Birla Sun Life Mutual Fund,Open Ended Schemes,Debt Scheme - Banking and PSU Fund,INF209KA12Z1,INF209KA13Z9,nav_119551_20260625.csv,152.9853,0.0854999999999961,0.0558877225458891
119551,2019-11-21,153.0927,Aditya Birla Sun Life Banking & PSU Debt Fund - DIRECT - IDCW,Aditya Birla Sun Life Mutual Fund,Open Ended Schemes,Debt Scheme - Banking and PSU Fund,INF209KA12Z1,INF209KA13Z9,nav_119551_20260625.csv,153.0708,0.0219000000000164,0.0143071049475252
119551,2019-11-22,153.1436,Aditya Birla Sun Life Banking & PSU Debt Fund - DIRECT - IDCW,Aditya Birla Sun Life Mutual Fund,Open Ended Schemes,Debt Scheme - Banking and PSU Fund,INF209KA12Z1,INF209KA13Z9,nav_119551_20260625.csv,153.0927,0.0508999999999844,0.033247829582981
119551,2019-11-25,153.296,Aditya Birla Sun Life Banking & PSU Debt Fund - DIRECT - IDCW,Aditya Birla Sun Life Mutual Fund,Open Ended Schemes,Debt Scheme - Banking and PSU Fund,INF209KA12Z1,INF209KA13Z9,nav_119551_20260625.csv,153.1436,0.1524000000000001,0.099514442653823
119551,2019-11-26,153.3485,Aditya Birla Sun Life Banking & PSU Debt Fund - DIRECT - IDCW,Aditya Birla Sun Life Mutual Fund,Open Ended Schemes,Debt Scheme - Banking and PSU Fund,INF209KA12Z1,INF209KA13Z9,nav_119551_20260625.csv,153.296,0.052500000000009,0.0342474689489674
119551,2019-11-27,153.3903,Aditya Birla Sun Life Banking & PSU Debt Fund - DIRECT - IDCW,Aditya Birla Sun Life Mutual Fund,Open Ended Schemes,Debt Scheme - Banking and PSU Fund,INF209KA12Z1,INF209KA13Z9,nav_119551_20260625.csv,153.3485,0.0417999999999949,0.0272581733763257
119551,2019-11-28,153.4934,Aditya Birla Sun Life Banking & PSU Debt Fund - DIRECT - IDCW,Aditya Birla Sun Life Mutual Fund,Open Ended Schemes,Debt Scheme - Banking and PSU Fund,INF209KA12Z1,INF209KA13Z9,nav_119551_20260625.csv,153.3903,0.1031000000000119,0.0672141589135766
119551,2019-11-29,153.5381,Aditya Birla Sun Life Banking & PSU Debt Fund - DIRECT - IDCW,Aditya Birla Sun Life Mutual Fund,Open Ended Schemes,Debt Scheme - Banking and PSU Fund,INF209KA12Z1,INF209KA13Z9,nav_119551_20260625.csv,153.4934,0.0446999999999775,0.0291217733140171
119551,2019-12-02,153.6046,Aditya Birla Sun Life Banking & PSU Debt Fund - DIRECT - IDCW,Aditya Birla Sun Life Mutual Fund,Open Ended Schemes,Debt Scheme - Banking and PSU Fund,INF209KA12Z1,INF209KA13Z9,nav_119551_20260625.csv,153.5381,0.0665000000000191,0.0433117252330327
119551,2019-12-03,153.6259,Aditya Birla Sun Life Banking & PSU Debt Fund - DIRECT - IDCW,Aditya Birla Sun Life Mutual Fund,Open Ended Schemes,Debt Scheme - Banking and PSU Fund,INF209KA12Z1,INF209KA13Z9,nav_119551_20260625.csv,153.6046,0.0212999999999965,0.0138667722190588
119551,2019-12-04,153.7405,Aditya Birla Sun Life Banking & PSU Debt Fund - DIRECT - IDCW,Aditya Birla Sun Life Mutual Fund,Open Ended Schemes,Debt Scheme - Banking and PSU Fund,INF209KA12Z1,INF209KA13Z9,nav_119551_20260625.csv,153.6259,0.1145999999999958,0.0745967965037118
119551,2019-12-05,153.2483,Aditya Birla Sun Life Banking & PSU Debt Fund - DIRECT - IDCW,Aditya Birla Sun Life Mutual Fund,Open Ended Schemes,Debt Scheme - Banking and PSU Fund,INF209KA12Z1,INF209KA13Z9,nav_119551_20260625.csv,153.7405,-0.4921999999999968,-0.3201498629183572
119551,2019-12-06,153.1405,Aditya Birla Sun Life Banking & PSU Debt Fund - DIRECT - IDCW,Aditya Birla Sun Life Mutual Fund,Open Ended Schemes,Debt Scheme - Banking and PSU Fund,INF209KA12Z1,INF209KA13Z9,nav_119551_20260625.csv,153.2483,-0.1077999999999974,-0.0703433578055987
119551,2019-12-09,153.1183,Aditya Birla Sun Life Banking & PSU Debt Fund - DIRECT - IDCW,Aditya Birla Sun Life Mutual Fund,Open Ended Schemes,Debt Scheme - Banking and PSU Fund,INF209KA12Z1,INF209KA13Z9,nav_119551_20260625.csv,153.1405,-0.022199999999998,-0.0144964917836875
119551,2019-12-10,153.0738,Aditya Birla Sun Life Banking & PSU Debt Fund - DIRECT - IDCW,Aditya Birla Sun Life Mutual Fund,Open Ended Schemes,Debt Scheme - Banking and PSU Fund,INF209KA12Z1,INF209KA13Z9,nav_119551_20260625.csv,153.1183,-0.0444999999999993,-0.0290624961222788
119551,2019-12-11,152.9832,Aditya Birla Sun Life Banking & PSU Debt Fund - DIRECT - IDCW,Aditya Birla Sun Life Mutual Fund,Open Ended Schemes,Debt Scheme - Banking and PSU Fund,INF209KA12Z1,INF209KA13Z9,nav_119551_20260625.csv,153.0738,-0.0905999999999949,-0.0591871371848055
119551,2019-12-12,152.9682,Aditya Birla Sun Life Banking & PSU Debt Fund - DIRECT - IDCW,Aditya Birla Sun Life Mutual Fund,Open Ended Schemes,Debt Scheme - Banking and PSU Fund,INF209KA12Z1,INF209KA13Z9,nav_119551_20260625.csv,152.9832,-0.0150000000000147,-0.0098049981958899
119551,2019-12-13,152.8576,Aditya Birla Sun Life Banking & PSU Debt Fund - DIRECT - IDCW,Aditya Birla Sun Life Mutual Fund,Open Ended Schemes,Debt Scheme - Banking and PSU Fund,INF209KA12Z1,INF209KA13Z9,nav_119551_20260625.csv,152.9682,-0.1106000000000051,-0.0723026093004985
119551,2019-12-16,152.9814,Aditya Birla Sun Life Banking & PSU Debt Fund - DIRECT - IDCW,Aditya Birla Sun Life Mutual Fund,Open Ended Schemes,Debt Scheme - Banking and PSU Fund,INF209KA12Z1,INF209KA13Z9,nav_119551_20260625.csv,152.8576,0.123800000000017,0.0809904119913023
119551,2019-12-17,153.0346,Aditya Birla Sun Life Banking & PSU Debt Fund - DIRECT - IDCW,Aditya Birla Sun Life Mutual Fund,Open Ended Schemes,Debt Scheme - Banking and PSU Fund,INF209KA12Z1,INF209KA13Z9,nav_119551_20260625.csv,152.9814,0.0532000000000039,0.0347754694361562
119551,2019-12-18,153.1337,Aditya Birla Sun Life Banking & PSU Debt Fund - DIRECT - IDCW,Aditya Birla Sun Life Mutual Fund,Open Ended Schemes,Debt Scheme - Banking and PSU Fund,INF209KA12Z1,INF209KA13Z9,nav_119551_20260625.csv,153.0346,0.0990999999999928,0.0647565975276132
119551,2019-12-19,153.1526,Aditya Birla Sun Life Banking & PSU Debt Fund - DIRECT - IDCW,Aditya Birla Sun Life Mutual Fund,Open Ended Schemes,Debt Scheme - Banking and PSU Fund,INF209KA12Z1,INF209KA13Z9,nav_119551_20260625.csv,153.1337,0.0189000000000021,0.0123421559068984
119551,2019-12-20,153.4572,Aditya Birla Sun Life Banking & PSU Debt Fund - DIRECT - IDCW,Aditya Birla Sun Life Mutual Fund,Open Ended Schemes,Debt Scheme - Banking and PSU Fund,INF209KA12Z1,INF209KA13Z9,nav_119551_20260625.csv,153.1526,0.3045999999999935,0.1988866006845417
119551,2019-12-23,153.5537,Aditya Birla Sun Life Banking & PSU Debt Fund - DIRECT - IDCW,Aditya Birla Sun Life Mutual Fund,Open Ended Schemes,Debt Scheme - Banking and PSU Fund,INF209KA12Z1,INF209KA13Z9,nav_119551_20260625.csv,153.4572,0.0964999999999918,0.0628839832865397
119551,2019-12-24,153.5626,Aditya Birla Sun Life Banking & PSU Debt Fund - DIRECT - IDCW,Aditya Birla Sun Life Mutual Fund,Open Ended Schemes,Debt Scheme - Banking and PSU Fund,INF209KA12Z1,INF209KA13Z9,nav_119551_20260625.csv,153.5537,0.0089000000000112,0.0057960179403109
119551,2019-12-26,153.5576,Aditya Birla Sun Life Banking & PSU Debt Fund - DIRECT - IDCW,Aditya Birla Sun Life Mutual Fund,Open Ended Schemes,Debt Scheme - Banking and PSU Fund,INF209KA12Z1,INF209KA13Z9,nav_119551_20260625.csv,153.5626,-0.0049999999999954,-0.0032560011356902
119551,2019-12-27,153.6346,Aditya Birla Sun Life Banking & PSU Debt Fund - DIRECT - IDCW,Aditya Birla Sun Life Mutual Fund,Open Ended Schemes,Debt Scheme - Banking and PSU Fund,INF209KA12Z1,INF209KA13Z9,nav_119551_20260625.csv,153.5576,0.0769999999999981,0.0501440501805173
119551,2019-12-30,153.701,Aditya Birla Sun Life Banking & PSU Debt Fund - DIRECT - IDCW,Aditya Birla Sun Life Mutual Fund,Open Ended Schemes,Debt Scheme - Banking and PSU Fund,INF209KA12Z1,INF209KA13Z9,nav_119551_20260625.csv,153.6346,0.0663999999999873,0.0432194310396143
119551,2019-12-31,153.7054,Aditya Birla Sun Life Banking & PSU Debt Fund - DIRECT - IDCW,Aditya Birla Sun Life Mutual Fund,Open Ended Schemes,Debt Scheme - Banking and PSU Fund,INF209KA12Z1,INF209KA13Z9,nav_119551_20260625.csv,153.701,0.0044000000000039,0.0028627009583567
119551,2020-01-01,153.8193,Aditya Birla Sun Life Banking & PSU Debt Fund - DIRECT - IDCW,Aditya Birla Sun Life Mutual Fund,Open Ended Schemes,Debt Scheme - Banking and PSU Fund,INF209KA12Z1,INF209KA13Z9,nav_119551_20260625.csv,153.7054,0.113900000000001,0.0741027966486545
119551,2020-01-02,153.8742,Aditya Birla Sun Life Banking & PSU Debt Fund - DIRECT - IDCW,Aditya Birla Sun Life Mutual Fund,Open Ended Schemes,Debt Scheme - Banking and PSU Fund,INF209KA12Z1,INF209KA13Z9,nav_119551_20260625.csv,153.8193,0.0549000000000035,0.035691229904182
119551,2020-01-03,154.0323,Aditya Birla Sun Life Banking & PSU Debt Fund - DIRECT - IDCW,Aditya Birla Sun Life Mutual Fund,Open Ended Schemes,Debt Scheme - Banking and PSU Fund,INF209KA12Z1,INF209KA13Z9,nav_119551_20260625.csv,153.8742,0.1580999999999903,0.1027462693550902
119551,2020-01-06,154.0036,Aditya Birla Sun Life Banking & PSU Debt Fund - DIRECT - IDCW,Aditya Birla Sun Life Mutual Fund,Open Ended Schemes,Debt Scheme - Banking and PSU Fund,INF209KA12Z1,INF209KA13Z9,nav_119551_20260625.csv,154.0323,-0.0286999999999864,-0.018632455660265
119551,2020-01-07,154.0751,Aditya Birla Sun Life Banking & PSU Debt Fund - DIRECT - IDCW,Aditya Birla Sun Life Mutual Fund,Open Ended Schemes,Debt Scheme - Banking and PSU Fund,INF209KA12Z1,INF209KA13Z9,nav_119551_20260625.csv,154.0036,0.0714999999999861,0.0464274861107052
119551,2020-01-08,154.127,Aditya Birla Sun Life Banking & PSU Debt Fund - DIRECT - IDCW,Aditya Birla Sun Life Mutual Fund,Open Ended Schemes,Debt Scheme - Banking and PSU Fund,INF209KA12Z1,INF209KA13Z9,nav_119551_20260625.csv,154.0751,0.0519000000000176,0.033684871857956
119551,2020-01-09,154.2202,Aditya Birla Sun Life Banking & PSU Debt Fund - DIRECT - IDCW,Aditya Birla Sun Life Mutual Fund,Open Ended Schemes,Debt Scheme - Banking and PSU Fund,INF209KA12Z1,INF209KA13Z9,nav_119551_20260625.csv,154.127,0.0931999999999959,0.0604696127219734
119551,2020-01-10,154.1672,Aditya Birla Sun Life Banking & PSU Debt Fund - DIRECT - IDCW,Aditya Birla Sun Life Mutual Fund,Open Ended Schemes,Debt Scheme - Banking and PSU Fund,INF209KA12Z1,INF209KA13Z9,nav_119551_20260625.csv,154.2202,-0.0529999999999972,-0.0343664448626037
119551,2020-01-13,154.2362,Aditya Birla Sun Life Banking & PSU Debt Fund - DIRECT - IDCW,Aditya Birla Sun Life Mutual Fund,Open Ended Schemes,Debt Scheme - Banking and PSU Fund,INF209KA12Z1,INF209KA13Z9,nav_119551_20260625.csv,154.1672,0.0689999999999884,0.0447566019230993
119551,2020-01-14,154.1151,Aditya Birla Sun Life Banking & PSU Debt Fund - DIRECT - IDCW,Aditya Birla Sun Life Mutual Fund,Open Ended Schemes,Debt Scheme - Banking and PSU Fund,INF209KA12Z1,INF209KA13Z9,nav_119551_20260625.csv,154.2362,-0.1210999999999842,-0.0785159385410067
119551,2020-01-15,154.1889,Aditya Birla Sun Life Banking & PSU Debt Fund - DIRECT - IDCW,Aditya Birla Sun Life Mutual Fund,Open Ended Schemes,Debt Scheme - Banking and PSU Fund,INF209KA12Z1,INF209KA13Z9,nav_119551_20260625.csv,154.1151,0.0737999999999772,0.0478862875863411
119551,2020-01-16,154.2713,Aditya Birla Sun Life Banking & PSU Debt Fund - DIRECT - IDCW,Aditya Birla Sun Life Mutual Fund,Open Ended Schemes,Debt Scheme - Banking and PSU Fund,INF209KA12Z1,INF209KA13Z9,nav_119551_20260625.csv,154.1889,0.0824000000000069,0.0534409415982648
119551,2020-01-17,154.3249,Aditya Birla Sun Life Banking & PSU Debt Fund - DIRECT - IDCW,Aditya Birla Sun Life Mutual Fund,Open Ended Schemes,Debt Scheme - Banking and PSU Fund,INF209KA12Z1,INF209KA13Z9,nav_119551_20260625.csv,154.2713,0.0536000000000171,0.0347439867298824
119551,2020-01-20,154.4228,Aditya Birla Sun Life Banking & PSU Debt Fund - DIRECT - IDCW,Aditya Birla Sun Life Mutual Fund,Open Ended Schemes,Debt Scheme - Banking and PSU Fund,INF209KA12Z1,INF209KA13Z9,nav_119551_20260625.csv,154.3249,0.0978999999999814,0.0634375917301624
119551,2020-01-21,154.4776,Aditya Birla Sun Life Banking & PSU Debt Fund - DIRECT - IDCW,Aditya Birla Sun Life Mutual Fund,Open Ended Schemes,Debt Scheme - Banking and PSU Fund,INF209KA12Z1,INF209KA13Z9,nav_119551_20260625.csv,154.4228,0.0548000000000001,0.0354869876728049
119551,2020-01-22,154.5903,Aditya Birla Sun Life Banking & PSU Debt Fund - DIRECT - IDCW,Aditya Birla Sun Life Mutual Fund,Open Ended Schemes,Debt Scheme - Banking and PSU Fund,INF209KA12Z1,INF209KA13Z9,nav_119551_20260625.csv,154.4776,0.112700000000018,0.0729555611946444
119551,2020-01-23,154.6714,Aditya Birla Sun Life Banking & PSU Debt Fund - DIRECT - IDCW,Aditya Birla Sun Life Mutual Fund,Open Ended Schemes,Debt Scheme - Banking and PSU Fund,INF209KA12Z1,INF209KA13Z9,nav_119551_20260625.csv,154.5903,0.0810999999999921,0.0524612475685681
119551,2020-01-24,154.749,Aditya Birla Sun Life Banking & PSU Debt Fund - DIRECT - IDCW,Aditya Birla Sun Life Mutual Fund,Open Ended Schemes,Debt Scheme - Banking and PSU Fund,INF209KA12Z1,INF209KA13Z9,nav_119551_20260625.csv,154.6714,0.0775999999999896,0.0501708783912149
119551,2020-01-27,154.8703,Aditya Birla Sun Life Banking & PSU Debt Fund - DIRECT - IDCW,Aditya Birla Sun Life Mutual Fund,Open Ended Schemes,Debt Scheme - Banking and PSU Fund,INF209KA12Z1,INF209KA13Z9,nav_119551_20260625.csv,154.749,0.1212999999999908,0.0783849976413358
119551,2020-01-28,154.9202,Aditya Birla Sun Life Banking & PSU Debt Fund - DIRECT - IDCW,Aditya Birla Sun Life Mutual Fund,Open Ended Schemes,Debt Scheme - Banking and PSU Fund,INF209KA12Z1,INF209KA13Z9,nav_119551_20260625.csv,154.8703,0.049900000000008,0.0322205096781035
119551,2020-01-29,154.8904,Aditya Birla Sun Life Banking & PSU Debt Fund - DIRECT - IDCW,Aditya Birla Sun Life Mutual Fund,Open Ended Schemes,Debt Scheme - Banking and PSU Fund,INF209KA12Z1,INF209KA13Z9,nav_119551_20260625.csv,154.9202,-0.0297999999999944,-0.0192357097395914
119551,2020-01-30,154.9146,Aditya Birla Sun Life Banking & PSU Debt Fund - DIRECT - IDCW,Aditya Birla Sun Life Mutual Fund,Open Ended Schemes,Debt Scheme - Banking and PSU Fund,INF209KA12Z1,INF209KA13Z9,nav_119551_20260625.csv,154.8904,0.0242000000000075,0.0156239508710724
119551,2020-01-31,154.9392,Aditya Birla Sun Life Banking & PSU Debt Fund - DIRECT - IDCW,Aditya Birla Sun Life Mutual Fund,Open Ended Schemes,Debt Scheme - Banking and PSU Fund,INF209KA12Z1,INF209KA13Z9,nav_119551_20260625.csv,154.9146,0.0245999999999924,0.0158797169537231
119551,2020-02-03,155.2432,Aditya Birla Sun Life Banking & PSU Debt Fund - DIRECT - IDCW,Aditya Birla Sun Life Mutual Fund,Open Ended Schemes,Debt Scheme - Banking and PSU Fund,INF209KA12Z1,INF209KA13Z9,nav_119551_20260625.csv,154.9392,0.304000000000002,0.1962059956421629
119551,2020-02-04,155.3587,Aditya Birla Sun Life Banking & PSU Debt Fund - DIRECT - IDCW,Aditya Birla Sun Life Mutual Fund,Open Ended Schemes,Debt Scheme - Banking and PSU Fund,INF209KA12Z1,INF209KA13Z9,nav_119551_20260625.csv,155.2432,0.1154999999999972,0.0743993939831163
119551,2020-02-05,155.3768,Aditya Birla Sun Life Banking & PSU Debt Fund - DIRECT - IDCW,Aditya Birla Sun Life Mutual Fund,Open Ended Schemes,Debt Scheme - Banking and PSU Fund,INF209KA12Z1,INF209KA13Z9,nav_119551_20260625.csv,155.3587,0.018100000000004,0.0116504579402402
119551,2020-02-06,155.9182,Aditya Birla Sun Life Banking & PSU Debt Fund - DIRECT - IDCW,Aditya Birla Sun Life Mutual Fund,Open Ended Schemes,Debt Scheme - Banking and PSU Fund,INF209KA12Z1,INF209KA13Z9,nav_119551_20260625.csv,155.3768,0.5414000000000101,0.3484432682356762
119551,2020-02-07,156.3627,Aditya Birla Sun Life Banking & PSU Debt Fund - DIRECT - IDCW,Aditya Birla Sun Life Mutual Fund,Open Ended Schemes,Debt Scheme - Banking and PSU Fund,INF209KA12Z1,INF209KA13Z9,nav_119551_20260625.csv,155.9182,0.4444999999999766,0.2850853845157118
119551,2020-02-10,156.5138,Aditya Birla Sun Life Banking & PSU Debt Fund - DIRECT - IDCW,Aditya Birla Sun Life Mutual Fund,Open Ended Schemes,Debt Scheme - Banking and PSU Fund,INF209KA12Z1,INF209KA13Z9,nav_119551_20260625.csv,156.3627,0.1511000000000137,0.0966342996123844
119551,2020-02-11,156.5581,Aditya Birla Sun Life Banking & PSU Debt Fund - DIRECT - IDCW,Aditya Birla Sun Life Mutual Fund,Open Ended Schemes,Debt Scheme - Banking and PSU Fund,INF209KA12Z1,INF209KA13Z9,nav_119551_20260625.csv,156.5138,0.0442999999999926,0.0283042134303765
119551,2020-02-12,156.5516,Aditya Birla Sun Life Banking & PSU Debt Fund - DIRECT - IDCW,Aditya Birla Sun Life Mutual Fund,Open Ended Schemes,Debt Scheme - Banking and PSU Fund,INF209KA12Z1,INF209KA13Z9,nav_119551_20260625.csv,156.5581,-0.0064999999999884,-0.0041518132884778
119551,2020-02-13,156.7233,Aditya Birla Sun Life Banking & PSU Debt Fund - DIRECT - IDCW,Aditya Birla Sun Life Mutual Fund,Open Ended Schemes,Debt Scheme - Banking and PSU Fund,INF209KA12Z1,INF209KA13Z9,nav_119551_20260625.csv,156.5516,0.171699999999987,0.1096762984217261
119551,2020-02-14,156.828,Aditya Birla Sun Life Banking & PSU Debt Fund - DIRECT - IDCW,Aditya Birla Sun Life Mutual Fund,Open Ended Schemes,Debt Scheme - Banking and PSU Fund,INF209KA12Z1,INF209KA13Z9,nav_119551_20260625.csv,156.7233,0.1047000000000082,0.0668056377067151
119551,2020-02-17,157.0124,Aditya Birla Sun Life Banking & PSU Debt Fund - DIRECT - IDCW,Aditya Birla Sun Life Mutual Fund,Open Ended Schemes,Debt Scheme - Banking and PSU Fund,INF209KA12Z1,INF209KA13Z9,nav_119551_20260625.csv,156.828,0.1844000000000107,0.1175810442012974
119551,2020-02-18,156.9444,Aditya Birla Sun Life Banking & PSU Debt Fund - DIRECT - IDCW,Aditya Birla Sun Life Mutual Fund,Open Ended Schemes,Debt Scheme - Banking and PSU Fund,INF209KA12Z1,INF209KA13Z9,nav_119551_20260625.csv,157.0124,-0.068000000000012,-0.0433086813525632
119551,2020-02-20,156.9353,Aditya Birla Sun Life Banking & PSU Debt Fund - DIRECT - IDCW,Aditya Birla Sun Life Mutual Fund,Open Ended Schemes,Debt Scheme - Banking and PSU Fund,INF209KA12Z1,INF209KA13Z9,nav_119551_20260625.csv,156.9444,-0.0090999999999894,-0.0057982317304659
119551,2020-02-24,157.1105,Aditya Birla Sun Life Banking & PSU Debt Fund - DIRECT - IDCW,Aditya Birla Sun Life Mutual Fund,Open Ended Schemes,Debt Scheme - Banking and PSU Fund,INF209KA12Z1,INF209KA13Z9,nav_119551_20260625.csv,156.9353,0.1751999999999896,0.1116383630706345
119551,2020-02-25,157.0423,Aditya Birla Sun Life Banking & PSU Debt Fund - DIRECT - IDCW,Aditya Birla Sun Life Mutual Fund,Open Ended Schemes,Debt Scheme - Banking and PSU Fund,INF209KA12Z1,INF209KA13Z9,nav_119551_20260625.csv,157.1105,-0.0681999999999902,-0.0434089382950154
119551,2020-02-26,147.7681,Aditya Birla Sun Life Banking & PSU Debt Fund - DIRECT - IDCW,Aditya Birla Sun Life Mutual Fund,Open Ended Schemes,Debt Scheme - Banking and PSU Fund,INF209KA12Z1,INF209KA13Z9,nav_119551_20260625.csv,157.0423,-9.274200000000008,-5.905542646790074
119551,2020-02-27,147.6783,Aditya Birla Sun Life Banking & PSU Debt Fund - DIRECT - IDCW,Aditya Birla Sun Life Mutual Fund,Open Ended Schemes,Debt Scheme - Banking and PSU Fund,INF209KA12Z1,INF209KA13Z9,nav_119551_20260625.csv,147.7681,-0.0897999999999967,-0.0607708971016049
119551,2020-02-28,147.542,Aditya Birla Sun Life Banking & PSU Debt Fund - DIRECT - IDCW,Aditya Birla Sun Life Mutual Fund,Open Ended Schemes,Debt Scheme - Banking and PSU Fund,INF209KA12Z1,INF209KA13Z9,nav_119551_20260625.csv,147.6783,-0.1363000000000056,-0.0922952119573462
119551,2020-03-02,147.6198,Aditya Birla Sun Life Banking & PSU Debt Fund - DIRECT - IDCW,Aditya Birla Sun Life Mutual Fund,Open Ended Schemes,Debt Scheme - Banking and PSU Fund,INF209KA12Z1,INF209KA13Z9,nav_119551_20260625.csv,147.542,0.0777999999999963,0.0527307478548456
119551,2020-03-03,147.6457,Aditya Birla Sun Life Banking & PSU Debt Fund - DIRECT - IDCW,Aditya Birla Sun Life Mutual Fund,Open Ended Schemes,Debt Scheme - Banking and PSU Fund,INF209KA12Z1,INF209KA13Z9,nav_119551_20260625.csv,147.6198,0.0259000000000071,0.0175450718670579
119551,2020-03-04,148.0648,Aditya Birla Sun Life Banking & PSU Debt Fund - DIRECT - IDCW,Aditya Birla Sun Life Mutual Fund,Open Ended Schemes,Debt Scheme - Banking and PSU Fund,INF209KA12Z1,INF209KA13Z9,nav_119551_20260625.csv,147.6457,0.419099999999986,0.2838552020140011
119551,2020-03-05,148.039,Aditya Birla Sun Life Banking & PSU Debt Fund - DIRECT - IDCW,Aditya Birla Sun Life Mutual Fund,Open Ended Schemes,Debt Scheme - Banking and PSU Fund,INF209KA12Z1,INF209KA13Z9,nav_119551_20260625.csv,148.0648,-0.0258000000000038,-0.0174248031942796
119551,2020-03-06,148.22,Aditya Birla Sun Life Banking & PSU Debt Fund - DIRECT - IDCW,Aditya Birla Sun Life Mutual Fund,Open Ended Schemes,Debt Scheme - Banking and PSU Fund,INF209KA12Z1,INF209KA13Z9,nav_119551_20260625.csv,148.039,0.1810000000000116,0.1222650787968114
119551,2020-03-09,148.1911,Aditya Birla Sun Life Banking & PSU Debt Fund - DIRECT - IDCW,Aditya Birla Sun Life Mutual Fund,Open Ended Schemes,Debt Scheme - Banking and PSU Fund,INF209KA12Z1,INF209KA13Z9,nav_119551_20260625.csv,148.22,-0.028899999999993,-0.0194980434489225
119551,2020-03-11,147.9299,Aditya Birla Sun Life Banking & PSU Debt Fund - DIRECT - IDCW,Aditya Birla Sun Life Mutual Fund,Open Ended Schemes,Debt Scheme - Banking and PSU Fund,INF209KA12Z1,INF209KA13Z9,nav_119551_20260625.csv,148.1911,-0.2612000000000023,-0.1762588981389586
119551,2020-03-12,147.1302,Aditya Birla Sun Life Banking & PSU Debt Fund - DIRECT - IDCW,Aditya Birla Sun Life Mutual Fund,Open Ended Schemes,Debt Scheme - Banking and PSU Fund,INF209KA12Z1,INF209KA13Z9,nav_119551_20260625.csv,147.9299,-0.7997000000000014,-0.5405938894030222
119551,2020-03-13,146.4248,Aditya Birla Sun Life Banking & PSU Debt Fund - DIRECT - IDCW,Aditya Birla Sun Life Mutual Fund,Open Ended Schemes,Debt Scheme - Banking and PSU Fund,INF209KA12Z1,INF209KA13Z9,nav_119551_20260625.csv,147.1302,-0.7053999999999974,-0.4794392993416697
119551,2020-03-16,146.3857,Aditya Birla Sun Life Banking & PSU Debt Fund - DIRECT - IDCW,Aditya Birla Sun Life Mutual Fund,Open Ended Schemes,Debt Scheme - Banking and PSU Fund,INF209KA12Z1,INF209KA13Z9,nav_119551_20260625.csv,146.4248,-0.0390999999999905,-0.0267031267927226
119551,2020-03-17,145.7796,Aditya Birla Sun Life Banking & PSU Debt Fund - DIRECT - IDCW,Aditya Birla Sun Life Mutual Fund,Open Ended Schemes,Debt Scheme - Banking and PSU Fund,INF209KA12Z1,INF209KA13Z9,nav_119551_20260625.csv,146.3857,-0.6061000000000263,-0.4140431749822736
119551,2020-03-18,145.1779,Aditya Birla Sun Life Banking & PSU Debt Fund - DIRECT - IDCW,Aditya Birla Sun Life Mutual Fund,Open Ended Schemes,Debt Scheme - Banking and PSU Fund,INF209KA12Z1,INF209KA13Z9,nav_119551_20260625.csv,145.7796,-0.6016999999999939,-0.4127463650606765
119551,2020-03-19,143.9765,Aditya Birla Sun Life Banking & PSU Debt Fund - DIRECT - IDCW,Aditya Birla Sun Life Mutual Fund,Open Ended Schemes,Debt Scheme - Banking and PSU Fund,INF209KA12Z1,INF209KA13Z9,nav_119551_20260625.csv,145.1779,-1.201400000000007,-0.8275364225546773
119551,2020-03-20,144.6272,Aditya Birla Sun Life Banking & PSU Debt Fund - DIRECT - IDCW,Aditya Birla Sun Life Mutual Fund,Open Ended Schemes,Debt Scheme - Banking and PSU Fund,INF209KA12Z1,INF209KA13Z9,nav_119551_20260625.csv,143.9765,0.6507000000000005,0.4519487555260758
119551,2020-03-23,143.7194,Aditya Birla Sun Life Banking & PSU Debt Fund - DIRECT - IDCW,Aditya Birla Sun Life Mutual Fund,Open Ended Schemes,Debt Scheme - Banking and PSU Fund,INF209KA12Z1,INF209KA13Z9,nav_119551_20260625.csv,144.6272,-0.9077999999999804,-0.6276827595362287
119551,2020-03-24,143.8304,Aditya Birla Sun Life Banking & PSU Debt Fund - DIRECT - IDCW,Aditya Birla Sun Life Mutual Fund,Open Ended Schemes,Debt Scheme - Banking and PSU Fund,INF209KA12Z1,INF209KA13Z9,nav_119551_20260625.csv,143.7194,0.11099999999999,0.0772338320365865
119551,2020-03-26,144.1796,Aditya Birla Sun Life Banking & PSU Debt Fund - DIRECT - IDCW,Aditya Birla Sun Life Mutual Fund,Open Ended Schemes,Debt Scheme - Banking and PSU Fund,INF209KA12Z1,INF209KA13Z9,nav_119551_20260625.csv,143.8304,0.3491999999999962,0.2427859478941838
119551,2020-03-27,147.851,Aditya Birla Sun Life Banking & PSU Debt Fund - DIRECT - IDCW,Aditya Birla Sun Life Mutual Fund,Open Ended Schemes,Debt Scheme - Banking and PSU Fund,INF209KA12Z1,INF209KA13Z9,nav_119551_20260625.csv,144.1796,3.6714000000000055,2.5464073974404187
119551,2020-03-30,147.6988,Aditya Birla Sun Life Banking & PSU Debt Fund - DIRECT - IDCW,Aditya Birla Sun Life Mutual Fund,Open Ended Schemes,Debt Scheme - Banking and PSU Fund,INF209KA12Z1,INF209KA13Z9,nav_119551_20260625.csv,147.851,-0.1521999999999934,-0.1029414748632024
119551,2020-03-31,148.1709,Aditya Birla Sun Life Banking & PSU Debt Fund - DIRECT - IDCW,Aditya Birla Sun Life Mutual Fund,Open Ended Schemes,Debt Scheme - Banking and PSU Fund,INF209KA12Z1,INF209KA13Z9,nav_119551_20260625.csv,147.6988,0.4720999999999833,0.3196369909572611
119551,2020-04-03,147.8815,Aditya Birla Sun Life Banking & PSU Debt Fund - DIRECT - IDCW,Aditya Birla Sun Life Mutual Fund,Open Ended Schemes,Debt Scheme - Banking and PSU Fund,INF209KA12Z1,INF209KA13Z9,nav_119551_20260625.csv,148.1709,-0.2894000000000005,-0.1953150044981846
119551,2020-04-07,147.1769,Aditya Birla Sun Life Banking & PSU Debt Fund - DIRECT - IDCW,Aditya Birla Sun Life Mutual Fund,Open Ended Schemes,Debt Scheme - Banking and PSU Fund,INF209KA12Z1,INF209KA13Z9,nav_119551_20260625.csv,147.8815,-0.7045999999999992,-0.4764625730737106
119551,2020-04-08,146.4112,Aditya Birla Sun Life Banking & PSU Debt Fund - DIRECT - IDCW,Aditya Birla Sun Life Mutual Fund,Open Ended Schemes,Debt Scheme - Banking and PSU Fund,INF209KA12Z1,INF209KA13Z9,nav_119551_20260625.csv,147.1769,-0.7656999999999812,-0.5202582742264453
119551,2020-04-09,146.4196,Aditya Birla Sun Life Banking & PSU Debt Fund - DIRECT - IDCW,Aditya Birla Sun Life Mutual Fund,Open Ended Schemes,Debt Scheme - Banking and PSU Fund,INF209KA12Z1,INF209KA13Z9,nav_119551_20260625.csv,146.4112,0.0083999999999946,0.0057372660015044
119551,2020-04-13,146.5785,Aditya Birla Sun Life Banking & PSU Debt Fund - DIRECT - IDCW,Aditya Birla Sun Life Mutual Fund,Open Ended Schemes,Debt Scheme - Banking and PSU Fund,INF209KA12Z1,INF209KA13Z9,nav_119551_20260625.csv,146.4196,0.1588999999999885,0.1085237222339007
119551,2020-04-15,146.8633,Aditya Birla Sun Life Banking & PSU Debt Fund - DIRECT - IDCW,Aditya Birla Sun Life Mutual Fund,Open Ended Schemes,Debt Scheme - Banking and PSU Fund,INF209KA12Z1,INF209KA13Z9,nav_119551_20260625.csv,146.5785,0.2848000000000183,0.1942986181466029
119551,2020-04-16,147.1239,Aditya Birla Sun Life Banking & PSU Debt Fund - DIRECT - IDCW,Aditya Birla Sun Life Mutual Fund,Open Ended Schemes,Debt Scheme - Banking and PSU Fund,INF209KA12Z1,INF209KA13Z9,nav_119551_20260625.csv,146.8633,0.2605999999999824,0.1774439223413762
119551,2020-04-17,147.947,Aditya Birla Sun Life Banking & PSU Debt Fund - DIRECT - IDCW,Aditya Birla Sun Life Mutual Fund,Open Ended Schemes,Debt Scheme - Banking and PSU Fund,INF209KA12Z1,INF209KA13Z9,nav_119551_20260625.csv,147.1239,0.8231000000000108,0.5594604275715984
119551,2020-04-20,148.7201,Aditya Birla Sun Life Banking & PSU Debt Fund - DIRECT - IDCW,Aditya Birla Sun Life Mutual Fund,Open Ended Schemes,Debt Scheme - Banking and PSU Fund,INF209KA12Z1,INF209KA13Z9,nav_119551_20260625.csv,147.947,0.7730999999999995,0.5225519949711717
119551,2020-04-21,149.0212,Aditya Birla Sun Life Banking & PSU Debt Fund - DIRECT - IDCW,Aditya Birla Sun Life Mutual Fund,Open Ended Schemes,Debt Scheme - Banking and PSU Fund,INF209KA12Z1,INF209KA13Z9,nav_119551_20260625.csv,148.7201,0.301099999999991,0.2024608644023175
119551,2020-04-22,149.0793,Aditya Birla Sun Life Banking & PSU Debt Fund - DIRECT - IDCW,Aditya Birla Sun Life Mutual Fund,Open Ended Schemes,Debt Scheme - Banking and PSU Fund,INF209KA12Z1,INF209KA13Z9,nav_119551_20260625.csv,149.0212,0.058099999999996,0.0389877413414977
119551,2020-04-23,149.5527,Aditya Birla Sun Life Banking & PSU Debt Fund - DIRECT - IDCW,Aditya Birla Sun Life Mutual Fund,Open Ended Schemes,Debt Scheme - Banking and PSU Fund,INF209KA12Z1,INF209KA13Z9,nav_119551_20260625.csv,149.0793,0.473399999999998,0.3175491164769341
119551,2020-04-24,148.6647,Aditya Birla Sun Life Banking & PSU Debt Fund - DIRECT - IDCW,Aditya Birla Sun Life Mutual Fund,Open Ended Schemes,Debt Scheme - Banking and PSU Fund,INF209KA12Z1,INF209KA13Z9,nav_119551_20260625.csv,149.5527,-0.8879999999999768,-0.5937706240007549
119551,2020-04-27,148.6922,Aditya Birla Sun Life Banking & PSU Debt Fund - DIRECT - IDCW,Aditya Birla Sun Life Mutual Fund,Open Ended Schemes,Debt Scheme - Banking and PSU Fund,INF209KA12Z1,INF209KA13Z9,nav_119551_20260625.csv,148.6647,0.0275000000000034,0.0184980025520539
119551,2020-04-28,148.5148,Aditya Birla Sun Life Banking & PSU Debt Fund - DIRECT - IDCW,Aditya Birla Sun Life Mutual Fund,Open Ended Schemes,Debt Scheme - Banking and PSU Fund,INF209KA12Z1,INF209KA13Z9,nav_119551_20260625.csv,148.6922,-0.1774000000000057,-0.1193068634400498
119551,2020-04-29,148.549,Aditya Birla Sun Life Banking & PSU Debt Fund - DIRECT - IDCW,Aditya Birla Sun Life Mutual Fund,Open Ended Schemes,Debt Scheme - Banking and PSU Fund,INF209KA12Z1,INF209KA13Z9,nav_119551_20260625.csv,148.5148,0.0341999999999984,0.0230280079830417
119551,2020-04-30,148.6556,Aditya Birla Sun Life Banking & PSU Debt Fund - DIRECT - IDCW,Aditya Birla Sun Life Mutual Fund,Open Ended Schemes,Debt Scheme - Banking and PSU Fund,INF209KA12Z1,INF209KA13Z9,nav_119551_20260625.csv,148.549,0.106599999999986,0.0717608331257605
119551,2020-05-04,149.0855,Aditya Birla Sun Life Banking & PSU Debt Fund - DIRECT - IDCW,Aditya Birla Sun Life Mutual Fund,Open Ended Schemes,Debt Scheme - Banking and PSU Fund,INF209KA12Z1,INF209KA13Z9,nav_119551_20260625.csv,148.6556,0.4299000000000035,0.289191930879162
119551,2020-05-05,149.4229,Aditya Birla Sun Life Banking & PSU Debt Fund - DIRECT - IDCW,Aditya Birla Sun Life Mutual Fund,Open Ended Schemes,Debt Scheme - Banking and PSU Fund,INF209KA12Z1,INF209KA13Z9,nav_119551_20260625.csv,149.0855,0.3374000000000023,0.2263130887980403
119551,2020-05-06,149.8549,Aditya Birla Sun Life Banking & PSU Debt Fund - DIRECT - IDCW,Aditya Birla Sun Life Mutual Fund,Open Ended Schemes,Debt Scheme - Banking and PSU Fund,INF209KA12Z1,INF209KA13Z9,nav_119551_20260625.csv,149.4229,0.4319999999999879,0.2891123114328446
119551,2020-05-08,150.1326,Aditya Birla Sun Life Banking & PSU Debt Fund - DIRECT - IDCW,Aditya Birla Sun Life Mutual Fund,Open Ended Schemes,Debt Scheme - Banking and PSU Fund,INF209KA12Z1,INF209KA13Z9,nav_119551_20260625.csv,149.8549,0.27770000000001,0.1853125923810366
119551,2020-05-11,149.6699,Aditya Birla Sun Life Banking & PSU Debt Fund - DIRECT - IDCW,Aditya Birla Sun Life Mutual Fund,Open Ended Schemes,Debt Scheme - Banking and PSU Fund,INF209KA12Z1,INF209KA13Z9,nav_119551_20260625.csv,150.1326,-0.4626999999999839,-0.3081942229735473
119551,2020-05-12,149.9687,Aditya Birla Sun Life Banking & PSU Debt Fund - DIRECT - IDCW,Aditya Birla Sun Life Mutual Fund,Open Ended Schemes,Debt Scheme - Banking and PSU Fund,INF209KA12Z1,INF209KA13Z9,nav_119551_20260625.csv,149.6699,0.2987999999999999,0.1996393396401012
119551,2020-05-13,150.1633,Aditya Birla Sun Life Banking & PSU Debt Fund - DIRECT - IDCW,Aditya Birla Sun Life Mutual Fund,Open Ended Schemes,Debt Scheme - Banking and PSU Fund,INF209KA12Z1,INF209KA13Z9,nav_119551_20260625.csv,149.9687,0.1945999999999799,0.129760410005541
119551,2020-05-14,150.5497,Aditya Birla Sun Life Banking & PSU Debt Fund - DIRECT - IDCW,Aditya Birla Sun Life Mutual Fund,Open Ended Schemes,Debt Scheme - Banking and PSU Fund,INF209KA12Z1,INF209KA13Z9,nav_119551_20260625.csv,150.1633,0.3864000000000089,0.257319864440918
119551,2020-05-15,150.5483,Aditya Birla Sun Life Banking & PSU Debt Fund - DIRECT - IDCW,Aditya Birla Sun Life Mutual Fund,Open Ended Schemes,Debt Scheme - Banking and PSU Fund,INF209KA12Z1,INF209KA13Z9,nav_119551_20260625.csv,150.5497,-0.0013999999999896,-0.0009299254664669
119551,2020-05-18,150.7375,Aditya Birla Sun Life Banking & PSU Debt Fund - DIRECT - IDCW,Aditya Birla Sun Life Mutual Fund,Open Ended Schemes,Debt Scheme - Banking and PSU Fund,INF209KA12Z1,INF209KA13Z9,nav_119551_20260625.csv,150.5483,0.1891999999999996,0.1256739531432766
119551,2020-05-19,150.8998,Aditya Birla Sun Life Banking & PSU Debt Fund - DIRECT - IDCW,Aditya Birla Sun Life Mutual Fund,Open Ended Schemes,Debt Scheme - Banking and PSU Fund,INF209KA12Z1,INF209KA13Z9,nav_119551_20260625.csv,150.7375,0.1622999999999876,0.1076706194543412
119551,2020-05-20,151.0347,Aditya Birla Sun Life Banking & PSU Debt Fund - DIRECT - IDCW,Aditya Birla Sun Life Mutual Fund,Open Ended Schemes,Debt Scheme - Banking and PSU Fund,INF209KA12Z1,INF209KA13Z9,nav_119551_20260625.csv,150.8998,0.1348999999999875,0.0893970701087659
119551,2020-05-21,151.1568,Aditya Birla Sun Life Banking & PSU Debt Fund - DIRECT - IDCW,Aditya Birla Sun Life Mutual Fund,Open Ended Schemes,Debt Scheme - Banking and PSU Fund,INF209KA12Z1,INF209KA13Z9,nav_119551_20260625.csv,151.0347,0.1221000000000174,0.0808423494733445
119551,2020-05-22,151.835,Aditya Birla Sun Life Banking & PSU Debt Fund - DIRECT - IDCW,Aditya Birla Sun Life Mutual Fund,Open Ended Schemes,Debt Scheme - Banking and PSU Fund,INF209KA12Z1,INF209KA13Z9,nav_119551_20260625.csv,151.1568,0.6782000000000039,0.4486731658780841
119551,2020-05-26,151.9123,Aditya Birla Sun Life Banking & PSU Debt Fund - DIRECT - IDCW,Aditya Birla Sun Life Mutual Fund,Open Ended Schemes,Debt Scheme - Banking and PSU Fund,INF209KA12Z1,INF209KA13Z9,nav_119551_20260625.csv,151.835,0.0772999999999797,0.0509105278756411
119551,2020-05-27,151.8831,Aditya Birla Sun Life Banking & PSU Debt Fund - DIRECT - IDCW,Aditya Birla Sun Life Mutual Fund,Open Ended Schemes,Debt Scheme - Banking and PSU Fund,INF209KA12Z1,INF209KA13Z9,nav_119551_20260625.csv,151.9123,-0.0291999999999745,-0.0192216166827666
119551,2020-05-28,151.8499,Aditya Birla Sun Life Banking & PSU Debt Fund - DIRECT - IDCW,Aditya Birla Sun Life Mutual Fund,Open Ended Schemes,Debt Scheme - Banking and PSU Fund,INF209KA12Z1,INF209KA13Z9,nav_119551_20260625.csv,151.8831,-0.0332000000000221,-0.0218589164956615
119551,2020-05-29,151.8458,Aditya Birla Sun Life Banking & PSU Debt Fund - DIRECT - IDCW,Aditya Birla Sun Life Mutual Fund,Open Ended Schemes,Debt Scheme - Banking and PSU Fund,INF209KA12Z1,INF209KA13Z9,nav_119551_20260625.csv,151.8499,-0.0040999999999939,-0.0027000347053201
119551,2020-06-01,151.7027,Aditya Birla Sun Life Banking & PSU Debt Fund - DIRECT - IDCW,Aditya Birla Sun Life Mutual Fund,Open Ended Schemes,Debt Scheme - Banking and PSU Fund,INF209KA12Z1,INF209KA13Z9,nav_119551_20260625.csv,151.8458,-0.143100000000004,-0.0942403411882343
119551,2020-06-02,151.5887,Aditya Birla Sun Life Banking & PSU Debt Fund - DIRECT - IDCW,Aditya Birla Sun Life Mutual Fund,Open Ended Schemes,Debt Scheme - Banking and PSU Fund,INF209KA12Z1,INF209KA13Z9,nav_119551_20260625.csv,151.7027,-0.1140000000000043,-0.0751469815632842
119551,2020-06-03,151.7291,Aditya Birla Sun Life Banking & PSU Debt Fund - DIRECT - IDCW,Aditya Birla Sun Life Mutual Fund,Open Ended Schemes,Debt Scheme - Banking and PSU Fund,INF209KA12Z1,INF209KA13Z9,nav_119551_20260625.csv,151.5887,0.1403999999999996,0.0926190408651829
119551,2020-06-04,151.7144,Aditya Birla Sun Life Banking & PSU Debt Fund - DIRECT - IDCW,Aditya Birla Sun Life Mutual Fund,Open Ended Schemes,Debt Scheme - Banking and PSU Fund,INF209KA12Z1,INF209KA13Z9,nav_119551_20260625.csv,151.7291,-0.0146999999999763,-0.0096883195115349
119551,2020-06-05,151.7947,Aditya Birla Sun Life Banking & PSU Debt Fund - DIRECT - IDCW,Aditya Birla Sun Life Mutual Fund,Open Ended Schemes,Debt Scheme - Banking and PSU Fund,INF209KA12Z1,INF209KA13Z9,nav_119551_20260625.csv,151.7144,0.080299999999994,0.0529283970407515
119551,2020-06-08,151.7545,Aditya Birla Sun Life Banking & PSU Debt Fund - DIRECT - IDCW,Aditya Birla Sun Life Mutual Fund,Open Ended Schemes,Debt Scheme - Banking and PSU Fund,INF209KA12Z1,INF209KA13Z9,nav_119551_20260625.csv,151.7947,-0.0401999999999986,-0.0264831380805777
119551,2020-06-09,151.8323,Aditya Birla Sun Life Banking & PSU Debt Fund - DIRECT - IDCW,Aditya Birla Sun Life Mutual Fund,Open Ended Schemes,Debt Scheme - Banking and PSU Fund,INF209KA12Z1,INF209KA13Z9,nav_119551_20260625.csv,151.7545,0.0777999999999963,0.0512670134987735
119551,2020-06-10,151.9285,Aditya Birla Sun Life Banking & PSU Debt Fund - DIRECT - IDCW,Aditya Birla Sun Life Mutual Fund,Open Ended Schemes,Debt Scheme - Banking and PSU Fund,INF209KA12Z1,INF209KA13Z9,nav_119551_20260625.csv,151.8323,0.0962000000000102,0.0633593774183821
119551,2020-06-11,152.0797,Aditya Birla Sun Life Banking & PSU Debt Fund - DIRECT - IDCW,Aditya Birla Sun Life Mutual Fund,Open Ended Schemes,Debt Scheme - Banking and PSU Fund,INF209KA12Z1,INF209KA13Z9,nav_119551_20260625.csv,151.9285,0.1511999999999886,0.0995204981290466
119551,2020-06-12,152.1202,Aditya Birla Sun Life Banking & PSU Debt Fund - DIRECT - IDCW,Aditya Birla Sun Life Mutual Fund,Open Ended Schemes,Debt Scheme - Banking and PSU Fund,INF209KA12Z1,INF209KA13Z9,nav_119551_20260625.csv,152.0797,0.0405000000000086,0.0266307732064231
119551,2020-06-15,152.2922,Aditya Birla Sun Life Banking & PSU Debt Fund - DIRECT - IDCW,Aditya Birla Sun Life Mutual Fund,Open Ended Schemes,Debt Scheme - Banking and PSU Fund,INF209KA12Z1,INF209KA13Z9,nav_119551_20260625.csv,152.1202,0.171999999999997,0.1130684813719657
119551,2020-06-16,152.463,Aditya Birla Sun Life Banking & PSU Debt Fund - DIRECT - IDCW,Aditya Birla Sun Life Mutual Fund,Open Ended Schemes,Debt Scheme - Banking and PSU Fund,INF209KA12Z1,INF209KA13Z9,nav_119551_20260625.csv,152.2922,0.1707999999999856,0.1121528220092595
119551,2020-06-17,152.6873,Aditya Birla Sun Life Banking & PSU Debt Fund - DIRECT - IDCW,Aditya Birla Sun Life Mutual Fund,Open Ended Schemes,Debt Scheme - Banking and PSU Fund,INF209KA12Z1,INF209KA13Z9,nav_119551_20260625.csv,152.463,0.2242999999999995,0.147117661334225
119551,2020-06-18,152.9942,Aditya Birla Sun Life Banking & PSU Debt Fund - DIRECT - IDCW,Aditya Birla Sun Life Mutual Fund,Open Ended Schemes,Debt Scheme - Banking and PSU Fund,INF209KA12Z1,INF209KA13Z9,nav_119551_20260625.csv,152.6873,0.306900000000013,0.2009990352832312
119551,2020-06-19,153.2792,Aditya Birla Sun Life Banking & PSU Debt Fund - DIRECT - IDCW,Aditya Birla Sun Life Mutual Fund,Open Ended Schemes,Debt Scheme - Banking and PSU Fund,INF209KA12Z1,INF209KA13Z9,nav_119551_20260625.csv,152.9942,0.2849999999999966,0.1862815714582621
119551,2020-06-22,153.438,Aditya Birla Sun Life Banking & PSU Debt Fund - DIRECT - IDCW,Aditya Birla Sun Life Mutual Fund,Open Ended Schemes,Debt Scheme - Banking and PSU Fund,INF209KA12Z1,INF209KA13Z9,nav_119551_20260625.csv,153.2792,0.1587999999999851,0.1036017933287655
119551,2020-06-23,153.6661,Aditya Birla Sun Life Banking & PSU Debt Fund - DIRECT - IDCW,Aditya Birla Sun Life Mutual Fund,Open Ended Schemes,Debt Scheme - Banking and PSU Fund,INF209KA12Z1,INF209KA13Z9,nav_119551_20260625.csv,153.438,0.2281000000000119,0.14865939337062
119551,2020-06-24,153.6871,Aditya Birla Sun Life Banking & PSU Debt Fund - DIRECT - IDCW,Aditya Birla Sun Life Mutual Fund,Open Ended Schemes,Debt Scheme - Banking and PSU Fund,INF209KA12Z1,INF209KA13Z9,nav_119551_20260625.csv,153.6661,0.0209999999999865,0.0136659939960645
119551,2020-06-25,153.8658,Aditya Birla Sun Life Banking & PSU Debt Fund - DIRECT - IDCW,Aditya Birla Sun Life Mutual Fund,Open Ended Schemes,Debt Scheme - Banking and PSU Fund,INF209KA12Z1,INF209KA13Z9,nav_119551_20260625.csv,153.6871,0.1787000000000205,0.116275211127037
119551,2020-06-26,154.0384,Aditya Birla Sun Life Banking & PSU Debt Fund - DIRECT - IDCW,Aditya Birla Sun Life Mutual Fund,Open Ended Schemes,Debt Scheme - Banking and PSU Fund,INF209KA12Z1,INF209KA13Z9,nav_119551_20260625.csv,153.8658,0.1725999999999885,0.1121756751662738
119551,2020-06-29,154.1954,Aditya Birla Sun Life Banking & PSU Debt Fund - DIRECT - IDCW,Aditya Birla Sun Life Mutual Fund,Open Ended Schemes,Debt Scheme - Banking and PSU Fund,INF209KA12Z1,INF209KA13Z9,nav_119551_20260625.csv,154.0384,0.1570000000000107,0.1019226374722216
119551,2020-06-30,154.3407,Aditya Birla Sun Life Banking & PSU Debt Fund - DIRECT - IDCW,Aditya Birla Sun Life Mutual Fund,Open Ended Schemes,Debt Scheme - Banking and PSU Fund,INF209KA12Z1,INF209KA13Z9,nav_119551_20260625.csv,154.1954,0.1452999999999917,0.0942310860116396
119551,2020-07-01,154.4707,Aditya Birla Sun Life Banking & PSU Debt Fund - DIRECT - IDCW,Aditya Birla Sun Life Mutual Fund,Open Ended Schemes,Debt Scheme - Banking and PSU Fund,INF209KA12Z1,INF209KA13Z9,nav_119551_20260625.csv,154.3407,0.1299999999999954,0.0842292408936822
119551,2020-07-02,154.6381,Aditya Birla Sun Life Banking & PSU Debt Fund - DIRECT - IDCW,Aditya Birla Sun Life Mutual Fund,Open Ended Schemes,Debt Scheme - Banking and PSU Fund,INF209KA12Z1,INF209KA13Z9,nav_119551_20260625.csv,154.4707,0.1674000000000148,0.1083700662973721
119551,2020-07-03,154.7628,Aditya Birla Sun Life Banking & PSU Debt Fund - DIRECT - IDCW,Aditya Birla Sun Life Mutual Fund,Open Ended Schemes,Debt Scheme - Banking and PSU Fund,INF209KA12Z1,INF209KA13Z9,nav_119551_20260625.csv,154.6381,0.12469999999999,0.0806398940493901
119551,2020-07-06,154.9799,Aditya Birla Sun Life Banking & PSU Debt Fund - DIRECT - IDCW,Aditya Birla Sun Life Mutual Fund,Open Ended Schemes,Debt Scheme - Banking and PSU Fund,INF209KA12Z1,INF209KA13Z9,nav_119551_20260625.csv,154.7628,0.2170999999999878,0.14027918853884
119551,2020-07-07,155.2208,Aditya Birla Sun Life Banking & PSU Debt Fund - DIRECT - IDCW,Aditya Birla Sun Life Mutual Fund,Open Ended Schemes,Debt Scheme - Banking and PSU Fund,INF209KA12Z1,INF209KA13Z9,nav_119551_20260625.csv,154.9799,0.2409000000000105,0.1554395118334768
119551,2020-07-08,155.4959,Aditya Birla Sun Life Banking & PSU Debt Fund - DIRECT - IDCW,Aditya Birla Sun Life Mutual Fund,Open Ended Schemes,Debt Scheme - Banking and PSU Fund,INF209KA12Z1,INF209KA13Z9,nav_119551_20260625.csv,155.2208,0.275100000000009,0.1772314019770604
119551,2020-07-09,155.6112,Aditya Birla Sun Life Banking & PSU Debt Fund - DIRECT - IDCW,Aditya Birla Sun Life Mutual Fund,Open Ended Schemes,Debt Scheme - Banking and PSU Fund,INF209KA12Z1,INF209KA13Z9,nav_119551_20260625.csv,155.4959,0.1152999999999906,0.0741498650446671
119551,2020-07-10,155.929,Aditya Birla Sun Life Banking & PSU Debt Fund - DIRECT - IDCW,Aditya Birla Sun Life Mutual Fund,Open Ended Schemes,Debt Scheme - Banking and PSU Fund,INF209KA12Z1,INF209KA13Z9,nav_119551_20260625.csv,155.6112,0.3178000000000054,0.2042269451042119
119551,2020-07-13,156.0307,Aditya Birla Sun Life Banking & PSU Debt Fund - DIRECT - IDCW,Aditya Birla Sun Life Mutual Fund,Open Ended Schemes,Debt Scheme - Banking and PSU Fund,INF209KA12Z1,INF209KA13Z9,nav_119551_20260625.csv,155.929,0.1016999999999939,0.0652219920604851
119551,2020-07-14,155.9369,Aditya Birla Sun Life Banking & PSU Debt Fund - DIRECT - IDCW,Aditya Birla Sun Life Mutual Fund,Open Ended Schemes,Debt Scheme - Banking and PSU Fund,INF209KA12Z1,INF209KA13Z9,nav_119551_20260625.csv,156.0307,-0.0937999999999874,-0.0601163745339779
119551,2020-07-15,156.1332,Aditya Birla Sun Life Banking & PSU Debt Fund - DIRECT - IDCW,Aditya Birla Sun Life Mutual Fund,Open Ended Schemes,Debt Scheme - Banking and PSU Fund,INF209KA12Z1,INF209KA13Z9,nav_119551_20260625.csv,155.9369,0.1962999999999795,0.1258842518993128
119551,2020-07-16,156.1683,Aditya Birla Sun Life Banking & PSU Debt Fund - DIRECT - IDCW,Aditya Birla Sun Life Mutual Fund,Open Ended Schemes,Debt Scheme - Banking and PSU Fund,INF209KA12Z1,INF209KA13Z9,nav_119551_20260625.csv,156.1332,0.0350999999999999,0.0224808048512423
119551,2020-07-17,156.2261,Aditya Birla Sun Life Banking & PSU Debt Fund - DIRECT - IDCW,Aditya Birla Sun Life Mutual Fund,Open Ended Schemes,Debt Scheme - Banking and PSU Fund,INF209KA12Z1,INF209KA13Z9,nav_119551_20260625.csv,156.1683,0.0578000000000145,0.0370113524960023
119551,2020-07-20,156.312,Aditya Birla Sun Life Banking & PSU Debt Fund - DIRECT - IDCW,Aditya Birla Sun Life Mutual Fund,Open Ended Schemes,Debt Scheme - Banking and PSU Fund,INF209KA12Z1,INF209KA13Z9,nav_119551_20260625.csv,156.2261,0.0859000000000094,0.0549844104154231
119551,2020-07-21,156.218,Aditya Birla Sun Life Banking & PSU Debt Fund - DIRECT - IDCW,Aditya Birla Sun Life Mutual Fund,Open Ended Schemes,Debt Scheme - Banking and PSU Fund,INF209KA12Z1,INF209KA13Z9,nav_119551_20260625.csv,156.312,-0.0940000000000225,-0.0601361379804637
119551,2020-07-22,156.1462,Aditya Birla Sun Life Banking & PSU Debt Fund - DIRECT - IDCW,Aditya Birla Sun Life Mutual Fund,Open Ended Schemes,Debt Scheme - Banking and PSU Fund,INF209KA12Z1,INF209KA13Z9,nav_119551_20260625.csv,156.218,-0.071799999999996,-0.0459614128973588
119551,2020-07-23,156.2261,Aditya Birla Sun Life Banking & PSU Debt Fund - DIRECT - IDCW,Aditya Birla Sun Life Mutual Fund,Open Ended Schemes,Debt Scheme - Banking and PSU Fund,INF209KA12Z1,INF209KA13Z9,nav_119551_20260625.csv,156.1462,0.0799000000000091,0.0511699932499216
119551,2020-07-24,156.2363,Aditya Birla Sun Life Banking & PSU Debt Fund - DIRECT - IDCW,Aditya Birla Sun Life Mutual Fund,Open Ended Schemes,Debt Scheme - Banking and PSU Fund,INF209KA12Z1,INF209KA13Z9,nav_119551_20260625.csv,156.2261,0.0101999999999975,0.0065289986756358
119551,2020-07-27,156.1419,Aditya Birla Sun Life Banking & PSU Debt Fund - DIRECT - IDCW,Aditya Birla Sun Life Mutual Fund,Open Ended Schemes,Debt Scheme - Banking and PSU Fund,INF209KA12Z1,INF209KA13Z9,nav_119551_20260625.csv,156.2363,-0.0944000000000073,-0.0604212977393905
119551,2020-07-28,156.0234,Aditya Birla Sun Life Banking & PSU Debt Fund - DIRECT - IDCW,Aditya Birla Sun Life Mutual Fund,Open Ended Schemes,Debt Scheme - Banking and PSU Fund,INF209KA12Z1,INF209KA13Z9,nav_119551_20260625.csv,156.1419,-0.1184999999999831,-0.0758925054709742
119551,2020-07-29,156.0698,Aditya Birla Sun Life Banking & PSU Debt Fund - DIRECT - IDCW,Aditya Birla Sun Life Mutual Fund,Open Ended Schemes,Debt Scheme - Banking and PSU Fund,INF209KA12Z1,INF209KA13Z9,nav_119551_20260625.csv,156.0234,0.0463999999999771,0.0297391288742439
119551,2020-07-30,156.1385,Aditya Birla Sun Life Banking & PSU Debt Fund - DIRECT - IDCW,Aditya Birla Sun Life Mutual Fund,Open Ended Schemes,Debt Scheme - Banking and PSU Fund,INF209KA12Z1,INF209KA13Z9,nav_119551_20260625.csv,156.0698,0.0687000000000068,0.0440187659624135
119551,2020-07-31,156.2908,Aditya Birla Sun Life Banking & PSU Debt Fund - DIRECT - IDCW,Aditya Birla Sun Life Mutual Fund,Open Ended Schemes,Debt Scheme - Banking and PSU Fund,INF209KA12Z1,INF209KA13Z9,nav_119551_20260625.csv,156.1385,0.1522999999999967,0.0975416056898181
119551,2020-08-03,156.3569,Aditya Birla Sun Life Banking & PSU Debt Fund - DIRECT - IDCW,Aditya Birla Sun Life Mutual Fund,Open Ended Schemes,Debt Scheme - Banking and PSU Fund,INF209KA12Z1,INF209KA13Z9,nav_119551_20260625.csv,156.2908,0.0661000000000058,0.042292956463212
119551,2020-08-04,156.4151,Aditya Birla Sun Life Banking & PSU Debt Fund - DIRECT - IDCW,Aditya Birla Sun Life Mutual Fund,Open Ended Schemes,Debt Scheme - Banking and PSU Fund,INF209KA12Z1,INF209KA13Z9,nav_119551_20260625.csv,156.3569,0.0581999999999993,0.0372225338312536
119551,2020-08-05,156.4515,Aditya Birla Sun Life Banking & PSU Debt Fund - DIRECT - IDCW,Aditya Birla Sun Life Mutual Fund,Open Ended Schemes,Debt Scheme - Banking and PSU Fund,INF209KA12Z1,INF209KA13Z9,nav_119551_20260625.csv,156.4151,0.0364000000000146,0.023271410496822
119551,2020-08-06,156.273,Aditya Birla Sun Life Banking & PSU Debt Fund - DIRECT - IDCW,Aditya Birla Sun Life Mutual Fund,Open Ended Schemes,Debt Scheme - Banking and PSU Fund,INF209KA12Z1,INF209KA13Z9,nav_119551_20260625.csv,156.4515,-0.1785000000000138,-0.1140928658402213
119551,2020-08-07,156.1963,Aditya Birla Sun Life Banking & PSU Debt Fund - DIRECT - IDCW,Aditya Birla Sun Life Mutual Fund,Open Ended Schemes,Debt Scheme - Banking and PSU Fund,INF209KA12Z1,INF209KA13Z9,nav_119551_20260625.csv,156.273,-0.0766999999999882,-0.0490807753098668
119551,2020-08-10,156.1579,Aditya Birla Sun Life Banking & PSU Debt Fund - DIRECT - IDCW,Aditya Birla Sun Life Mutual Fund,Open Ended Schemes,Debt Scheme - Banking and PSU Fund,INF209KA12Z1,INF209KA13Z9,nav_119551_20260625.csv,156.1963,-0.0383999999999957,-0.0245844491834926
119551,2020-08-11,156.1703,Aditya Birla Sun Life Banking & PSU Debt Fund - DIRECT - IDCW,Aditya Birla Sun Life Mutual Fund,Open Ended Schemes,Debt Scheme - Banking and PSU Fund,INF209KA12Z1,INF209KA13Z9,nav_119551_20260625.csv,156.1579,0.0123999999999853,0.0079406805547367
119551,2020-08-12,156.1023,Aditya Birla Sun Life Banking & PSU Debt Fund - DIRECT - IDCW,Aditya Birla Sun Life Mutual Fund,Open Ended Schemes,Debt Scheme - Banking and PSU Fund,INF209KA12Z1,INF209KA13Z9,nav_119551_20260625.csv,156.1703,-0.0679999999999836,-0.0435422100104716
119551,2020-08-13,156.2204,Aditya Birla Sun Life Banking & PSU Debt Fund - DIRECT - IDCW,Aditya Birla Sun Life Mutual Fund,Open Ended Schemes,Debt Scheme - Banking and PSU Fund,INF209KA12Z1,INF209KA13Z9,nav_119551_20260625.csv,156.1023,0.1180999999999983,0.0756555156458286
119551,2020-08-14,156.1109,Aditya Birla Sun Life Banking & PSU Debt Fund - DIRECT - IDCW,Aditya Birla Sun Life Mutual Fund,Open Ended Schemes,Debt Scheme - Banking and PSU Fund,INF209KA12Z1,INF209KA13Z9,nav_119551_20260625.csv,156.2204,-0.1095000000000254,-0.0700932784706897
119551,2020-08-17,156.1178,Aditya Birla Sun Life Banking & PSU Debt Fund - DIRECT - IDCW,Aditya Birla Sun Life Mutual Fund,Open Ended Schemes,Debt Scheme - Banking and PSU Fund,INF209KA12Z1,INF209KA13Z9,nav_119551_20260625.csv,156.1109,0.0069000000000016,0.0044199348027598
119551,2020-08-18,156.0848,Aditya Birla Sun Life Banking & PSU Debt Fund - DIRECT - IDCW,Aditya Birla Sun Life Mutual Fund,Open Ended Schemes,Debt Scheme - Banking and PSU Fund,INF209KA12Z1,INF209KA13Z9,nav_119551_20260625.csv,156.1178,-0.032999999999987,-0.021137884341175
119551,2020-08-19,156.0408,Aditya Birla Sun Life Banking & PSU Debt Fund - DIRECT - IDCW,Aditya Birla Sun Life Mutual Fund,Open Ended Schemes,Debt Scheme - Banking and PSU Fund,INF209KA12Z1,INF209KA13Z9,nav_119551_20260625.csv,156.0848,-0.0440000000000111,-0.0281898045165263
119551,2020-08-20,156.1183,Aditya Birla Sun Life Banking & PSU Debt Fund - DIRECT - IDCW,Aditya Birla Sun Life Mutual Fund,Open Ended Schemes,Debt Scheme - Banking and PSU Fund,INF209KA12Z1,INF209KA13Z9,nav_119551_20260625.csv,156.0408,0.0775000000000147,0.0496664974801556
119551,2020-08-21,155.6426,Aditya Birla Sun Life Banking & PSU Debt Fund - DIRECT - IDCW,Aditya Birla Sun Life Mutual Fund,Open Ended Schemes,Debt Scheme - Banking and PSU Fund,INF209KA12Z1,INF209KA13Z9,nav_119551_20260625.csv,156.1183,-0.4757000000000175,-0.3047048296067902
119551,2020-08-24,155.3393,Aditya Birla Sun Life Banking & PSU Debt Fund - DIRECT - IDCW,Aditya Birla Sun Life Mutual Fund,Open Ended Schemes,Debt Scheme - Banking and PSU Fund,INF209KA12Z1,INF209KA13Z9,nav_119551_20260625.csv,155.6426,-0.3032999999999788,-0.1948695280083851
119551,2020-08-25,155.4841,Aditya Birla Sun Life Banking & PSU Debt Fund - DIRECT - IDCW,Aditya Birla Sun Life Mutual Fund,Open Ended Schemes,Debt Scheme - Banking and PSU Fund,INF209KA12Z1,INF209KA13Z9,nav_119551_20260625.csv,155.3393,0.1448000000000036,0.0932153035323344
119551,2020-08-26,155.3989,Aditya Birla Sun Life Banking & PSU Debt Fund - DIRECT - IDCW,Aditya Birla Sun Life Mutual Fund,Open Ended Schemes,Debt Scheme - Banking and PSU Fund,INF209KA12Z1,INF209KA13Z9,nav_119551_20260625.csv,155.4841,-0.0852000000000146,-0.0547965997809516
119551,2020-08-27,155.293,Aditya Birla Sun Life Banking & PSU Debt Fund - DIRECT - IDCW,Aditya Birla Sun Life Mutual Fund,Open Ended Schemes,Debt Scheme - Banking and PSU Fund,INF209KA12Z1,INF209KA13Z9,nav_119551_20260625.csv,155.3989,-0.1058999999999912,-0.0681472005271538
119551,2020-08-28,155.1542,Aditya Birla Sun Life Banking & PSU Debt Fund - DIRECT - IDCW,Aditya Birla Sun Life Mutual Fund,Open Ended Schemes,Debt Scheme - Banking and PSU Fund,INF209KA12Z1,INF209KA13Z9,nav_119551_20260625.csv,155.293,-0.1388000000000033,-0.0893794311398474
119551,2020-08-31,155.7972,Aditya Birla Sun Life Banking & PSU Debt Fund - DIRECT - IDCW,Aditya Birla Sun Life Mutual Fund,Open Ended Schemes,Debt Scheme - Banking and PSU Fund,INF209KA12Z1,INF209KA13Z9,nav_119551_20260625.csv,155.1542,0.6430000000000007,0.4144264222302719
119551,2020-09-01,156.4621,Aditya Birla Sun Life Banking & PSU Debt Fund - DIRECT - IDCW,Aditya Birla Sun Life Mutual Fund,Open Ended Schemes,Debt Scheme - Banking and PSU Fund,INF209KA12Z1,INF209KA13Z9,nav_119551_20260625.csv,155.7972,0.6648999999999887,0.4267727532972279
119551,2020-09-02,156.5163,Aditya Birla Sun Life Banking & PSU Debt Fund - DIRECT - IDCW,Aditya Birla Sun Life Mutual Fund,Open Ended Schemes,Debt Scheme - Banking and PSU Fund,INF209KA12Z1,INF209KA13Z9,nav_119551_20260625.csv,156.4621,0.0542000000000086,0.0346409769522515
119551,2020-09-03,156.7417,Aditya Birla Sun Life Banking & PSU Debt Fund - DIRECT - IDCW,Aditya Birla Sun Life Mutual Fund,Open Ended Schemes,Debt Scheme - Banking and PSU Fund,INF209KA12Z1,INF209KA13Z9,nav_119551_20260625.csv,156.5163,0.2254000000000076,0.1440105599225177
119551,2020-09-04,156.774,Aditya Birla Sun Life Banking & PSU Debt Fund - DIRECT - IDCW,Aditya Birla Sun Life Mutual Fund,Open Ended Schemes,Debt Scheme - Banking and PSU Fund,INF209KA12Z1,INF209KA13Z9,nav_119551_20260625.csv,156.7417,0.0322999999999922,0.0206071517662448
119551,2020-09-07,156.5535,Aditya Birla Sun Life Banking & PSU Debt Fund - DIRECT - IDCW,Aditya Birla Sun Life Mutual Fund,Open Ended Schemes,Debt Scheme - Banking and PSU Fund,INF209KA12Z1,INF209KA13Z9,nav_119551_20260625.csv,156.774,-0.220499999999987,-0.1406483217880433
119551,2020-09-08,156.1916,Aditya Birla Sun Life Banking & PSU Debt Fund - DIRECT - IDCW,Aditya Birla Sun Life Mutual Fund,Open Ended Schemes,Debt Scheme - Banking and PSU Fund,INF209KA12Z1,INF209KA13Z9,nav_119551_20260625.csv,156.5535,-0.3619000000000199,-0.2311669812556217
119551,2020-09-09,156.2123,Aditya Birla Sun Life Banking & PSU Debt Fund - DIRECT - IDCW,Aditya Birla Sun Life Mutual Fund,Open Ended Schemes,Debt Scheme - Banking and PSU Fund,INF209KA12Z1,INF209KA13Z9,nav_119551_20260625.csv,156.1916,0.020700000000005,0.0132529534238749
119551,2020-09-10,156.1513,Aditya Birla Sun Life Banking & PSU Debt Fund - DIRECT - IDCW,Aditya Birla Sun Life Mutual Fund,Open Ended Schemes,Debt Scheme - Banking and PSU Fund,INF209KA12Z1,INF209KA13Z9,nav_119551_20260625.csv,156.2123,-0.061000000000007,-0.0390494218445071
119551,2020-09-11,156.1152,Aditya Birla Sun Life Banking & PSU Debt Fund - DIRECT - IDCW,Aditya Birla Sun Life Mutual Fund,Open Ended Schemes,Debt Scheme - Banking and PSU Fund,INF209KA12Z1,INF209KA13Z9,nav_119551_20260625.csv,156.1513,-0.0361000000000046,-0.0231186035594994
119551,2020-09-14,156.1284,Aditya Birla Sun Life Banking & PSU Debt Fund - DIRECT - IDCW,Aditya Birla Sun Life Mutual Fund,Open Ended Schemes,Debt Scheme - Banking and PSU Fund,INF209KA12Z1,INF209KA13Z9,nav_119551_20260625.csv,156.1152,0.0132000000000118,0.0084552945517232
119551,2020-09-15,156.0004,Aditya Birla Sun Life Banking & PSU Debt Fund - DIRECT - IDCW,Aditya Birla Sun Life Mutual Fund,Open Ended Schemes,Debt Scheme - Banking and PSU Fund,INF209KA12Z1,INF209KA13Z9,nav_119551_20260625.csv,156.1284,-0.1279999999999859,-0.0819838030748959
119551,2020-09-16,156.1146,Aditya Birla Sun Life Banking & PSU Debt Fund - DIRECT - IDCW,Aditya Birla Sun Life Mutual Fund,Open Ended Schemes,Debt Scheme - Banking and PSU Fund,INF209KA12Z1,INF209KA13Z9,nav_119551_20260625.csv,156.0004,0.1141999999999825,0.0732049405001413
119551,2020-09-17,156.1649,Aditya Birla Sun Life Banking & PSU Debt Fund - DIRECT - IDCW,Aditya Birla Sun Life Mutual Fund,Open Ended Schemes,Debt Scheme - Banking and PSU Fund,INF209KA12Z1,INF209KA13Z9,nav_119551_20260625.csv,156.1146,0.0502999999999929,0.032219920494299
119551,2020-09-18,156.2039,Aditya Birla Sun Life Banking & PSU Debt Fund - DIRECT - IDCW,Aditya Birla Sun Life Mutual Fund,Open Ended Schemes,Debt Scheme - Banking and PSU Fund,INF209KA12Z1,INF209KA13Z9,nav_119551_20260625.csv,156.1649,0.0390000000000156,0.0249736016223976
119551,2020-09-21,156.2995,Aditya Birla Sun Life Banking & PSU Debt Fund - DIRECT - IDCW,Aditya Birla Sun Life Mutual Fund,Open Ended Schemes,Debt Scheme - Banking and PSU Fund,INF209KA12Z1,INF209KA13Z9,nav_119551_20260625.csv,156.2039,0.0955999999999903,0.0612020570549073
119551,2020-09-22,156.3459,Aditya Birla Sun Life Banking & PSU Debt Fund - DIRECT - IDCW,Aditya Birla Sun Life Mutual Fund,Open Ended Schemes,Debt Scheme - Banking and PSU Fund,INF209KA12Z1,INF209KA13Z9,nav_119551_20260625.csv,156.2995,0.0464000000000055,0.0296865952866167
119551,2020-09-23,156.4026,Aditya Birla Sun Life Banking & PSU Debt Fund - DIRECT - IDCW,Aditya Birla Sun Life Mutual Fund,Open Ended Schemes,Debt Scheme - Banking and PSU Fund,INF209KA12Z1,INF209KA13Z9,nav_119551_20260625.csv,156.3459,0.0567000000000064,0.0362657415384774
119551,2020-09-24,156.37,Aditya Birla Sun Life Banking & PSU Debt Fund - DIRECT - IDCW,Aditya Birla Sun Life Mutual Fund,Open Ended Schemes,Debt Scheme - Banking and PSU Fund,INF209KA12Z1,INF209KA13Z9,nav_119551_20260625.csv,156.4026,-0.0326000000000021,-0.0208436432642438
119551,2020-09-25,156.3293,Aditya Birla Sun Life Banking & PSU Debt Fund - DIRECT - IDCW,Aditya Birla Sun Life Mutual Fund,Open Ended Schemes,Debt Scheme - Banking and PSU Fund,INF209KA12Z1,INF209KA13Z9,nav_119551_20260625.csv,156.37,-0.0407000000000152,-0.026028010487955
119551,2020-09-28,156.3511,Aditya Birla Sun Life Banking & PSU Debt Fund - DIRECT - IDCW,Aditya Birla Sun Life Mutual Fund,Open Ended Schemes,Debt Scheme - Banking and PSU Fund,INF209KA12Z1,INF209KA13Z9,nav_119551_20260625.csv,156.3293,0.0218000000000131,0.0139449226728534
119551,2020-09-29,156.3187,Aditya Birla Sun Life Banking & PSU Debt Fund - DIRECT - IDCW,Aditya Birla Sun Life Mutual Fund,Open Ended Schemes,Debt Scheme - Banking and PSU Fund,INF209KA12Z1,INF209KA13Z9,nav_119551_20260625.csv,156.3511,-0.0323999999999955,-0.0207225916542931
119551,2020-09-30,156.4483,Aditya Birla Sun Life Banking & PSU Debt Fund - DIRECT - IDCW,Aditya Birla Sun Life Mutual Fund,Open Ended Schemes,Debt Scheme - Banking and PSU Fund,INF209KA12Z1,INF209KA13Z9,nav_119551_20260625.csv,156.3187,0.1295999999999821,0.0829075472096314
119551,2020-10-01,156.6388,Aditya Birla Sun Life Banking & PSU Debt Fund - DIRECT - IDCW,Aditya Birla Sun Life Mutual Fund,Open Ended Schemes,Debt Scheme - Banking and PSU Fund,INF209KA12Z1,INF209KA13Z9,nav_119551_20260625.csv,156.4483,0.1905000000000143,0.1217654650130518
119551,2020-10-05,156.763,Aditya Birla Sun Life Banking & PSU Debt Fund - DIRECT - IDCW,Aditya Birla Sun Life Mutual Fund,Open Ended Schemes,Debt Scheme - Banking and PSU Fund,INF209KA12Z1,INF209KA13Z9,nav_119551_20260625.csv,156.6388,0.1242000000000018,0.0792906993669524
119551,2020-10-06,156.8394,Aditya Birla Sun Life Banking & PSU Debt Fund - DIRECT - IDCW,Aditya Birla Sun Life Mutual Fund,Open Ended Schemes,Debt Scheme - Banking and PSU Fund,INF209KA12Z1,INF209KA13Z9,nav_119551_20260625.csv,156.763,0.0764000000000066,0.048735989997644
119551,2020-10-07,156.9459,Aditya Birla Sun Life Banking & PSU Debt Fund - DIRECT - IDCW,Aditya Birla Sun Life Mutual Fund,Open Ended Schemes,Debt Scheme - Banking and PSU Fund,INF209KA12Z1,INF209KA13Z9,nav_119551_20260625.csv,156.8394,0.1064999999999827,0.0679038557913271
119551,2020-10-08,157.086,Aditya Birla Sun Life Banking & PSU Debt Fund - DIRECT - IDCW,Aditya Birla Sun Life Mutual Fund,Open Ended Schemes,Debt Scheme - Banking and PSU Fund,INF209KA12Z1,INF209KA13Z9,nav_119551_20260625.csv,156.9459,0.1401000000000181,0.0892664287503006
119551,2020-10-09,157.7498,Aditya Birla Sun Life Banking & PSU Debt Fund - DIRECT - IDCW,Aditya Birla Sun Life Mutual Fund,Open Ended Schemes,Debt Scheme - Banking and PSU Fund,INF209KA12Z1,INF209KA13Z9,nav_119551_20260625.csv,157.086,0.6637999999999806,0.4225710757164741
119551,2020-10-12,157.882,Aditya Birla Sun Life Banking & PSU Debt Fund - DIRECT - IDCW,Aditya Birla Sun Life Mutual Fund,Open Ended Schemes,Debt Scheme - Banking and PSU Fund,INF209KA12Z1,INF209KA13Z9,nav_119551_20260625.csv,157.7498,0.1322000000000116,0.083803592777938
119551,2020-10-13,158.0762,Aditya Birla Sun Life Banking & PSU Debt Fund - DIRECT - IDCW,Aditya Birla Sun Life Mutual Fund,Open Ended Schemes,Debt Scheme - Banking and PSU Fund,INF209KA12Z1,INF209KA13Z9,nav_119551_20260625.csv,157.882,0.194199999999995,0.1230032555959482
119551,2020-10-14,158.1982,Aditya Birla Sun Life Banking & PSU Debt Fund - DIRECT - IDCW,Aditya Birla Sun Life Mutual Fund,Open Ended Schemes,Debt Scheme - Banking and PSU Fund,INF209KA12Z1,INF209KA13Z9,nav_119551_20260625.csv,158.0762,0.1220000000000141,0.0771779685999626
119551,2020-10-15,158.3381,Aditya Birla Sun Life Banking & PSU Debt Fund - DIRECT - IDCW,Aditya Birla Sun Life Mutual Fund,Open Ended Schemes,Debt Scheme - Banking and PSU Fund,INF209KA12Z1,INF209KA13Z9,nav_119551_20260625.csv,158.1982,0.139899999999983,0.0884333702911809
119551,2020-10-16,158.3327,Aditya Birla Sun Life Banking & PSU Debt Fund - DIRECT - IDCW,Aditya Birla Sun Life Mutual Fund,Open Ended Schemes,Debt Scheme - Banking and PSU Fund,INF209KA12Z1,INF209KA13Z9,nav_119551_20260625.csv,158.3381,-0.0054000000000087,-0.0034104236440937
119551,2020-10-19,158.4601,Aditya Birla Sun Life Banking & PSU Debt Fund - DIRECT - IDCW,Aditya Birla Sun Life Mutual Fund,Open Ended Schemes,Debt Scheme - Banking and PSU Fund,INF209KA12Z1,INF209KA13Z9,nav_119551_20260625.csv,158.3327,0.1274000000000228,0.0804634797486702
119551,2020-10-20,158.5896,Aditya Birla Sun Life Banking & PSU Debt Fund - DIRECT - IDCW,Aditya Birla Sun Life Mutual Fund,Open Ended Schemes,Debt Scheme - Banking and PSU Fund,INF209KA12Z1,INF209KA13Z9,nav_119551_20260625.csv,158.4601,0.1294999999999788,0.0817240428347444
119551,2020-10-21,158.5983,Aditya Birla Sun Life Banking & PSU Debt Fund - DIRECT - IDCW,Aditya Birla Sun Life Mutual Fund,Open Ended Schemes,Debt Scheme - Banking and PSU Fund,INF209KA12Z1,INF209KA13Z9,nav_119551_20260625.csv,158.5896,0.0087000000000045,0.0054858578368345
119551,2020-10-22,158.5705,Aditya Birla Sun Life Banking & PSU Debt Fund - DIRECT - IDCW,Aditya Birla Sun Life Mutual Fund,Open Ended Schemes,Debt Scheme - Banking and PSU Fund,INF209KA12Z1,INF209KA13Z9,nav_119551_20260625.csv,158.5983,-0.0277999999999849,-0.0175285611510242
119551,2020-10-23,158.6936,Aditya Birla Sun Life Banking & PSU Debt Fund - DIRECT - IDCW,Aditya Birla Sun Life Mutual Fund,Open Ended Schemes,Debt Scheme - Banking and PSU Fund,INF209KA12Z1,INF209KA13Z9,nav_119551_20260625.csv,158.5705,0.1230999999999937,0.0776310852270717
119551,2020-10-26,158.8975,Aditya Birla Sun Life Banking & PSU Debt Fund - DIRECT - IDCW,Aditya Birla Sun Life Mutual Fund,Open Ended Schemes,Debt Scheme - Banking and PSU Fund,INF209KA12Z1,INF209KA13Z9,nav_119551_20260625.csv,158.6936,0.2039000000000044,0.1284865930321099
119551,2020-10-27,158.8713,Aditya Birla Sun Life Banking & PSU Debt Fund - DIRECT - IDCW,Aditya Birla Sun Life Mutual Fund,Open Ended Schemes,Debt Scheme - Banking and PSU Fund,INF209KA12Z1,INF209KA13Z9,nav_119551_20260625.csv,158.8975,-0.0262000000000171,-0.0164886168756695
119551,2020-10-28,158.857,Aditya Birla Sun Life Banking & PSU Debt Fund - DIRECT - IDCW,Aditya Birla Sun Life Mutual Fund,Open Ended Schemes,Debt Scheme - Banking and PSU Fund,INF209KA12Z1,INF209KA13Z9,nav_119551_20260625.csv,158.8713,-0.0142999999999915,-0.0090009964040021
119551,2020-10-29,158.8367,Aditya Birla Sun Life Banking & PSU Debt Fund - DIRECT - IDCW,Aditya Birla Sun Life Mutual Fund,Open Ended Schemes,Debt Scheme - Banking and PSU Fund,INF209KA12Z1,INF209KA13Z9,nav_119551_20260625.csv,158.857,-0.0202999999999917,-0.0127787884701283
119551,2020-11-02,158.9295,Aditya Birla Sun Life Banking & PSU Debt Fund - DIRECT - IDCW,Aditya Birla Sun Life Mutual Fund,Open Ended Schemes,Debt Scheme - Banking and PSU Fund,INF209KA12Z1,INF209KA13Z9,nav_119551_20260625.csv,158.8367,0.0927999999999826,0.0584247847002504
119551,2020-11-03,158.9366,Aditya Birla Sun Life Banking & PSU Debt Fund - DIRECT - IDCW,Aditya Birla Sun Life Mutual Fund,Open Ended Schemes,Debt Scheme - Banking and PSU Fund,INF209KA12Z1,INF209KA13Z9,nav_119551_20260625.csv,158.9295,0.0071000000000083,0.0044673896287399
119551,2020-11-04,158.9374,Aditya Birla Sun Life Banking & PSU Debt Fund - DIRECT - IDCW,Aditya Birla Sun Life Mutual Fund,Open Ended Schemes,Debt Scheme - Banking and PSU Fund,INF209KA12Z1,INF209KA13Z9,nav_119551_20260625.csv,158.9366,0.0007999999999981,0.0005033453590916
119551,2020-11-05,159.1355,Aditya Birla Sun Life Banking & PSU Debt Fund - DIRECT - IDCW,Aditya Birla Sun Life Mutual Fund,Open Ended Schemes,Debt Scheme - Banking and PSU Fund,INF209KA12Z1,INF209KA13Z9,nav_119551_20260625.csv,158.9374,0.1981000000000108,0.1246402671743786
119551,2020-11-06,159.2468,Aditya Birla Sun Life Banking & PSU Debt Fund - DIRECT - IDCW,Aditya Birla Sun Life Mutual Fund,Open Ended Schemes,Debt Scheme - Banking and PSU Fund,INF209KA12Z1,INF209KA13Z9,nav_119551_20260625.csv,159.1355,0.1112999999999999,0.0699403967059518
119551,2020-11-09,159.2568,Aditya Birla Sun Life Banking & PSU Debt Fund - DIRECT - IDCW,Aditya Birla Sun Life Mutual Fund,Open Ended Schemes,Debt Scheme - Banking and PSU Fund,INF209KA12Z1,INF209KA13Z9,nav_119551_20260625.csv,159.2468,0.0099999999999909,0.0062795610335597
119551,2020-11-10,159.229,Aditya Birla Sun Life Banking & PSU Debt Fund - DIRECT - IDCW,Aditya Birla Sun Life Mutual Fund,Open Ended Schemes,Debt Scheme - Banking and PSU Fund,INF209KA12Z1,INF209KA13Z9,nav_119551_20260625.csv,159.2568,-0.0277999999999849,-0.0174560835078847
119551,2020-11-11,159.2531,Aditya Birla Sun Life Banking & PSU Debt Fund - DIRECT - IDCW,Aditya Birla Sun Life Mutual Fund,Open Ended Schemes,Debt Scheme - Banking and PSU Fund,INF209KA12Z1,INF209KA13Z9,nav_119551_20260625.csv,159.229,0.0240999999999758,0.0151354338719553
119551,2020-11-12,159.3624,Aditya Birla Sun Life Banking & PSU Debt Fund - DIRECT - IDCW,Aditya Birla Sun Life Mutual Fund,Open Ended Schemes,Debt Scheme - Banking and PSU Fund,INF209KA12Z1,INF209KA13Z9,nav_119551_20260625.csv,159.2531,0.1093000000000188,0.0686328868951491
119551,2020-11-13,159.4146,Aditya Birla Sun Life Banking & PSU Debt Fund - DIRECT - IDCW,Aditya Birla Sun Life Mutual Fund,Open Ended Schemes,Debt Scheme - Banking and PSU Fund,INF209KA12Z1,INF209KA13Z9,nav_119551_20260625.csv,159.3624,0.0521999999999991,0.0327555307901984
119551,2020-11-17,159.5333,Aditya Birla Sun Life Banking & PSU Debt Fund - DIRECT - IDCW,Aditya Birla Sun Life Mutual Fund,Open Ended Schemes,Debt Scheme - Banking and PSU Fund,INF209KA12Z1,INF209KA13Z9,nav_119551_20260625.csv,159.4146,0.1186999999999898,0.0744599302698685
119551,2020-11-18,159.5898,Aditya Birla Sun Life Banking & PSU Debt Fund - DIRECT - IDCW,Aditya Birla Sun Life Mutual Fund,Open Ended Schemes,Debt Scheme - Banking and PSU Fund,INF209KA12Z1,INF209KA13Z9,nav_119551_20260625.csv,159.5333,0.0564999999999997,0.0354158034717515
119551,2020-11-19,159.7636,Aditya Birla Sun Life Banking & PSU Debt Fund - DIRECT - IDCW,Aditya Birla Sun Life Mutual Fund,Open Ended Schemes,Debt Scheme - Banking and PSU Fund,INF209KA12Z1,INF209KA13Z9,nav_119551_20260625.csv,159.5898,0.1737999999999999,0.1089042031508279
119551,2020-11-20,159.8527,Aditya Birla Sun Life Banking & PSU Debt Fund - DIRECT - IDCW,Aditya Birla Sun Life Mutual Fund,Open Ended Schemes,Debt Scheme - Banking and PSU Fund,INF209KA12Z1,INF209KA13Z9,nav_119551_20260625.csv,159.7636,0.0891000000000019,0.0557699000272915
119551,2020-11-23,159.9304,Aditya Birla Sun Life Banking & PSU Debt Fund - DIRECT - IDCW,Aditya Birla Sun Life Mutual Fund,Open Ended Schemes,Debt Scheme - Banking and PSU Fund,INF209KA12Z1,INF209KA13Z9,nav_119551_20260625.csv,159.8527,0.077699999999993,0.048607249048651
119551,2020-11-24,159.983,Aditya Birla Sun Life Banking & PSU Debt Fund - DIRECT - IDCW,Aditya Birla Sun Life Mutual Fund,Open Ended Schemes,Debt Scheme - Banking and PSU Fund,INF209KA12Z1,INF209KA13Z9,nav_119551_20260625.csv,159.9304,0.0526000000000124,0.0328893068484868
119551,2020-11-25,160.1039,Aditya Birla Sun Life Banking & PSU Debt Fund - DIRECT - IDCW,Aditya Birla Sun Life Mutual Fund,Open Ended Schemes,Debt Scheme - Banking and PSU Fund,INF209KA12Z1,INF209KA13Z9,nav_119551_20260625.csv,159.983,0.120900000000006,0.0755705293687491
119551,2020-11-26,160.2708,Aditya Birla Sun Life Banking & PSU Debt Fund - DIRECT - IDCW,Aditya Birla Sun Life Mutual Fund,Open Ended Schemes,Debt Scheme - Banking and PSU Fund,INF209KA12Z1,INF209KA13Z9,nav_119551_20260625.csv,160.1039,0.1668999999999982,0.1042448060290837
119551,2020-11-27,160.2778,Aditya Birla Sun Life Banking & PSU Debt Fund - DIRECT - IDCW,Aditya Birla Sun Life Mutual Fund,Open Ended Schemes,Debt Scheme - Banking and PSU Fund,INF209KA12Z1,INF209KA13Z9,nav_119551_20260625.csv,160.2708,0.007000000000005,0.0043676078237614
119551,2020-12-01,160.2519,Aditya Birla Sun Life Banking & PSU Debt Fund - DIRECT - IDCW,Aditya Birla Sun Life Mutual Fund,Open Ended Schemes,Debt Scheme - Banking and PSU Fund,INF209KA12Z1,INF209KA13Z9,nav_119551_20260625.csv,160.2778,-0.0259000000000071,-0.016159443166806
119551,2020-12-02,160.1204,Aditya Birla Sun Life Banking & PSU Debt Fund - DIRECT - IDCW,Aditya Birla Sun Life Mutual Fund,Open Ended Schemes,Debt Scheme - Banking and PSU Fund,INF209KA12Z1,INF209KA13Z9,nav_119551_20260625.csv,160.2519,-0.1315000000000168,-0.0820583094490716
119551,2020-12-03,160.1281,Aditya Birla Sun Life Banking & PSU Debt Fund - DIRECT - IDCW,Aditya Birla Sun Life Mutual Fund,Open Ended Schemes,Debt Scheme - Banking and PSU Fund,INF209KA12Z1,INF209KA13Z9,nav_119551_20260625.csv,160.1204,0.0076999999999998,0.0048088813168089
119551,2020-12-04,160.3103,Aditya Birla Sun Life Banking & PSU Debt Fund - DIRECT - IDCW,Aditya Birla Sun Life Mutual Fund,Open Ended Schemes,Debt Scheme - Banking and PSU Fund,INF209KA12Z1,INF209KA13Z9,nav_119551_20260625.csv,160.1281,0.182200000000023,0.1137839017636648
119551,2020-12-07,160.3502,Aditya Birla Sun Life Banking & PSU Debt Fund - DIRECT - IDCW,Aditya Birla Sun Life Mutual Fund,Open Ended Schemes,Debt Scheme - Banking and PSU Fund,INF209KA12Z1,INF209KA13Z9,nav_119551_20260625.csv,160.3103,0.0398999999999887,0.0248892304486915
119551,2020-12-08,160.3514,Aditya Birla Sun Life Banking & PSU Debt Fund - DIRECT - IDCW,Aditya Birla Sun Life Mutual Fund,Open Ended Schemes,Debt Scheme - Banking and PSU Fund,INF209KA12Z1,INF209KA13Z9,nav_119551_20260625.csv,160.3502,0.0012000000000114,0.0007483620226301
119551,2020-12-09,160.3147,Aditya Birla Sun Life Banking & PSU Debt Fund - DIRECT - IDCW,Aditya Birla Sun Life Mutual Fund,Open Ended Schemes,Debt Scheme - Banking and PSU Fund,INF209KA12Z1,INF209KA13Z9,nav_119551_20260625.csv,160.3514,-0.0367000000000246,-0.0228872339125349
119551,2020-12-10,160.344,Aditya Birla Sun Life Banking & PSU Debt Fund - DIRECT - IDCW,Aditya Birla Sun Life Mutual Fund,Open Ended Schemes,Debt Scheme - Banking and PSU Fund,INF209KA12Z1,INF209KA13Z9,nav_119551_20260625.csv,160.3147,0.0293000000000063,0.0182765523061867
119551,2020-12-11,160.2922,Aditya Birla Sun Life Banking & PSU Debt Fund - DIRECT - IDCW,Aditya Birla Sun Life Mutual Fund,Open Ended Schemes,Debt Scheme - Banking and PSU Fund,INF209KA12Z1,INF209KA13Z9,nav_119551_20260625.csv,160.344,-0.0517999999999858,-0.032305543082364
119551,2020-12-14,160.3316,Aditya Birla Sun Life Banking & PSU Debt Fund - DIRECT - IDCW,Aditya Birla Sun Life Mutual Fund,Open Ended Schemes,Debt Scheme - Banking and PSU Fund,INF209KA12Z1,INF209KA13Z9,nav_119551_20260625.csv,160.2922,0.0394000000000005,0.0245801105730662
119551,2020-12-15,160.3865,Aditya Birla Sun Life Banking & PSU Debt Fund - DIRECT - IDCW,Aditya Birla Sun Life Mutual Fund,Open Ended Schemes,Debt Scheme - Banking and PSU Fund,INF209KA12Z1,INF209KA13Z9,nav_119551_20260625.csv,160.3316,0.0549000000000035,0.0342415344199169
119551,2020-12-16,160.3832,Aditya Birla Sun Life Banking & PSU Debt Fund - DIRECT - IDCW,Aditya Birla Sun Life Mutual Fund,Open Ended Schemes,Debt Scheme - Banking and PSU Fund,INF209KA12Z1,INF209KA13Z9,nav_119551_20260625.csv,160.3865,-0.0033000000000242,-0.0020575297796412
119551,2020-12-17,160.4015,Aditya Birla Sun Life Banking & PSU Debt Fund - DIRECT - IDCW,Aditya Birla Sun Life Mutual Fund,Open Ended Schemes,Debt Scheme - Banking and PSU Fund,INF209KA12Z1,INF209KA13Z9,nav_119551_20260625.csv,160.3832,0.0183000000000106,0.0114101726365421
119551,2020-12-18,160.4386,Aditya Birla Sun Life Banking & PSU Debt Fund - DIRECT - IDCW,Aditya Birla Sun Life Mutual Fund,Open Ended Schemes,Debt Scheme - Banking and PSU Fund,INF209KA12Z1,INF209KA13Z9,nav_119551_20260625.csv,160.4015,0.0371000000000094,0.0231294595125416
119551,2020-12-21,160.3923,Aditya Birla Sun Life Banking & PSU Debt Fund - DIRECT - IDCW,Aditya Birla Sun Life Mutual Fund,Open Ended Schemes,Debt Scheme - Banking and PSU Fund,INF209KA12Z1,INF209KA13Z9,nav_119551_20260625.csv,160.4386,-0.0463000000000022,-0.0288583919331147
119551,2020-12-22,160.403,Aditya Birla Sun Life Banking & PSU Debt Fund - DIRECT - IDCW,Aditya Birla Sun Life Mutual Fund,Open Ended Schemes,Debt Scheme - Banking and PSU Fund,INF209KA12Z1,INF209KA13Z9,nav_119551_20260625.csv,160.3923,0.0106999999999857,0.0066711431907801
119551,2020-12-23,160.4658,Aditya Birla Sun Life Banking & PSU Debt Fund - DIRECT - IDCW,Aditya Birla Sun Life Mutual Fund,Open Ended Schemes,Debt Scheme - Banking and PSU Fund,INF209KA12Z1,INF209KA13Z9,nav_119551_20260625.csv,160.403,0.0628000000000099,0.0391513874428844
119551,2020-12-24,160.516,Aditya Birla Sun Life Banking & PSU Debt Fund - DIRECT - IDCW,Aditya Birla Sun Life Mutual Fund,Open Ended Schemes,Debt Scheme - Banking and PSU Fund,INF209KA12Z1,INF209KA13Z9,nav_119551_20260625.csv,160.4658,0.0501999999999895,0.0312839246742854
119551,2020-12-28,160.6676,Aditya Birla Sun Life Banking & PSU Debt Fund - DIRECT - IDCW,Aditya Birla Sun Life Mutual Fund,Open Ended Schemes,Debt Scheme - Banking and PSU Fund,INF209KA12Z1,INF209KA13Z9,nav_119551_20260625.csv,160.516,0.1516000000000019,0.0944454135413304
119551,2020-12-29,160.7133,Aditya Birla Sun Life Banking & PSU Debt Fund - DIRECT - IDCW,Aditya Birla Sun Life Mutual Fund,Open Ended Schemes,Debt Scheme - Banking and PSU Fund,INF209KA12Z1,INF209KA13Z9,nav_119551_20260625.csv,160.6676,0.0457000000000107,0.0284438181686978
119551,2020-12-30,160.7819,Aditya Birla Sun Life Banking & PSU Debt Fund - DIRECT - IDCW,Aditya Birla Sun Life Mutual Fund,Open Ended Schemes,Debt Scheme - Banking and PSU Fund,INF209KA12Z1,INF209KA13Z9,nav_119551_20260625.csv,160.7133,0.0686000000000035,0.0426847062439782
119551,2020-12-31,160.8071,Aditya Birla Sun Life Banking & PSU Debt Fund - DIRECT - IDCW,Aditya Birla Sun Life Mutual Fund,Open Ended Schemes,Debt Scheme - Banking and PSU Fund,INF209KA12Z1,INF209KA13Z9,nav_119551_20260625.csv,160.7819,0.0251999999999839,0.0156734060239267
119551,2021-01-01,160.8997,Aditya Birla Sun Life Banking & PSU Debt Fund - DIRECT - IDCW,Aditya Birla Sun Life Mutual Fund,Open Ended Schemes,Debt Scheme - Banking and PSU Fund,INF209KA12Z1,INF209KA13Z9,nav_119551_20260625.csv,160.8071,0.0926000000000044,0.0575845220764533
119551,2021-01-04,161.0439,Aditya Birla Sun Life Banking & PSU Debt Fund - DIRECT - IDCW,Aditya Birla Sun Life Mutual Fund,Open Ended Schemes,Debt Scheme - Banking and PSU Fund,INF209KA12Z1,INF209KA13Z9,nav_119551_20260625.csv,160.8997,0.1442000000000121,0.0896210496352772
119551,2021-01-05,161.2313,Aditya Birla Sun Life Banking & PSU Debt Fund - DIRECT - IDCW,Aditya Birla Sun Life Mutual Fund,Open Ended Schemes,Debt Scheme - Banking and PSU Fund,INF209KA12Z1,INF209KA13Z9,nav_119551_20260625.csv,161.0439,0.1873999999999966,0.1163657859751264
119551,2021-01-06,161.2295,Aditya Birla Sun Life Banking & PSU Debt Fund - DIRECT - IDCW,Aditya Birla Sun Life Mutual Fund,Open Ended Schemes,Debt Scheme - Banking and PSU Fund,INF209KA12Z1,INF209KA13Z9,nav_119551_20260625.csv,161.2313,-0.0018000000000029,-0.0011164085385423
119551,2021-01-07,161.2821,Aditya Birla Sun Life Banking & PSU Debt Fund - DIRECT - IDCW,Aditya Birla Sun Life Mutual Fund,Open Ended Schemes,Debt Scheme - Banking and PSU Fund,INF209KA12Z1,INF209KA13Z9,nav_119551_20260625.csv,161.2295,0.0526000000000124,0.0326243026245274
119551,2021-01-08,161.3775,Aditya Birla Sun Life Banking & PSU Debt Fund - DIRECT - IDCW,Aditya Birla Sun Life Mutual Fund,Open Ended Schemes,Debt Scheme - Banking and PSU Fund,INF209KA12Z1,INF209KA13Z9,nav_119551_20260625.csv,161.2821,0.0953999999999837,0.059151015518761
119551,2021-01-11,161.1259,Aditya Birla Sun Life Banking & PSU Debt Fund - DIRECT - IDCW,Aditya Birla Sun Life Mutual Fund,Open Ended Schemes,Debt Scheme - Banking and PSU Fund,INF209KA12Z1,INF209KA13Z9,nav_119551_20260625.csv,161.3775,-0.2515999999999962,-0.1559077318709214
119551,2021-01-12,160.9495,Aditya Birla Sun Life Banking & PSU Debt Fund - DIRECT - IDCW,Aditya Birla Sun Life Mutual Fund,Open Ended Schemes,Debt Scheme - Banking and PSU Fund,INF209KA12Z1,INF209KA13Z9,nav_119551_20260625.csv,161.1259,-0.176400000000001,-0.1094796056996429
119551,2021-01-13,160.9046,Aditya Birla Sun Life Banking & PSU Debt Fund - DIRECT - IDCW,Aditya Birla Sun Life Mutual Fund,Open Ended Schemes,Debt Scheme - Banking and PSU Fund,INF209KA12Z1,INF209KA13Z9,nav_119551_20260625.csv,160.9495,-0.0449000000000125,-0.0278969490430306
119551,2021-01-14,160.6885,Aditya Birla Sun Life Banking & PSU Debt Fund - DIRECT - IDCW,Aditya Birla Sun Life Mutual Fund,Open Ended Schemes,Debt Scheme - Banking and PSU Fund,INF209KA12Z1,INF209KA13Z9,nav_119551_20260625.csv,160.9046,-0.216099999999983,-0.1343031833769719
119551,2021-01-15,160.6112,Aditya Birla Sun Life Banking & PSU Debt Fund - DIRECT - IDCW,Aditya Birla Sun Life Mutual Fund,Open Ended Schemes,Debt Scheme - Banking and PSU Fund,INF209KA12Z1,INF209KA13Z9,nav_119551_20260625.csv,160.6885,-0.0773000000000081,-0.0481054960373692
119551,2021-01-18,160.3776,Aditya Birla Sun Life Banking & PSU Debt Fund - DIRECT - IDCW,Aditya Birla Sun Life Mutual Fund,Open Ended Schemes,Debt Scheme - Banking and PSU Fund,INF209KA12Z1,INF209KA13Z9,nav_119551_20260625.csv,160.6112,-0.2335999999999956,-0.1454444023828945
119551,2021-01-19,160.3918,Aditya Birla Sun Life Banking & PSU Debt Fund - DIRECT - IDCW,Aditya Birla Sun Life Mutual Fund,Open Ended Schemes,Debt Scheme - Banking and PSU Fund,INF209KA12Z1,INF209KA13Z9,nav_119551_20260625.csv,160.3776,0.0141999999999882,0.008854104313812
119551,2021-01-20,160.4846,Aditya Birla Sun Life Banking & PSU Debt Fund - DIRECT - IDCW,Aditya Birla Sun Life Mutual Fund,Open Ended Schemes,Debt Scheme - Banking and PSU Fund,INF209KA12Z1,INF209KA13Z9,nav_119551_20260625.csv,160.3918,0.0928000000000111,0.0578583194402775
119551,2021-01-21,160.5205,Aditya Birla Sun Life Banking & PSU Debt Fund - DIRECT - IDCW,Aditya Birla Sun Life Mutual Fund,Open Ended Schemes,Debt Scheme - Banking and PSU Fund,INF209KA12Z1,INF209KA13Z9,nav_119551_20260625.csv,160.4846,0.035899999999998,0.0223697476268738
119551,2021-01-22,160.4748,Aditya Birla Sun Life Banking & PSU Debt Fund - DIRECT - IDCW,Aditya Birla Sun Life Mutual Fund,Open Ended Schemes,Debt Scheme - Banking and PSU Fund,INF209KA12Z1,INF209KA13Z9,nav_119551_20260625.csv,160.5205,-0.0457000000000107,-0.0284698839089155
119551,2021-01-25,160.5232,Aditya Birla Sun Life Banking & PSU Debt Fund - DIRECT - IDCW,Aditya Birla Sun Life Mutual Fund,Open Ended Schemes,Debt Scheme - Banking and PSU Fund,INF209KA12Z1,INF209KA13Z9,nav_119551_20260625.csv,160.4748,0.0484000000000151,0.0301604987200576
119551,2021-01-27,160.5509,Aditya Birla Sun Life Banking & PSU Debt Fund - DIRECT - IDCW,Aditya Birla Sun Life Mutual Fund,Open Ended Schemes,Debt Scheme - Banking and PSU Fund,INF209KA12Z1,INF209KA13Z9,nav_119551_20260625.csv,160.5232,0.02770000000001,0.0172560726424654
119551,2021-01-28,160.5833,Aditya Birla Sun Life Banking & PSU Debt Fund - DIRECT - IDCW,Aditya Birla Sun Life Mutual Fund,Open Ended Schemes,Debt Scheme - Banking and PSU Fund,INF209KA12Z1,INF209KA13Z9,nav_119551_20260625.csv,160.5509,0.0323999999999955,0.020180515960979
119551,2021-01-29,160.5977,Aditya Birla Sun Life Banking & PSU Debt Fund - DIRECT - IDCW,Aditya Birla Sun Life Mutual Fund,Open Ended Schemes,Debt Scheme - Banking and PSU Fund,INF209KA12Z1,INF209KA13Z9,nav_119551_20260625.csv,160.5833,0.0143999999999948,0.0089673085557432
119551,2021-02-01,160.0612,Aditya Birla Sun Life Banking & PSU Debt Fund - DIRECT - IDCW,Aditya Birla Sun Life Mutual Fund,Open Ended Schemes,Debt Scheme - Banking and PSU Fund,INF209KA12Z1,INF209KA13Z9,nav_119551_20260625.csv,160.5977,-0.5364999999999895,-0.334064560077753
119551,2021-02-02,159.6745,Aditya Birla Sun Life Banking & PSU Debt Fund - DIRECT - IDCW,Aditya Birla Sun Life Mutual Fund,Open Ended Schemes,Debt Scheme - Banking and PSU Fund,INF209KA12Z1,INF209KA13Z9,nav_119551_20260625.csv,160.0612,-0.3867000000000189,-0.2415950898781334
119551,2021-02-03,159.7469,Aditya Birla Sun Life Banking & PSU Debt Fund - DIRECT - IDCW,Aditya Birla Sun Life Mutual Fund,Open Ended Schemes,Debt Scheme - Banking and PSU Fund,INF209KA12Z1,INF209KA13Z9,nav_119551_20260625.csv,159.6745,0.072400000000016,0.0453422431258691
119551,2021-02-04,159.7473,Aditya Birla Sun Life Banking & PSU Debt Fund - DIRECT - IDCW,Aditya Birla Sun Life Mutual Fund,Open Ended Schemes,Debt Scheme - Banking and PSU Fund,INF209KA12Z1,INF209KA13Z9,nav_119551_20260625.csv,159.7469,0.0003999999999848,0.0002503960953138
119551,2021-02-05,159.5631,Aditya Birla Sun Life Banking & PSU Debt Fund - DIRECT - IDCW,Aditya Birla Sun Life Mutual Fund,Open Ended Schemes,Debt Scheme - Banking and PSU Fund,INF209KA12Z1,INF209KA13Z9,nav_119551_20260625.csv,159.7473,-0.1842000000000041,-0.1153071131718684
119551,2021-02-08,159.6672,Aditya Birla Sun Life Banking & PSU Debt Fund - DIRECT - IDCW,Aditya Birla Sun Life Mutual Fund,Open Ended Schemes,Debt Scheme - Banking and PSU Fund,INF209KA12Z1,INF209KA13Z9,nav_119551_20260625.csv,159.5631,0.1041000000000167,0.0652406477437557
119551,2021-02-09,159.5233,Aditya Birla Sun Life Banking & PSU Debt Fund - DIRECT - IDCW,Aditya Birla Sun Life Mutual Fund,Open Ended Schemes,Debt Scheme - Banking and PSU Fund,INF209KA12Z1,INF209KA13Z9,nav_119551_20260625.csv,159.6672,-0.1439000000000021,-0.0901249599166279
119551,2021-02-10,159.5324,Aditya Birla Sun Life Banking & PSU Debt Fund - DIRECT - IDCW,Aditya Birla Sun Life Mutual Fund,Open Ended Schemes,Debt Scheme - Banking and PSU Fund,INF209KA12Z1,INF209KA13Z9,nav_119551_20260625.csv,159.5233,0.0090999999999894,0.0057044958322636
119551,2021-02-11,159.676,Aditya Birla Sun Life Banking & PSU Debt Fund - DIRECT - IDCW,Aditya Birla Sun Life Mutual Fund,Open Ended Schemes,Debt Scheme - Banking and PSU Fund,INF209KA12Z1,INF209KA13Z9,nav_119551_20260625.csv,159.5324,0.1435999999999921,0.0900130631771302
119551,2021-02-12,159.745,Aditya Birla Sun Life Banking & PSU Debt Fund - DIRECT - IDCW,Aditya Birla Sun Life Mutual Fund,Open Ended Schemes,Debt Scheme - Banking and PSU Fund,INF209KA12Z1,INF209KA13Z9,nav_119551_20260625.csv,159.676,0.0690000000000168,0.0432125053232901
119551,2021-02-15,159.817,Aditya Birla Sun Life Banking & PSU Debt Fund - DIRECT - IDCW,Aditya Birla Sun Life Mutual Fund,Open Ended Schemes,Debt Scheme - Banking and PSU Fund,INF209KA12Z1,INF209KA13Z9,nav_119551_20260625.csv,159.745,0.0720000000000027,0.0450718332342187
119551,2021-02-16,159.8868,Aditya Birla Sun Life Banking & PSU Debt Fund - DIRECT - IDCW,Aditya Birla Sun Life Mutual Fund,Open Ended Schemes,Debt Scheme - Banking and PSU Fund,INF209KA12Z1,INF209KA13Z9,nav_119551_20260625.csv,159.817,0.0697999999999865,0.0436749532277458
119551,2021-02-17,159.8489,Aditya Birla Sun Life Banking & PSU Debt Fund - DIRECT - IDCW,Aditya Birla Sun Life Mutual Fund,Open Ended Schemes,Debt Scheme - Banking and PSU Fund,INF209KA12Z1,INF209KA13Z9,nav_119551_20260625.csv,159.8868,-0.0379000000000075,-0.0237042707715756
119551,2021-02-18,159.7964,Aditya Birla Sun Life Banking & PSU Debt Fund - DIRECT - IDCW,Aditya Birla Sun Life Mutual Fund,Open Ended Schemes,Debt Scheme - Banking and PSU Fund,INF209KA12Z1,INF209KA13Z9,nav_119551_20260625.csv,159.8489,-0.0524999999999806,-0.0328435165959732
119551,2021-02-22,159.5796,Aditya Birla Sun Life Banking & PSU Debt Fund - DIRECT - IDCW,Aditya Birla Sun Life Mutual Fund,Open Ended Schemes,Debt Scheme - Banking and PSU Fund,INF209KA12Z1,INF209KA13Z9,nav_119551_20260625.csv,159.7964,-0.2168000000000063,-0.1356726434387798
119551,2021-02-23,159.4945,Aditya Birla Sun Life Banking & PSU Debt Fund - DIRECT - IDCW,Aditya Birla Sun Life Mutual Fund,Open Ended Schemes,Debt Scheme - Banking and PSU Fund,INF209KA12Z1,INF209KA13Z9,nav_119551_20260625.csv,159.5796,-0.0851000000000112,-0.0533276183171353
119551,2021-02-24,159.5155,Aditya Birla Sun Life Banking & PSU Debt Fund - DIRECT - IDCW,Aditya Birla Sun Life Mutual Fund,Open Ended Schemes,Debt Scheme - Banking and PSU Fund,INF209KA12Z1,INF209KA13Z9,nav_119551_20260625.csv,159.4945,0.021000000000015,0.0131665982212646
119551,2021-02-25,159.5286,Aditya Birla Sun Life Banking & PSU Debt Fund - DIRECT - IDCW,Aditya Birla Sun Life Mutual Fund,Open Ended Schemes,Debt Scheme - Banking and PSU Fund,INF209KA12Z1,INF209KA13Z9,nav_119551_20260625.csv,159.5155,0.0131000000000085,0.0082123680770887
119551,2021-02-26,151.4836,Aditya Birla Sun Life Banking & PSU Debt Fund - DIRECT - IDCW,Aditya Birla Sun Life Mutual Fund,Open Ended Schemes,Debt Scheme - Banking and PSU Fund,INF209KA12Z1,INF209KA13Z9,nav_119551_20260625.csv,159.5286,-8.045000000000016,-5.042982888334766
119551,2021-03-01,151.5474,Aditya Birla Sun Life Banking & PSU Debt Fund - DIRECT - IDCW,Aditya Birla Sun Life Mutual Fund,Open Ended Schemes,Debt Scheme - Banking and PSU Fund,INF209KA12Z1,INF209KA13Z9,nav_119551_20260625.csv,151.4836,0.0638000000000147,0.042116770396277
119551,2021-03-02,151.6292,Aditya Birla Sun Life Banking & PSU Debt Fund - DIRECT - IDCW,Aditya Birla Sun Life Mutual Fund,Open Ended Schemes,Debt Scheme - Banking and PSU Fund,INF209KA12Z1,INF209KA13Z9,nav_119551_20260625.csv,151.5474,0.081799999999987,0.0539765116392541
119551,2021-03-03,151.6682,Aditya Birla Sun Life Banking & PSU Debt Fund - DIRECT - IDCW,Aditya Birla Sun Life Mutual Fund,Open Ended Schemes,Debt Scheme - Banking and PSU Fund,INF209KA12Z1,INF209KA13Z9,nav_119551_20260625.csv,151.6292,0.0390000000000156,0.0257206395602006
119551,2021-03-04,151.6971,Aditya Birla Sun Life Banking & PSU Debt Fund - DIRECT - IDCW,Aditya Birla Sun Life Mutual Fund,Open Ended Schemes,Debt Scheme - Banking and PSU Fund,INF209KA12Z1,INF209KA13Z9,nav_119551_20260625.csv,151.6682,0.028899999999993,0.0190547524134874
119551,2021-03-05,151.6682,Aditya Birla Sun Life Banking & PSU Debt Fund - DIRECT - IDCW,Aditya Birla Sun Life Mutual Fund,Open Ended Schemes,Debt Scheme - Banking and PSU Fund,INF209KA12Z1,INF209KA13Z9,nav_119551_20260625.csv,151.6971,-0.028899999999993,-0.019051122269307
119551,2021-03-08,151.7216,Aditya Birla Sun Life Banking & PSU Debt Fund - DIRECT - IDCW,Aditya Birla Sun Life Mutual Fund,Open Ended Schemes,Debt Scheme - Banking and PSU Fund,INF209KA12Z1,INF209KA13Z9,nav_119551_20260625.csv,151.6682,0.0533999999999821,0.035208435255368
119551,2021-03-09,151.7148,Aditya Birla Sun Life Banking & PSU Debt Fund - DIRECT - IDCW,Aditya Birla Sun Life Mutual Fund,Open Ended Schemes,Debt Scheme - Banking and PSU Fund,INF209KA12Z1,INF209KA13Z9,nav_119551_20260625.csv,151.7216,-0.0067999999999983,-0.0044818931516661
119551,2021-03-10,151.712,Aditya Birla Sun Life Banking & PSU Debt Fund - DIRECT - IDCW,Aditya Birla Sun Life Mutual Fund,Open Ended Schemes,Debt Scheme - Banking and PSU Fund,INF209KA12Z1,INF209KA13Z9,nav_119551_20260625.csv,151.7148,-0.0028000000000076,-0.0018455681317891
119551,2021-03-12,151.6323,Aditya Birla Sun Life Banking & PSU Debt Fund - DIRECT - IDCW,Aditya Birla Sun Life Mutual Fund,Open Ended Schemes,Debt Scheme - Banking and PSU Fund,INF209KA12Z1,INF209KA13Z9,nav_119551_20260625.csv,151.712,-0.0797000000000025,-0.0525337481543994
119551,2021-03-15,151.3381,Aditya Birla Sun Life Banking & PSU Debt Fund - DIRECT - IDCW,Aditya Birla Sun Life Mutual Fund,Open Ended Schemes,Debt Scheme - Banking and PSU Fund,INF209KA12Z1,INF209KA13Z9,nav_119551_20260625.csv,151.6323,-0.2941999999999893,-0.194021986080795
119551,2021-03-16,151.3172,Aditya Birla Sun Life Banking & PSU Debt Fund - DIRECT - IDCW,Aditya Birla Sun Life Mutual Fund,Open Ended Schemes,Debt Scheme - Banking and PSU Fund,INF209KA12Z1,INF209KA13Z9,nav_119551_20260625.csv,151.3381,-0.0208999999999832,-0.0138101376982949
119551,2021-03-17,151.3473,Aditya Birla Sun Life Banking & PSU Debt Fund - DIRECT - IDCW,Aditya Birla Sun Life Mutual Fund,Open Ended Schemes,Debt Scheme - Banking and PSU Fund,INF209KA12Z1,INF209KA13Z9,nav_119551_20260625.csv,151.3172,0.030099999999976,0.0198919884851001
119551,2021-03-18,151.3901,Aditya Birla Sun Life Banking & PSU Debt Fund - DIRECT - IDCW,Aditya Birla Sun Life Mutual Fund,Open Ended Schemes,Debt Scheme - Banking and PSU Fund,INF209KA12Z1,INF209KA13Z9,nav_119551_20260625.csv,151.3473,0.0427999999999997,0.0282793284055941
119551,2021-03-19,151.6387,Aditya Birla Sun Life Banking & PSU Debt Fund - DIRECT - IDCW,Aditya Birla Sun Life Mutual Fund,Open Ended Schemes,Debt Scheme - Banking and PSU Fund,INF209KA12Z1,INF209KA13Z9,nav_119551_20260625.csv,151.3901,0.2486000000000103,0.1642115303444613
119551,2021-03-22,151.8479,Aditya Birla Sun Life Banking & PSU Debt Fund - DIRECT - IDCW,Aditya Birla Sun Life Mutual Fund,Open Ended Schemes,Debt Scheme - Banking and PSU Fund,INF209KA12Z1,INF209KA13Z9,nav_119551_20260625.csv,151.6387,0.2092000000000098,0.1379595050603901
119551,2021-03-23,152.2243,Aditya Birla Sun Life Banking & PSU Debt Fund - DIRECT - IDCW,Aditya Birla Sun Life Mutual Fund,Open Ended Schemes,Debt Scheme - Banking and PSU Fund,INF209KA12Z1,INF209KA13Z9,nav_119551_20260625.csv,151.8479,0.3763999999999896,0.2478796216477077
119551,2021-03-24,152.3847,Aditya Birla Sun Life Banking & PSU Debt Fund - DIRECT - IDCW,Aditya Birla Sun Life Mutual Fund,Open Ended Schemes,Debt Scheme - Banking and PSU Fund,INF209KA12Z1,INF209KA13Z9,nav_119551_20260625.csv,152.2243,0.1604000000000098,0.1053708245004311
119551,2021-03-25,152.4514,Aditya Birla Sun Life Banking & PSU Debt Fund - DIRECT - IDCW,Aditya Birla Sun Life Mutual Fund,Open Ended Schemes,Debt Scheme - Banking and PSU Fund,INF209KA12Z1,INF209KA13Z9,nav_119551_20260625.csv,152.3847,0.0666999999999973,0.0437707985119223
119551,2021-03-26,152.5344,Aditya Birla Sun Life Banking & PSU Debt Fund - DIRECT - IDCW,Aditya Birla Sun Life Mutual Fund,Open Ended Schemes,Debt Scheme - Banking and PSU Fund,INF209KA12Z1,INF209KA13Z9,nav_119551_20260625.csv,152.4514,0.0829999999999984,0.0544435800523959
119551,2021-03-30,152.6579,Aditya Birla Sun Life Banking & PSU Debt Fund - DIRECT - IDCW,Aditya Birla Sun Life Mutual Fund,Open Ended Schemes,Debt Scheme - Banking and PSU Fund,INF209KA12Z1,INF209KA13Z9,nav_119551_20260625.csv,152.5344,0.123500000000007,0.0809653428997046
119551,2021-03-31,152.7457,Aditya Birla Sun Life Banking & PSU Debt Fund - DIRECT - IDCW,Aditya Birla Sun Life Mutual Fund,Open Ended Schemes,Debt Scheme - Banking and PSU Fund,INF209KA12Z1,INF209KA13Z9,nav_119551_20260625.csv,152.6579,0.0877999999999872,0.0575142197030007
119551,2021-04-05,153.0069,Aditya Birla Sun Life Banking & PSU Debt Fund - DIRECT - IDCW,Aditya Birla Sun Life Mutual Fund,Open Ended Schemes,Debt Scheme - Banking and PSU Fund,INF209KA12Z1,INF209KA13Z9,nav_119551_20260625.csv,152.7457,0.2612000000000023,0.1710031771761839
119551,2021-04-06,153.2101,Aditya Birla Sun Life Banking & PSU Debt Fund - DIRECT - IDCW,Aditya Birla Sun Life Mutual Fund,Open Ended Schemes,Debt Scheme - Banking and PSU Fund,INF209KA12Z1,INF209KA13Z9,nav_119551_20260625.csv,153.0069,0.2032000000000096,0.1328044682952269
119551,2021-04-07,153.1454,Aditya Birla Sun Life Banking & PSU Debt Fund - DIRECT - IDCW,Aditya Birla Sun Life Mutual Fund,Open Ended Schemes,Debt Scheme - Banking and PSU Fund,INF209KA12Z1,INF209KA13Z9,nav_119551_20260625.csv,153.2101,-0.0647000000000161,-0.0422295919133374
119551,2021-04-08,153.1697,Aditya Birla Sun Life Banking & PSU Debt Fund - DIRECT - IDCW,Aditya Birla Sun Life Mutual Fund,Open Ended Schemes,Debt Scheme - Banking and PSU Fund,INF209KA12Z1,INF209KA13Z9,nav_119551_20260625.csv,153.1454,0.0243000000000108,0.0158672738456466
119551,2021-04-09,153.2609,Aditya Birla Sun Life Banking & PSU Debt Fund - DIRECT - IDCW,Aditya Birla Sun Life Mutual Fund,Open Ended Schemes,Debt Scheme - Banking and PSU Fund,INF209KA12Z1,INF209KA13Z9,nav_119551_20260625.csv,153.1697,0.0911999999999864,0.059541802327736
119551,2021-04-12,153.3259,Aditya Birla Sun Life Banking & PSU Debt Fund - DIRECT - IDCW,Aditya Birla Sun Life Mutual Fund,Open Ended Schemes,Debt Scheme - Banking and PSU Fund,INF209KA12Z1,INF209KA13Z9,nav_119551_20260625.csv,153.2609,0.0649999999999977,0.0424113390956191
119551,2021-04-15,153.2182,Aditya Birla Sun Life Banking & PSU Debt Fund - DIRECT - IDCW,Aditya Birla Sun Life Mutual Fund,Open Ended Schemes,Debt Scheme - Banking and PSU Fund,INF209KA12Z1,INF209KA13Z9,nav_119551_20260625.csv,153.3259,-0.1076999999999941,-0.0702425356707471
119551,2021-04-16,153.1445,Aditya Birla Sun Life Banking & PSU Debt Fund - DIRECT - IDCW,Aditya Birla Sun Life Mutual Fund,Open Ended Schemes,Debt Scheme - Banking and PSU Fund,INF209KA12Z1,INF209KA13Z9,nav_119551_20260625.csv,153.2182,-0.0737000000000023,-0.0481013352199688
119551,2021-04-19,153.2788,Aditya Birla Sun Life Banking & PSU Debt Fund - DIRECT - IDCW,Aditya Birla Sun Life Mutual Fund,Open Ended Schemes,Debt Scheme - Banking and PSU Fund,INF209KA12Z1,INF209KA13Z9,nav_119551_20260625.csv,153.1445,0.1342999999999961,0.0876949547649416
119551,2021-04-20,153.322,Aditya Birla Sun Life Banking & PSU Debt Fund - DIRECT - IDCW,Aditya Birla Sun Life Mutual Fund,Open Ended Schemes,Debt Scheme - Banking and PSU Fund,INF209KA12Z1,INF209KA13Z9,nav_119551_20260625.csv,153.2788,0.043200000000013,0.0281839367218513
119551,2021-04-22,153.3766,Aditya Birla Sun Life Banking & PSU Debt Fund - DIRECT - IDCW,Aditya Birla Sun Life Mutual Fund,Open Ended Schemes,Debt Scheme - Banking and PSU Fund,INF209KA12Z1,INF209KA13Z9,nav_119551_20260625.csv,153.322,0.0545999999999935,0.0356113277937892
119551,2021-04-23,153.459,Aditya Birla Sun Life Banking & PSU Debt Fund - DIRECT - IDCW,Aditya Birla Sun Life Mutual Fund,Open Ended Schemes,Debt Scheme - Banking and PSU Fund,INF209KA12Z1,INF209KA13Z9,nav_119551_20260625.csv,153.3766,0.0824000000000069,0.053723970931685
119551,2021-04-26,153.6353,Aditya Birla Sun Life Banking & PSU Debt Fund - DIRECT - IDCW,Aditya Birla Sun Life Mutual Fund,Open Ended Schemes,Debt Scheme - Banking and PSU Fund,INF209KA12Z1,INF209KA13Z9,nav_119551_20260625.csv,153.459,0.1762999999999976,0.1148841058523759
119551,2021-04-27,153.7634,Aditya Birla Sun Life Banking & PSU Debt Fund - DIRECT - IDCW,Aditya Birla Sun Life Mutual Fund,Open Ended Schemes,Debt Scheme - Banking and PSU Fund,INF209KA12Z1,INF209KA13Z9,nav_119551_20260625.csv,153.6353,0.1280999999999892,0.0833792754659829
119551,2021-04-28,153.8557,Aditya Birla Sun Life Banking & PSU Debt Fund - DIRECT - IDCW,Aditya Birla Sun Life Mutual Fund,Open Ended Schemes,Debt Scheme - Banking and PSU Fund,INF209KA12Z1,INF209KA13Z9,nav_119551_20260625.csv,153.7634,0.0923000000000229,0.0600272886785951
119551,2021-04-29,153.8646,Aditya Birla Sun Life Banking & PSU Debt Fund - DIRECT - IDCW,Aditya Birla Sun Life Mutual Fund,Open Ended Schemes,Debt Scheme - Banking and PSU Fund,INF209KA12Z1,INF209KA13Z9,nav_119551_20260625.csv,153.8557,0.0088999999999828,0.0057846410630108
119551,2021-04-30,153.951,Aditya Birla Sun Life Banking & PSU Debt Fund - DIRECT - IDCW,Aditya Birla Sun Life Mutual Fund,Open Ended Schemes,Debt Scheme - Banking and PSU Fund,INF209KA12Z1,INF209KA13Z9,nav_119551_20260625.csv,153.8646,0.0863999999999975,0.0561532672232583
119551,2021-05-03,154.0501,Aditya Birla Sun Life Banking & PSU Debt Fund - DIRECT - IDCW,Aditya Birla Sun Life Mutual Fund,Open Ended Schemes,Debt Scheme - Banking and PSU Fund,INF209KA12Z1,INF209KA13Z9,nav_119551_20260625.csv,153.951,0.0990999999999928,0.0643711310741683
119551,2021-05-04,154.0742,Aditya Birla Sun Life Banking & PSU Debt Fund - DIRECT - IDCW,Aditya Birla Sun Life Mutual Fund,Open Ended Schemes,Debt Scheme - Banking and PSU Fund,INF209KA12Z1,INF209KA13Z9,nav_119551_20260625.csv,154.0501,0.0241000000000042,0.0156442611851626
119551,2021-05-05,154.1232,Aditya Birla Sun Life Banking & PSU Debt Fund - DIRECT - IDCW,Aditya Birla Sun Life Mutual Fund,Open Ended Schemes,Debt Scheme - Banking and PSU Fund,INF209KA12Z1,INF209KA13Z9,nav_119551_20260625.csv,154.0742,0.0490000000000065,0.0318028586226679
119551,2021-05-06,154.1495,Aditya Birla Sun Life Banking & PSU Debt Fund - DIRECT - IDCW,Aditya Birla Sun Life Mutual Fund,Open Ended Schemes,Debt Scheme - Banking and PSU Fund,INF209KA12Z1,INF209KA13Z9,nav_119551_20260625.csv,154.1232,0.0262999999999919,0.0170642706613877
119551,2021-05-07,154.1903,Aditya Birla Sun Life Banking & PSU Debt Fund - DIRECT - IDCW,Aditya Birla Sun Life Mutual Fund,Open Ended Schemes,Debt Scheme - Banking and PSU Fund,INF209KA12Z1,INF209KA13Z9,nav_119551_20260625.csv,154.1495,0.0408000000000186,0.0264678120915206
119551,2021-05-10,154.2372,Aditya Birla Sun Life Banking & PSU Debt Fund - DIRECT - IDCW,Aditya Birla Sun Life Mutual Fund,Open Ended Schemes,Debt Scheme - Banking and PSU Fund,INF209KA12Z1,INF209KA13Z9,nav_119551_20260625.csv,154.1903,0.0468999999999937,0.0304169587840439
119551,2021-05-11,154.341,Aditya Birla Sun Life Banking & PSU Debt Fund - DIRECT - IDCW,Aditya Birla Sun Life Mutual Fund,Open Ended Schemes,Debt Scheme - Banking and PSU Fund,INF209KA12Z1,INF209KA13Z9,nav_119551_20260625.csv,154.2372,0.1038000000000067,0.0672989395554423
119551,2021-05-12,154.3311,Aditya Birla Sun Life Banking & PSU Debt Fund - DIRECT - IDCW,Aditya Birla Sun Life Mutual Fund,Open Ended Schemes,Debt Scheme - Banking and PSU Fund,INF209KA12Z1,INF209KA13Z9,nav_119551_20260625.csv,154.341,-0.009900000000016,-0.0064143681847441
119551,2021-05-14,154.3309,Aditya Birla Sun Life Banking & PSU Debt Fund - DIRECT - IDCW,Aditya Birla Sun Life Mutual Fund,Open Ended Schemes,Debt Scheme - Banking and PSU Fund,INF209KA12Z1,INF209KA13Z9,nav_119551_20260625.csv,154.3311,-0.0001999999999782,-0.0001295915081135
119551,2021-05-17,154.4002,Aditya Birla Sun Life Banking & PSU Debt Fund - DIRECT - IDCW,Aditya Birla Sun Life Mutual Fund,Open Ended Schemes,Debt Scheme - Banking and PSU Fund,INF209KA12Z1,INF209KA13Z9,nav_119551_20260625.csv,154.3309,0.0692999999999983,0.0449035157573748
119551,2021-05-18,154.4638,Aditya Birla Sun Life Banking & PSU Debt Fund - DIRECT - IDCW,Aditya Birla Sun Life Mutual Fund,Open Ended Schemes,Debt Scheme - Banking and PSU Fund,INF209KA12Z1,INF209KA13Z9,nav_119551_20260625.csv,154.4002,0.0635999999999796,0.0411916564874784
119551,2021-05-19,154.599,Aditya Birla Sun Life Banking & PSU Debt Fund - DIRECT - IDCW,Aditya Birla Sun Life Mutual Fund,Open Ended Schemes,Debt Scheme - Banking and PSU Fund,INF209KA12Z1,INF209KA13Z9,nav_119551_20260625.csv,154.4638,0.1351999999999975,0.0875285989338586
119551,2021-05-20,154.6073,Aditya Birla Sun Life Banking & PSU Debt Fund - DIRECT - IDCW,Aditya Birla Sun Life Mutual Fund,Open Ended Schemes,Debt Scheme - Banking and PSU Fund,INF209KA12Z1,INF209KA13Z9,nav_119551_20260625.csv,154.599,0.0083000000000197,0.0053687281289139
119551,2021-05-21,154.6417,Aditya Birla Sun Life Banking & PSU Debt Fund - DIRECT - IDCW,Aditya Birla Sun Life Mutual Fund,Open Ended Schemes,Debt Scheme - Banking and PSU Fund,INF209KA12Z1,INF209KA13Z9,nav_119551_20260625.csv,154.6073,0.0343999999999766,0.0222499196350862
119551,2021-05-24,154.7069,Aditya Birla Sun Life Banking & PSU Debt Fund - DIRECT - IDCW,Aditya Birla Sun Life Mutual Fund,Open Ended Schemes,Debt Scheme - Banking and PSU Fund,INF209KA12Z1,INF209KA13Z9,nav_119551_20260625.csv,154.6417,0.0652000000000043,0.0421619783021037
119551,2021-05-25,154.783,Aditya Birla Sun Life Banking & PSU Debt Fund - DIRECT - IDCW,Aditya Birla Sun Life Mutual Fund,Open Ended Schemes,Debt Scheme - Banking and PSU Fund,INF209KA12Z1,INF209KA13Z9,nav_119551_20260625.csv,154.7069,0.0760999999999967,0.0491897905006155
119551,2021-05-27,154.8336,Aditya Birla Sun Life Banking & PSU Debt Fund - DIRECT - IDCW,Aditya Birla Sun Life Mutual Fund,Open Ended Schemes,Debt Scheme - Banking and PSU Fund,INF209KA12Z1,INF209KA13Z9,nav_119551_20260625.csv,154.783,0.0506000000000028,0.0326909285903509
119551,2021-05-28,154.8325,Aditya Birla Sun Life Banking & PSU Debt Fund - DIRECT - IDCW,Aditya Birla Sun Life Mutual Fund,Open Ended Schemes,Debt Scheme - Banking and PSU Fund,INF209KA12Z1,INF209KA13Z9,nav_119551_20260625.csv,154.8336,-0.0010999999999796,-0.0007104401111772
119551,2021-05-31,154.8591,Aditya Birla Sun Life Banking & PSU Debt Fund - DIRECT - IDCW,Aditya Birla Sun Life Mutual Fund,Open Ended Schemes,Debt Scheme - Banking and PSU Fund,INF209KA12Z1,INF209KA13Z9,nav_119551_20260625.csv,154.8325,0.0266000000000019,0.0171798556504622
119551,2021-06-01,154.8506,Aditya Birla Sun Life Banking & PSU Debt Fund - DIRECT - IDCW,Aditya Birla Sun Life Mutual Fund,Open Ended Schemes,Debt Scheme - Banking and PSU Fund,INF209KA12Z1,INF209KA13Z9,nav_119551_20260625.csv,154.8591,-0.0085000000000263,-0.0054888605190307
119551,2021-06-02,154.8632,Aditya Birla Sun Life Banking & PSU Debt Fund - DIRECT - IDCW,Aditya Birla Sun Life Mutual Fund,Open Ended Schemes,Debt Scheme - Banking and PSU Fund,INF209KA12Z1,INF209KA13Z9,nav_119551_20260625.csv,154.8506,0.0126000000000203,0.0081368751558084
119551,2021-06-03,154.9384,Aditya Birla Sun Life Banking & PSU Debt Fund - DIRECT - IDCW,Aditya Birla Sun Life Mutual Fund,Open Ended Schemes,Debt Scheme - Banking and PSU Fund,INF209KA12Z1,INF209KA13Z9,nav_119551_20260625.csv,154.8632,0.0751999999999952,0.0485589862536711
119551,2021-06-04,154.9869,Aditya Birla Sun Life Banking & PSU Debt Fund - DIRECT - IDCW,Aditya Birla Sun Life Mutual Fund,Open Ended Schemes,Debt Scheme - Banking and PSU Fund,INF209KA12Z1,INF209KA13Z9,nav_119551_20260625.csv,154.9384,0.0484999999999899,0.0313027629044768
119551,2021-06-07,155.1117,Aditya Birla Sun Life Banking & PSU Debt Fund - DIRECT - IDCW,Aditya Birla Sun Life Mutual Fund,Open Ended Schemes,Debt Scheme - Banking and PSU Fund,INF209KA12Z1,INF209KA13Z9,nav_119551_20260625.csv,154.9869,0.1248000000000217,0.0805229345189959
119551,2021-06-08,155.1383,Aditya Birla Sun Life Banking & PSU Debt Fund - DIRECT - IDCW,Aditya Birla Sun Life Mutual Fund,Open Ended Schemes,Debt Scheme - Banking and PSU Fund,INF209KA12Z1,INF209KA13Z9,nav_119551_20260625.csv,155.1117,0.0265999999999735,0.0171489320276765
119551,2021-06-09,155.2699,Aditya Birla Sun Life Banking & PSU Debt Fund - DIRECT - IDCW,Aditya Birla Sun Life Mutual Fund,Open Ended Schemes,Debt Scheme - Banking and PSU Fund,INF209KA12Z1,INF209KA13Z9,nav_119551_20260625.csv,155.1383,0.1316000000000201,0.0848275377518125
119551,2021-06-10,155.3161,Aditya Birla Sun Life Banking & PSU Debt Fund - DIRECT - IDCW,Aditya Birla Sun Life Mutual Fund,Open Ended Schemes,Debt Scheme - Banking and PSU Fund,INF209KA12Z1,INF209KA13Z9,nav_119551_20260625.csv,155.2699,0.0461999999999989,0.0297546401459644
119551,2021-06-11,155.3755,Aditya Birla Sun Life Banking & PSU Debt Fund - DIRECT - IDCW,Aditya Birla Sun Life Mutual Fund,Open Ended Schemes,Debt Scheme - Banking and PSU Fund,INF209KA12Z1,INF209KA13Z9,nav_119551_20260625.csv,155.3161,0.0593999999999823,0.0382445863628962
119551,2021-06-14,155.429,Aditya Birla Sun Life Banking & PSU Debt Fund - DIRECT - IDCW,Aditya Birla Sun Life Mutual Fund,Open Ended Schemes,Debt Scheme - Banking and PSU Fund,INF209KA12Z1,INF209KA13Z9,nav_119551_20260625.csv,155.3755,0.0535000000000138,0.034432713008173
119551,2021-06-15,155.2961,Aditya Birla Sun Life Banking & PSU Debt Fund - DIRECT - IDCW,Aditya Birla Sun Life Mutual Fund,Open Ended Schemes,Debt Scheme - Banking and PSU Fund,INF209KA12Z1,INF209KA13Z9,nav_119551_20260625.csv,155.429,-0.1329000000000064,-0.0855052789376541
119551,2021-06-16,155.0843,Aditya Birla Sun Life Banking & PSU Debt Fund - DIRECT - IDCW,Aditya Birla Sun Life Mutual Fund,Open Ended Schemes,Debt Scheme - Banking and PSU Fund,INF209KA12Z1,INF209KA13Z9,nav_119551_20260625.csv,155.2961,-0.2117999999999824,-0.1363846226659796
119551,2021-06-17,155.0726,Aditya Birla Sun Life Banking & PSU Debt Fund - DIRECT - IDCW,Aditya Birla Sun Life Mutual Fund,Open Ended Schemes,Debt Scheme - Banking and PSU Fund,INF209KA12Z1,INF209KA13Z9,nav_119551_20260625.csv,155.0843,-0.0117000000000189,-0.0075442839797574
119551,2021-06-18,155.1221,Aditya Birla Sun Life Banking & PSU Debt Fund - DIRECT - IDCW,Aditya Birla Sun Life Mutual Fund,Open Ended Schemes,Debt Scheme - Banking and PSU Fund,INF209KA12Z1,INF209KA13Z9,nav_119551_20260625.csv,155.0726,0.0494999999999947,0.031920532705323
119551,2021-06-21,155.1952,Aditya Birla Sun Life Banking & PSU Debt Fund - DIRECT - IDCW,Aditya Birla Sun Life Mutual Fund,Open Ended Schemes,Debt Scheme - Banking and PSU Fund,INF209KA12Z1,INF209KA13Z9,nav_119551_20260625.csv,155.1221,0.0731000000000108,0.047124168638776
119551,2021-06-22,155.1506,Aditya Birla Sun Life Banking & PSU Debt Fund - DIRECT - IDCW,Aditya Birla Sun Life Mutual Fund,Open Ended Schemes,Debt Scheme - Banking and PSU Fund,INF209KA12Z1,INF209KA13Z9,nav_119551_20260625.csv,155.1952,-0.0446000000000026,-0.0287380022062555
119551,2021-06-23,155.1573,Aditya Birla Sun Life Banking & PSU Debt Fund - DIRECT - IDCW,Aditya Birla Sun Life Mutual Fund,Open Ended Schemes,Debt Scheme - Banking and PSU Fund,INF209KA12Z1,INF209KA13Z9,nav_119551_20260625.csv,155.1506,0.006699999999995,0.0043183848467199
119551,2021-06-24,155.1814,Aditya Birla Sun Life Banking & PSU Debt Fund - DIRECT - IDCW,Aditya Birla Sun Life Mutual Fund,Open Ended Schemes,Debt Scheme - Banking and PSU Fund,INF209KA12Z1,INF209KA13Z9,nav_119551_20260625.csv,155.1573,0.0241000000000042,0.0155326239886903
119551,2021-06-25,155.1462,Aditya Birla Sun Life Banking & PSU Debt Fund - DIRECT - IDCW,Aditya Birla Sun Life Mutual Fund,Open Ended Schemes,Debt Scheme - Banking and PSU Fund,INF209KA12Z1,INF209KA13Z9,nav_119551_20260625.csv,155.1814,-0.0352000000000032,-0.0226831308391361
119551,2021-06-28,155.1258,Aditya Birla Sun Life Banking & PSU Debt Fund - DIRECT - IDCW,Aditya Birla Sun Life Mutual Fund,Open Ended Schemes,Debt Scheme - Banking and PSU Fund,INF209KA12Z1,INF209KA13Z9,nav_119551_20260625.csv,155.1462,-0.020399999999995,-0.0131488879521348
119551,2021-06-29,155.1137,Aditya Birla Sun Life Banking & PSU Debt Fund - DIRECT - IDCW,Aditya Birla Sun Life Mutual Fund,Open Ended Schemes,Debt Scheme - Banking and PSU Fund,INF209KA12Z1,INF209KA13Z9,nav_119551_20260625.csv,155.1258,-0.0121000000000037,-0.0078001209341088
119551,2021-06-30,141.9021,Aditya Birla Sun Life Banking & PSU Debt Fund - DIRECT - IDCW,Aditya Birla Sun Life Mutual Fund,Open Ended Schemes,Debt Scheme - Banking and PSU Fund,INF209KA12Z1,INF209KA13Z9,nav_119551_20260625.csv,155.1137,-13.211600000000004,-8.51736500386491
119551,2021-07-01,141.9515,Aditya Birla Sun Life Banking & PSU Debt Fund - DIRECT - IDCW,Aditya Birla Sun Life Mutual Fund,Open Ended Schemes,Debt Scheme - Banking and PSU Fund,INF209KA12Z1,INF209KA13Z9,nav_119551_20260625.csv,141.9021,0.0494000000000198,0.0348127335677342
119551,2021-07-02,141.9245,Aditya Birla Sun Life Banking & PSU Debt Fund - DIRECT - IDCW,Aditya Birla Sun Life Mutual Fund,Open Ended Schemes,Debt Scheme - Banking and PSU Fund,INF209KA12Z1,INF209KA13Z9,nav_119551_20260625.csv,141.9515,-0.0270000000000152,-0.0190205809730895
119551,2021-07-05,142.0229,Aditya Birla Sun Life Banking & PSU Debt Fund - DIRECT - IDCW,Aditya Birla Sun Life Mutual Fund,Open Ended Schemes,Debt Scheme - Banking and PSU Fund,INF209KA12Z1,INF209KA13Z9,nav_119551_20260625.csv,141.9245,0.098399999999998,0.0693326381280173
119551,2021-07-06,141.942,Aditya Birla Sun Life Banking & PSU Debt Fund - DIRECT - IDCW,Aditya Birla Sun Life Mutual Fund,Open Ended Schemes,Debt Scheme - Banking and PSU Fund,INF209KA12Z1,INF209KA13Z9,nav_119551_20260625.csv,142.0229,-0.0808999999999855,-0.0569626447565748
119551,2021-07-07,142.0218,Aditya Birla Sun Life Banking & PSU Debt Fund - DIRECT - IDCW,Aditya Birla Sun Life Mutual Fund,Open Ended Schemes,Debt Scheme - Banking and PSU Fund,INF209KA12Z1,INF209KA13Z9,nav_119551_20260625.csv,141.942,0.0798000000000058,0.0562201462569259
119551,2021-07-08,142.1696,Aditya Birla Sun Life Banking & PSU Debt Fund - DIRECT - IDCW,Aditya Birla Sun Life Mutual Fund,Open Ended Schemes,Debt Scheme - Banking and PSU Fund,INF209KA12Z1,INF209KA13Z9,nav_119551_20260625.csv,142.0218,0.1477999999999895,0.1040685303242104
119551,2021-07-09,142.2029,Aditya Birla Sun Life Banking & PSU Debt Fund - DIRECT - IDCW,Aditya Birla Sun Life Mutual Fund,Open Ended Schemes,Debt Scheme - Banking and PSU Fund,INF209KA12Z1,INF209KA13Z9,nav_119551_20260625.csv,142.1696,0.033299999999997,0.0234227289096944
119551,2021-07-12,142.1602,Aditya Birla Sun Life Banking & PSU Debt Fund - DIRECT - IDCW,Aditya Birla Sun Life Mutual Fund,Open Ended Schemes,Debt Scheme - Banking and PSU Fund,INF209KA12Z1,INF209KA13Z9,nav_119551_20260625.csv,142.2029,-0.0426999999999964,-0.0300275170196925
119551,2021-07-13,142.2948,Aditya Birla Sun Life Banking & PSU Debt Fund - DIRECT - IDCW,Aditya Birla Sun Life Mutual Fund,Open Ended Schemes,Debt Scheme - Banking and PSU Fund,INF209KA12Z1,INF209KA13Z9,nav_119551_20260625.csv,142.1602,0.134600000000006,0.0946819151914572
119551,2021-07-14,142.2968,Aditya Birla Sun Life Banking & PSU Debt Fund - DIRECT - IDCW,Aditya Birla Sun Life Mutual Fund,Open Ended Schemes,Debt Scheme - Banking and PSU Fund,INF209KA12Z1,INF209KA13Z9,nav_119551_20260625.csv,142.2948,0.0019999999999811,0.0014055327390608
119551,2021-07-15,142.3806,Aditya Birla Sun Life Banking & PSU Debt Fund - DIRECT - IDCW,Aditya Birla Sun Life Mutual Fund,Open Ended Schemes,Debt Scheme - Banking and PSU Fund,INF209KA12Z1,INF209KA13Z9,nav_119551_20260625.csv,142.2968,0.0837999999999965,0.0588909940350004
119551,2021-07-16,142.5092,Aditya Birla Sun Life Banking & PSU Debt Fund - DIRECT - IDCW,Aditya Birla Sun Life Mutual Fund,Open Ended Schemes,Debt Scheme - Banking and PSU Fund,INF209KA12Z1,INF209KA13Z9,nav_119551_20260625.csv,142.3806,0.1286000000000058,0.0903212937717679
119551,2021-07-19,142.5654,Aditya Birla Sun Life Banking & PSU Debt Fund - DIRECT - IDCW,Aditya Birla Sun Life Mutual Fund,Open Ended Schemes,Debt Scheme - Banking and PSU Fund,INF209KA12Z1,INF209KA13Z9,nav_119551_20260625.csv,142.5092,0.0562000000000182,0.0394360504444753
119551,2021-07-20,142.6213,Aditya Birla Sun Life Banking & PSU Debt Fund - DIRECT - IDCW,Aditya Birla Sun Life Mutual Fund,Open Ended Schemes,Debt Scheme - Banking and PSU Fund,INF209KA12Z1,INF209KA13Z9,nav_119551_20260625.csv,142.5654,0.0558999999999798,0.0392100748147726
119551,2021-07-22,142.6239,Aditya Birla Sun Life Banking & PSU Debt Fund - DIRECT - IDCW,Aditya Birla Sun Life Mutual Fund,Open Ended Schemes,Debt Scheme - Banking and PSU Fund,INF209KA12Z1,INF209KA13Z9,nav_119551_20260625.csv,142.6213,0.002600000000001,0.0018230096065602
119551,2021-07-23,142.6218,Aditya Birla Sun Life Banking & PSU Debt Fund - DIRECT - IDCW,Aditya Birla Sun Life Mutual Fund,Open Ended Schemes,Debt Scheme - Banking and PSU Fund,INF209KA12Z1,INF209KA13Z9,nav_119551_20260625.csv,142.6239,-0.0020999999999844,-0.0014724039939901
119551,2021-07-26,142.719,Aditya Birla Sun Life Banking & PSU Debt Fund - DIRECT - IDCW,Aditya Birla Sun Life Mutual Fund,Open Ended Schemes,Debt Scheme - Banking and PSU Fund,INF209KA12Z1,INF209KA13Z9,nav_119551_20260625.csv,142.6218,0.0971999999999866,0.0681522740562709
119551,2021-07-27,142.7747,Aditya Birla Sun Life Banking & PSU Debt Fund - DIRECT - IDCW,Aditya Birla Sun Life Mutual Fund,Open Ended Schemes,Debt Scheme - Banking and PSU Fund,INF209KA12Z1,INF209KA13Z9,nav_119551_20260625.csv,142.719,0.0557000000000016,0.0390277398244113
119551,2021-07-28,142.8006,Aditya Birla Sun Life Banking & PSU Debt Fund - DIRECT - IDCW,Aditya Birla Sun Life Mutual Fund,Open Ended Schemes,Debt Scheme - Banking and PSU Fund,INF209KA12Z1,INF209KA13Z9,nav_119551_20260625.csv,142.7747,0.0259000000000071,0.0181404688645867
119551,2021-07-29,142.8184,Aditya Birla Sun Life Banking & PSU Debt Fund - DIRECT - IDCW,Aditya Birla Sun Life Mutual Fund,Open Ended Schemes,Debt Scheme - Banking and PSU Fund,INF209KA12Z1,INF209KA13Z9,nav_119551_20260625.csv,142.8006,0.017799999999994,0.0124649336207229
119551,2021-07-30,142.839,Aditya Birla Sun Life Banking & PSU Debt Fund - DIRECT - IDCW,Aditya Birla Sun Life Mutual Fund,Open Ended Schemes,Debt Scheme - Banking and PSU Fund,INF209KA12Z1,INF209KA13Z9,nav_119551_20260625.csv,142.8184,0.0206000000000017,0.0144239117648718
119551,2021-08-02,142.9005,Aditya Birla Sun Life Banking & PSU Debt Fund - DIRECT - IDCW,Aditya Birla Sun Life Mutual Fund,Open Ended Schemes,Debt Scheme - Banking and PSU Fund,INF209KA12Z1,INF209KA13Z9,nav_119551_20260625.csv,142.839,0.0614999999999952,0.0430554680444383
119551,2021-08-03,142.9404,Aditya Birla Sun Life Banking & PSU Debt Fund - DIRECT - IDCW,Aditya Birla Sun Life Mutual Fund,Open Ended Schemes,Debt Scheme - Banking and PSU Fund,INF209KA12Z1,INF209KA13Z9,nav_119551_20260625.csv,142.9005,0.0399000000000171,0.0279215258169265
119551,2021-08-04,142.9647,Aditya Birla Sun Life Banking & PSU Debt Fund - DIRECT - IDCW,Aditya Birla Sun Life Mutual Fund,Open Ended Schemes,Debt Scheme - Banking and PSU Fund,INF209KA12Z1,INF209KA13Z9,nav_119551_20260625.csv,142.9404,0.0242999999999824,0.0170000923461683
119551,2021-08-05,143.021,Aditya Birla Sun Life Banking & PSU Debt Fund - DIRECT - IDCW,Aditya Birla Sun Life Mutual Fund,Open Ended Schemes,Debt Scheme - Banking and PSU Fund,INF209KA12Z1,INF209KA13Z9,nav_119551_20260625.csv,142.9647,0.0562999999999931,0.039380350534078
119551,2021-08-06,142.91,Aditya Birla Sun Life Banking & PSU Debt Fund - DIRECT - IDCW,Aditya Birla Sun Life Mutual Fund,Open Ended Schemes,Debt Scheme - Banking and PSU Fund,INF209KA12Z1,INF209KA13Z9,nav_119551_20260625.csv,143.021,-0.11099999999999,-0.077610980205697
119551,2021-08-09,142.9661,Aditya Birla Sun Life Banking & PSU Debt Fund - DIRECT - IDCW,Aditya Birla Sun Life Mutual Fund,Open Ended Schemes,Debt Scheme - Banking and PSU Fund,INF209KA12Z1,INF209KA13Z9,nav_119551_20260625.csv,142.91,0.0561000000000149,0.039255475474085
119551,2021-08-10,143.0486,Aditya Birla Sun Life Banking & PSU Debt Fund - DIRECT - IDCW,Aditya Birla Sun Life Mutual Fund,Open Ended Schemes,Debt Scheme - Banking and PSU Fund,INF209KA12Z1,INF209KA13Z9,nav_119551_20260625.csv,142.9661,0.0824999999999818,0.0577059876432117
119551,2021-08-11,143.0625,Aditya Birla Sun Life Banking & PSU Debt Fund - DIRECT - IDCW,Aditya Birla Sun Life Mutual Fund,Open Ended Schemes,Debt Scheme - Banking and PSU Fund,INF209KA12Z1,INF209KA13Z9,nav_119551_20260625.csv,143.0486,0.0139000000000066,0.0097169773070178
119551,2021-08-12,143.136,Aditya Birla Sun Life Banking & PSU Debt Fund - DIRECT - IDCW,Aditya Birla Sun Life Mutual Fund,Open Ended Schemes,Debt Scheme - Banking and PSU Fund,INF209KA12Z1,INF209KA13Z9,nav_119551_20260625.csv,143.0625,0.0734999999999956,0.0513761467889878
119551,2021-08-13,143.2392,Aditya Birla Sun Life Banking & PSU Debt Fund - DIRECT - IDCW,Aditya Birla Sun Life Mutual Fund,Open Ended Schemes,Debt Scheme - Banking and PSU Fund,INF209KA12Z1,INF209KA13Z9,nav_119551_20260625.csv,143.136,0.1032000000000152,0.0720992622401179
119551,2021-08-17,143.3696,Aditya Birla Sun Life Banking & PSU Debt Fund - DIRECT - IDCW,Aditya Birla Sun Life Mutual Fund,Open Ended Schemes,Debt Scheme - Banking and PSU Fund,INF209KA12Z1,INF209KA13Z9,nav_119551_20260625.csv,143.2392,0.1303999999999803,0.0910365318990753
119551,2021-08-18,143.4818,Aditya Birla Sun Life Banking & PSU Debt Fund - DIRECT - IDCW,Aditya Birla Sun Life Mutual Fund,Open Ended Schemes,Debt Scheme - Banking and PSU Fund,INF209KA12Z1,INF209KA13Z9,nav_119551_20260625.csv,143.3696,0.1122000000000014,0.0782592683525666
119551,2021-08-20,143.5164,Aditya Birla Sun Life Banking & PSU Debt Fund - DIRECT - IDCW,Aditya Birla Sun Life Mutual Fund,Open Ended Schemes,Debt Scheme - Banking and PSU Fund,INF209KA12Z1,INF209KA13Z9,nav_119551_20260625.csv,143.4818,0.0346000000000117,0.024114556689428
119551,2021-08-23,143.5597,Aditya Birla Sun Life Banking & PSU Debt Fund - DIRECT - IDCW,Aditya Birla Sun Life Mutual Fund,Open Ended Schemes,Debt Scheme - Banking and PSU Fund,INF209KA12Z1,INF209KA13Z9,nav_119551_20260625.csv,143.5164,0.0432999999999879,0.0301707679401015
119551,2021-08-24,143.5629,Aditya Birla Sun Life Banking & PSU Debt Fund - DIRECT - IDCW,Aditya Birla Sun Life Mutual Fund,Open Ended Schemes,Debt Scheme - Banking and PSU Fund,INF209KA12Z1,INF209KA13Z9,nav_119551_20260625.csv,143.5597,0.0032000000000209,0.0022290378149445
119551,2021-08-25,143.5853,Aditya Birla Sun Life Banking & PSU Debt Fund - DIRECT - IDCW,Aditya Birla Sun Life Mutual Fund,Open Ended Schemes,Debt Scheme - Banking and PSU Fund,INF209KA12Z1,INF209KA13Z9,nav_119551_20260625.csv,143.5629,0.0223999999999762,0.0156029169095749
119551,2021-08-26,143.5893,Aditya Birla Sun Life Banking & PSU Debt Fund - DIRECT - IDCW,Aditya Birla Sun Life Mutual Fund,Open Ended Schemes,Debt Scheme - Banking and PSU Fund,INF209KA12Z1,INF209KA13Z9,nav_119551_20260625.csv,143.5853,0.004000000000019,0.0027858004963036
119551,2021-08-27,143.6277,Aditya Birla Sun Life Banking & PSU Debt Fund - DIRECT - IDCW,Aditya Birla Sun Life Mutual Fund,Open Ended Schemes,Debt Scheme - Banking and PSU Fund,INF209KA12Z1,INF209KA13Z9,nav_119551_20260625.csv,143.5893,0.0383999999999957,0.0267429397594359
119551,2021-08-30,143.7535,Aditya Birla Sun Life Banking & PSU Debt Fund - DIRECT - IDCW,Aditya Birla Sun Life Mutual Fund,Open Ended Schemes,Debt Scheme - Banking and PSU Fund,INF209KA12Z1,INF209KA13Z9,nav_119551_20260625.csv,143.6277,0.1257999999999981,0.0875875614522812
119551,2021-08-31,143.7984,Aditya Birla Sun Life Banking & PSU Debt Fund - DIRECT - IDCW,Aditya Birla Sun Life Mutual Fund,Open Ended Schemes,Debt Scheme - Banking and PSU Fund,INF209KA12Z1,INF209KA13Z9,nav_119551_20260625.csv,143.7535,0.0448999999999841,0.0312340221281458
119551,2021-09-01,143.8746,Aditya Birla Sun Life Banking & PSU Debt Fund - DIRECT - IDCW,Aditya Birla Sun Life Mutual Fund,Open Ended Schemes,Debt Scheme - Banking and PSU Fund,INF209KA12Z1,INF209KA13Z9,nav_119551_20260625.csv,143.7984,0.0762,0.0529908538620736
119551,2021-09-02,143.9444,Aditya Birla Sun Life Banking & PSU Debt Fund - DIRECT - IDCW,Aditya Birla Sun Life Mutual Fund,Open Ended Schemes,Debt Scheme - Banking and PSU Fund,INF209KA12Z1,INF209KA13Z9,nav_119551_20260625.csv,143.8746,0.0698000000000149,0.0485144702400666
119551,2021-09-03,143.9699,Aditya Birla Sun Life Banking & PSU Debt Fund - DIRECT - IDCW,Aditya Birla Sun Life Mutual Fund,Open Ended Schemes,Debt Scheme - Banking and PSU Fund,INF209KA12Z1,INF209KA13Z9,nav_119551_20260625.csv,143.9444,0.0254999999999938,0.017715173358598
119551,2021-09-06,144.0148,Aditya Birla Sun Life Banking & PSU Debt Fund - DIRECT - IDCW,Aditya Birla Sun Life Mutual Fund,Open Ended Schemes,Debt Scheme - Banking and PSU Fund,INF209KA12Z1,INF209KA13Z9,nav_119551_20260625.csv,143.9699,0.0449000000000125,0.0311870745204467
119551,2021-09-07,144.0042,Aditya Birla Sun Life Banking & PSU Debt Fund - DIRECT - IDCW,Aditya Birla Sun Life Mutual Fund,Open Ended Schemes,Debt Scheme - Banking and PSU Fund,INF209KA12Z1,INF209KA13Z9,nav_119551_20260625.csv,144.0148,-0.0106000000000108,-0.007360354630226
119551,2021-09-08,144.0275,Aditya Birla Sun Life Banking & PSU Debt Fund - DIRECT - IDCW,Aditya Birla Sun Life Mutual Fund,Open Ended Schemes,Debt Scheme - Banking and PSU Fund,INF209KA12Z1,INF209KA13Z9,nav_119551_20260625.csv,144.0042,0.023300000000006,0.0161800836364537
119551,2021-09-09,144.0574,Aditya Birla Sun Life Banking & PSU Debt Fund - DIRECT - IDCW,Aditya Birla Sun Life Mutual Fund,Open Ended Schemes,Debt Scheme - Banking and PSU Fund,INF209KA12Z1,INF209KA13Z9,nav_119551_20260625.csv,144.0275,0.0298999999999978,0.0207599243200068
119551,2021-09-13,144.1118,Aditya Birla Sun Life Banking & PSU Debt Fund - DIRECT - IDCW,Aditya Birla Sun Life Mutual Fund,Open Ended Schemes,Debt Scheme - Banking and PSU Fund,INF209KA12Z1,INF209KA13Z9,nav_119551_20260625.csv,144.0574,0.0543999999999869,0.0377627251359436
119551,2021-09-14,144.1251,Aditya Birla Sun Life Banking & PSU Debt Fund - DIRECT - IDCW,Aditya Birla Sun Life Mutual Fund,Open Ended Schemes,Debt Scheme - Banking and PSU Fund,INF209KA12Z1,INF209KA13Z9,nav_119551_20260625.csv,144.1118,0.0133000000000151,0.0092289458600997
119551,2021-09-15,131.1996,Aditya Birla Sun Life Banking & PSU Debt Fund - DIRECT - IDCW,Aditya Birla Sun Life Mutual Fund,Open Ended Schemes,Debt Scheme - Banking and PSU Fund,INF209KA12Z1,INF209KA13Z9,nav_119551_20260625.csv,144.1251,-12.9255,-8.96825049904562
119551,2021-09-16,131.2345,Aditya Birla Sun Life Banking & PSU Debt Fund - DIRECT - IDCW,Aditya Birla Sun Life Mutual Fund,Open Ended Schemes,Debt Scheme - Banking and PSU Fund,INF209KA12Z1,INF209KA13Z9,nav_119551_20260625.csv,131.1996,0.0348999999999932,0.0266006908557596
119551,2021-09-17,131.2591,Aditya Birla Sun Life Banking & PSU Debt Fund - DIRECT - IDCW,Aditya Birla Sun Life Mutual Fund,Open Ended Schemes,Debt Scheme - Banking and PSU Fund,INF209KA12Z1,INF209KA13Z9,nav_119551_20260625.csv,131.2345,0.0245999999999924,0.018745070846456
119551,2021-09-20,131.3222,Aditya Birla Sun Life Banking & PSU Debt Fund - DIRECT - IDCW,Aditya Birla Sun Life Mutual Fund,Open Ended Schemes,Debt Scheme - Banking and PSU Fund,INF209KA12Z1,INF209KA13Z9,nav_119551_20260625.csv,131.2591,0.0631000000000199,0.0480728574247575
119551,2021-09-21,131.3316,Aditya Birla Sun Life Banking & PSU Debt Fund - DIRECT - IDCW,Aditya Birla Sun Life Mutual Fund,Open Ended Schemes,Debt Scheme - Banking and PSU Fund,INF209KA12Z1,INF209KA13Z9,nav_119551_20260625.csv,131.3222,0.0093999999999994,0.0071579671982341
119551,2021-09-22,131.3513,Aditya Birla Sun Life Banking & PSU Debt Fund - DIRECT - IDCW,Aditya Birla Sun Life Mutual Fund,Open Ended Schemes,Debt Scheme - Banking and PSU Fund,INF209KA12Z1,INF209KA13Z9,nav_119551_20260625.csv,131.3316,0.0197000000000002,0.0150001979721561
119551,2021-09-23,131.3554,Aditya Birla Sun Life Banking & PSU Debt Fund - DIRECT - IDCW,Aditya Birla Sun Life Mutual Fund,Open Ended Schemes,Debt Scheme - Banking and PSU Fund,INF209KA12Z1,INF209KA13Z9,nav_119551_20260625.csv,131.3513,0.0040999999999939,0.0031214003972507
119551,2021-09-24,131.2694,Aditya Birla Sun Life Banking & PSU Debt Fund - DIRECT - IDCW,Aditya Birla Sun Life Mutual Fund,Open Ended Schemes,Debt Scheme - Banking and PSU Fund,INF209KA12Z1,INF209KA13Z9,nav_119551_20260625.csv,131.3554,-0.0860000000000127,-0.0654712330060376
119551,2021-09-27,131.258,Aditya Birla Sun Life Banking & PSU Debt Fund - DIRECT - IDCW,Aditya Birla Sun Life Mutual Fund,Open Ended Schemes,Debt Scheme - Banking and PSU Fund,INF209KA12Z1,INF209KA13Z9,nav_119551_20260625.csv,131.2694,-0.0113999999999805,-0.0086844306441413
119551,2021-09-28,131.3044,Aditya Birla Sun Life Banking & PSU Debt Fund - DIRECT - IDCW,Aditya Birla Sun Life Mutual Fund,Open Ended Schemes,Debt Scheme - Banking and PSU Fund,INF209KA12Z1,INF209KA13Z9,nav_119551_20260625.csv,131.258,0.0463999999999771,0.035350226271905
119551,2021-09-29,131.2328,Aditya Birla Sun Life Banking & PSU Debt Fund - DIRECT - IDCW,Aditya Birla Sun Life Mutual Fund,Open Ended Schemes,Debt Scheme - Banking and PSU Fund,INF209KA12Z1,INF209KA13Z9,nav_119551_20260625.csv,131.3044,-0.0715999999999894,-0.0545297796570331
119551,2021-09-30,131.2526,Aditya Birla Sun Life Banking & PSU Debt Fund - DIRECT - IDCW,Aditya Birla Sun Life Mutual Fund,Open Ended Schemes,Debt Scheme - Banking and PSU Fund,INF209KA12Z1,INF209KA13Z9,nav_119551_20260625.csv,131.2328,0.0198000000000035,0.0150876914917639
119551,2021-10-01,131.2393,Aditya Birla Sun Life Banking & PSU Debt Fund - DIRECT - IDCW,Aditya Birla Sun Life Mutual Fund,Open Ended Schemes,Debt Scheme - Banking and PSU Fund,INF209KA12Z1,INF209KA13Z9,nav_119551_20260625.csv,131.2526,-0.0133000000000151,-0.0101331326008133
119551,2021-10-04,131.3094,Aditya Birla Sun Life Banking & PSU Debt Fund - DIRECT - IDCW,Aditya Birla Sun Life Mutual Fund,Open Ended Schemes,Debt Scheme - Banking and PSU Fund,INF209KA12Z1,INF209KA13Z9,nav_119551_20260625.csv,131.2393,0.0701000000000249,0.0534138783123842
119551,2021-10-05,131.2616,Aditya Birla Sun Life Banking & PSU Debt Fund - DIRECT - IDCW,Aditya Birla Sun Life Mutual Fund,Open Ended Schemes,Debt Scheme - Banking and PSU Fund,INF209KA12Z1,INF209KA13Z9,nav_119551_20260625.csv,131.3094,-0.0478000000000236,-0.036402572854665
119551,2021-10-06,131.2459,Aditya Birla Sun Life Banking & PSU Debt Fund - DIRECT - IDCW,Aditya Birla Sun Life Mutual Fund,Open Ended Schemes,Debt Scheme - Banking and PSU Fund,INF209KA12Z1,INF209KA13Z9,nav_119551_20260625.csv,131.2616,-0.0156999999999811,-0.0119608476507837
119551,2021-10-07,131.2265,Aditya Birla Sun Life Banking & PSU Debt Fund - DIRECT - IDCW,Aditya Birla Sun Life Mutual Fund,Open Ended Schemes,Debt Scheme - Banking and PSU Fund,INF209KA12Z1,INF209KA13Z9,nav_119551_20260625.csv,131.2459,-0.0194000000000187,-0.0147814141241888
119551,2021-10-08,131.2335,Aditya Birla Sun Life Banking & PSU Debt Fund - DIRECT - IDCW,Aditya Birla Sun Life Mutual Fund,Open Ended Schemes,Debt Scheme - Banking and PSU Fund,INF209KA12Z1,INF209KA13Z9,nav_119551_20260625.csv,131.2265,0.007000000000005,0.0053342884249789
119551,2021-10-11,131.2562,Aditya Birla Sun Life Banking & PSU Debt Fund - DIRECT - IDCW,Aditya Birla Sun Life Mutual Fund,Open Ended Schemes,Debt Scheme - Banking and PSU Fund,INF209KA12Z1,INF209KA13Z9,nav_119551_20260625.csv,131.2335,0.0227000000000145,0.0172974126271223
119551,2021-10-12,131.2981,Aditya Birla Sun Life Banking & PSU Debt Fund - DIRECT - IDCW,Aditya Birla Sun Life Mutual Fund,Open Ended Schemes,Debt Scheme - Banking and PSU Fund,INF209KA12Z1,INF209KA13Z9,nav_119551_20260625.csv,131.2562,0.0418999999999982,0.0319223015750861
119551,2021-10-13,131.3582,Aditya Birla Sun Life Banking & PSU Debt Fund - DIRECT - IDCW,Aditya Birla Sun Life Mutual Fund,Open Ended Schemes,Debt Scheme - Banking and PSU Fund,INF209KA12Z1,INF209KA13Z9,nav_119551_20260625.csv,131.2981,0.0601000000000055,0.0457737012188337
119551,2021-10-14,131.3603,Aditya Birla Sun Life Banking & PSU Debt Fund - DIRECT - IDCW,Aditya Birla Sun Life Mutual Fund,Open Ended Schemes,Debt Scheme - Banking and PSU Fund,INF209KA12Z1,INF209KA13Z9,nav_119551_20260625.csv,131.3582,0.0020999999999844,0.001598682076935
119551,2021-10-18,131.3686,Aditya Birla Sun Life Banking & PSU Debt Fund - DIRECT - IDCW,Aditya Birla Sun Life Mutual Fund,Open Ended Schemes,Debt Scheme - Banking and PSU Fund,INF209KA12Z1,INF209KA13Z9,nav_119551_20260625.csv,131.3603,0.0082999999999913,0.0063184995771106
119551,2021-10-20,131.3437,Aditya Birla Sun Life Banking & PSU Debt Fund - DIRECT - IDCW,Aditya Birla Sun Life Mutual Fund,Open Ended Schemes,Debt Scheme - Banking and PSU Fund,INF209KA12Z1,INF209KA13Z9,nav_119551_20260625.csv,131.3686,-0.0248999999999739,-0.0189543011038969
119551,2021-10-21,131.4413,Aditya Birla Sun Life Banking & PSU Debt Fund - DIRECT - IDCW,Aditya Birla Sun Life Mutual Fund,Open Ended Schemes,Debt Scheme - Banking and PSU Fund,INF209KA12Z1,INF209KA13Z9,nav_119551_20260625.csv,131.3437,0.0975999999999999,0.0743088553162427
119551,2021-10-22,131.4697,Aditya Birla Sun Life Banking & PSU Debt Fund - DIRECT - IDCW,Aditya Birla Sun Life Mutual Fund,Open Ended Schemes,Debt Scheme - Banking and PSU Fund,INF209KA12Z1,INF209KA13Z9,nav_119551_20260625.csv,131.4413,0.0283999999999764,0.0216066030996166
119551,2021-10-25,131.5009,Aditya Birla Sun Life Banking & PSU Debt Fund - DIRECT - IDCW,Aditya Birla Sun Life Mutual Fund,Open Ended Schemes,Debt Scheme - Banking and PSU Fund,INF209KA12Z1,INF209KA13Z9,nav_119551_20260625.csv,131.4697,0.0312000000000125,0.0237317039591727
119551,2021-10-26,131.4286,Aditya Birla Sun Life Banking & PSU Debt Fund - DIRECT - IDCW,Aditya Birla Sun Life Mutual Fund,Open Ended Schemes,Debt Scheme - Banking and PSU Fund,INF209KA12Z1,INF209KA13Z9,nav_119551_20260625.csv,131.5009,-0.0723000000000126,-0.0549806123000015
119551,2021-10-27,131.4254,Aditya Birla Sun Life Banking & PSU Debt Fund - DIRECT - IDCW,Aditya Birla Sun Life Mutual Fund,Open Ended Schemes,Debt Scheme - Banking and PSU Fund,INF209KA12Z1,INF209KA13Z9,nav_119551_20260625.csv,131.4286,-0.0031999999999925,-0.0024347820793895
119551,2021-10-28,131.396,Aditya Birla Sun Life Banking & PSU Debt Fund - DIRECT - IDCW,Aditya Birla Sun Life Mutual Fund,Open Ended Schemes,Debt Scheme - Banking and PSU Fund,INF209KA12Z1,INF209KA13Z9,nav_119551_20260625.csv,131.4254,-0.0294000000000096,-0.0223701050177588
119551,2021-10-29,131.3687,Aditya Birla Sun Life Banking & PSU Debt Fund - DIRECT - IDCW,Aditya Birla Sun Life Mutual Fund,Open Ended Schemes,Debt Scheme - Banking and PSU Fund,INF209KA12Z1,INF209KA13Z9,nav_119551_20260625.csv,131.396,-0.0272999999999967,-0.0207768881853304
119551,2021-11-01,131.3951,Aditya Birla Sun Life Banking & PSU Debt Fund - DIRECT - IDCW,Aditya Birla Sun Life Mutual Fund,Open Ended Schemes,Debt Scheme - Banking and PSU Fund,INF209KA12Z1,INF209KA13Z9,nav_119551_20260625.csv,131.3687,0.0264000000000237,0.0200961111741409
119551,2021-11-02,131.3907,Aditya Birla Sun Life Banking & PSU Debt Fund - DIRECT - IDCW,Aditya Birla Sun Life Mutual Fund,Open Ended Schemes,Debt Scheme - Banking and PSU Fund,INF209KA12Z1,INF209KA13Z9,nav_119551_20260625.csv,131.3951,-0.0044000000000039,-0.0033486789081205
119551,2021-11-03,131.4386,Aditya Birla Sun Life Banking & PSU Debt Fund - DIRECT - IDCW,Aditya Birla Sun Life Mutual Fund,Open Ended Schemes,Debt Scheme - Banking and PSU Fund,INF209KA12Z1,INF209KA13Z9,nav_119551_20260625.csv,131.3907,0.0478999999999985,0.0364561570948312
119551,2021-11-08,131.6163,Aditya Birla Sun Life Banking & PSU Debt Fund - DIRECT - IDCW,Aditya Birla Sun Life Mutual Fund,Open Ended Schemes,Debt Scheme - Banking and PSU Fund,INF209KA12Z1,INF209KA13Z9,nav_119551_20260625.csv,131.4386,0.1776999999999873,0.1351962056808177
119551,2021-11-09,131.6599,Aditya Birla Sun Life Banking & PSU Debt Fund - DIRECT - IDCW,Aditya Birla Sun Life Mutual Fund,Open Ended Schemes,Debt Scheme - Banking and PSU Fund,INF209KA12Z1,INF209KA13Z9,nav_119551_20260625.csv,131.6163,0.0435999999999978,0.0331265960219196
119551,2021-11-10,131.659,Aditya Birla Sun Life Banking & PSU Debt Fund - DIRECT - IDCW,Aditya Birla Sun Life Mutual Fund,Open Ended Schemes,Debt Scheme - Banking and PSU Fund,INF209KA12Z1,INF209KA13Z9,nav_119551_20260625.csv,131.6599,-0.0009000000000014,-0.0006835794345897
119551,2021-11-11,131.6866,Aditya Birla Sun Life Banking & PSU Debt Fund - DIRECT - IDCW,Aditya Birla Sun Life Mutual Fund,Open Ended Schemes,Debt Scheme - Banking and PSU Fund,INF209KA12Z1,INF209KA13Z9,nav_119551_20260625.csv,131.659,0.0276000000000067,0.0209632459611623
119551,2021-11-12,131.6894,Aditya Birla Sun Life Banking & PSU Debt Fund - DIRECT - IDCW,Aditya Birla Sun Life Mutual Fund,Open Ended Schemes,Debt Scheme - Banking and PSU Fund,INF209KA12Z1,INF209KA13Z9,nav_119551_20260625.csv,131.6866,0.0028000000000076,0.0021262603788143
119551,2021-11-15,131.7417,Aditya Birla Sun Life Banking & PSU Debt Fund - DIRECT - IDCW,Aditya Birla Sun Life Mutual Fund,Open Ended Schemes,Debt Scheme - Banking and PSU Fund,INF209KA12Z1,INF209KA13Z9,nav_119551_20260625.csv,131.6894,0.0523000000000024,0.0397146619241962
119551,2021-11-16,131.7479,Aditya Birla Sun Life Banking & PSU Debt Fund - DIRECT - IDCW,Aditya Birla Sun Life Mutual Fund,Open Ended Schemes,Debt Scheme - Banking and PSU Fund,INF209KA12Z1,INF209KA13Z9,nav_119551_20260625.csv,131.7417,0.0061999999999784,0.0047061788332611
119551,2021-11-17,131.7489,Aditya Birla Sun Life Banking & PSU Debt Fund - DIRECT - IDCW,Aditya Birla Sun Life Mutual Fund,Open Ended Schemes,Debt Scheme - Banking and PSU Fund,INF209KA12Z1,INF209KA13Z9,nav_119551_20260625.csv,131.7479,0.0010000000000047,0.0007590253810533
119551,2021-11-18,131.7944,Aditya Birla Sun Life Banking & PSU Debt Fund - DIRECT - IDCW,Aditya Birla Sun Life Mutual Fund,Open Ended Schemes,Debt Scheme - Banking and PSU Fund,INF209KA12Z1,INF209KA13Z9,nav_119551_20260625.csv,131.7489,0.045500000000004,0.0345353927053691
119551,2021-11-22,131.858,Aditya Birla Sun Life Banking & PSU Debt Fund - DIRECT - IDCW,Aditya Birla Sun Life Mutual Fund,Open Ended Schemes,Debt Scheme - Banking and PSU Fund,INF209KA12Z1,INF209KA13Z9,nav_119551_20260625.csv,131.7944,0.0636000000000081,0.0482569820872571
119551,2021-11-23,131.8686,Aditya Birla Sun Life Banking & PSU Debt Fund - DIRECT - IDCW,Aditya Birla Sun Life Mutual Fund,Open Ended Schemes,Debt Scheme - Banking and PSU Fund,INF209KA12Z1,INF209KA13Z9,nav_119551_20260625.csv,131.858,0.0105999999999824,0.0080389509927212
119551,2021-11-24,131.8645,Aditya Birla Sun Life Banking & PSU Debt Fund - DIRECT - IDCW,Aditya Birla Sun Life Mutual Fund,Open Ended Schemes,Debt Scheme - Banking and PSU Fund,INF209KA12Z1,INF209KA13Z9,nav_119551_20260625.csv,131.8686,-0.0040999999999939,-0.0031091556291596
119551,2021-11-25,131.8704,Aditya Birla Sun Life Banking & PSU Debt Fund - DIRECT - IDCW,Aditya Birla Sun Life Mutual Fund,Open Ended Schemes,Debt Scheme - Banking and PSU Fund,INF209KA12Z1,INF209KA13Z9,nav_119551_20260625.csv,131.8645,0.0058999999999969,0.0044742898960652
119551,2021-11-26,131.8818,Aditya Birla Sun Life Banking & PSU Debt Fund - DIRECT - IDCW,Aditya Birla Sun Life Mutual Fund,Open Ended Schemes,Debt Scheme - Banking and PSU Fund,INF209KA12Z1,INF209KA13Z9,nav_119551_20260625.csv,131.8704,0.0114000000000089,0.0086448513085642
119551,2021-11-29,131.9194,Aditya Birla Sun Life Banking & PSU Debt Fund - DIRECT - IDCW,Aditya Birla Sun Life Mutual Fund,Open Ended Schemes,Debt Scheme - Banking and PSU Fund,INF209KA12Z1,INF209KA13Z9,nav_119551_20260625.csv,131.8818,0.0375999999999976,0.0285103782326277
119551,2021-11-30,131.9668,Aditya Birla Sun Life Banking & PSU Debt Fund - DIRECT - IDCW,Aditya Birla Sun Life Mutual Fund,Open Ended Schemes,Debt Scheme - Banking and PSU Fund,INF209KA12Z1,INF209KA13Z9,nav_119551_20260625.csv,131.9194,0.0474000000000103,0.0359310306141555
119551,2021-12-01,131.9697,Aditya Birla Sun Life Banking & PSU Debt Fund - DIRECT - IDCW,Aditya Birla Sun Life Mutual Fund,Open Ended Schemes,Debt Scheme - Banking and PSU Fund,INF209KA12Z1,INF209KA13Z9,nav_119551_20260625.csv,131.9668,0.0028999999999825,0.0021975224071376
119551,2021-12-02,132.0146,Aditya Birla Sun Life Banking & PSU Debt Fund - DIRECT - IDCW,Aditya Birla Sun Life Mutual Fund,Open Ended Schemes,Debt Scheme - Banking and PSU Fund,INF209KA12Z1,INF209KA13Z9,nav_119551_20260625.csv,131.9697,0.0449000000000125,0.0340229613312848
119551,2021-12-03,132.0162,Aditya Birla Sun Life Banking & PSU Debt Fund - DIRECT - IDCW,Aditya Birla Sun Life Mutual Fund,Open Ended Schemes,Debt Scheme - Banking and PSU Fund,INF209KA12Z1,INF209KA13Z9,nav_119551_20260625.csv,132.0146,0.0015999999999962,0.0012119871589932
119551,2021-12-06,132.0903,Aditya Birla Sun Life Banking & PSU Debt Fund - DIRECT - IDCW,Aditya Birla Sun Life Mutual Fund,Open Ended Schemes,Debt Scheme - Banking and PSU Fund,INF209KA12Z1,INF209KA13Z9,nav_119551_20260625.csv,132.0162,0.0741000000000156,0.0561294750189867
119551,2021-12-07,132.0998,Aditya Birla Sun Life Banking & PSU Debt Fund - DIRECT - IDCW,Aditya Birla Sun Life Mutual Fund,Open Ended Schemes,Debt Scheme - Banking and PSU Fund,INF209KA12Z1,INF209KA13Z9,nav_119551_20260625.csv,132.0903,0.0094999999999743,0.0071920496811456
119551,2021-12-08,132.1611,Aditya Birla Sun Life Banking & PSU Debt Fund - DIRECT - IDCW,Aditya Birla Sun Life Mutual Fund,Open Ended Schemes,Debt Scheme - Banking and PSU Fund,INF209KA12Z1,INF209KA13Z9,nav_119551_20260625.csv,132.0998,0.061300000000017,0.0464043094690658
119551,2021-12-09,132.162,Aditya Birla Sun Life Banking & PSU Debt Fund - DIRECT - IDCW,Aditya Birla Sun Life Mutual Fund,Open Ended Schemes,Debt Scheme - Banking and PSU Fund,INF209KA12Z1,INF209KA13Z9,nav_119551_20260625.csv,132.1611,0.0009000000000014,0.0006809870680566
119551,2021-12-10,132.1656,Aditya Birla Sun Life Banking & PSU Debt Fund - DIRECT - IDCW,Aditya Birla Sun Life Mutual Fund,Open Ended Schemes,Debt Scheme - Banking and PSU Fund,INF209KA12Z1,INF209KA13Z9,nav_119551_20260625.csv,132.162,0.0036000000000058,0.0027239297226175
119551,2021-12-13,132.1789,Aditya Birla Sun Life Banking & PSU Debt Fund - DIRECT - IDCW,Aditya Birla Sun Life Mutual Fund,Open Ended Schemes,Debt Scheme - Banking and PSU Fund,INF209KA12Z1,INF209KA13Z9,nav_119551_20260625.csv,132.1656,0.0132999999999867,0.0100631329180866
119551,2021-12-14,132.2368,Aditya Birla Sun Life Banking & PSU Debt Fund - DIRECT - IDCW,Aditya Birla Sun Life Mutual Fund,Open Ended Schemes,Debt Scheme - Banking and PSU Fund,INF209KA12Z1,INF209KA13Z9,nav_119551_20260625.csv,132.1789,0.0578999999999894,0.0438042683060529
119551,2021-12-15,132.2563,Aditya Birla Sun Life Banking & PSU Debt Fund - DIRECT - IDCW,Aditya Birla Sun Life Mutual Fund,Open Ended Schemes,Debt Scheme - Banking and PSU Fund,INF209KA12Z1,INF209KA13Z9,nav_119551_20260625.csv,132.2368,0.019500000000022,0.0147462733520639
119551,2021-12-16,132.2637,Aditya Birla Sun Life Banking & PSU Debt Fund - DIRECT - IDCW,Aditya Birla Sun Life Mutual Fund,Open Ended Schemes,Debt Scheme - Banking and PSU Fund,INF209KA12Z1,INF209KA13Z9,nav_119551_20260625.csv,132.2563,0.0073999999999898,0.0055951965993225
119551,2021-12-17,132.2288,Aditya Birla Sun Life Banking & PSU Debt Fund - DIRECT - IDCW,Aditya Birla Sun Life Mutual Fund,Open Ended Schemes,Debt Scheme - Banking and PSU Fund,INF209KA12Z1,INF209KA13Z9,nav_119551_20260625.csv,132.2637,-0.0348999999999932,-0.0263866805480213
119551,2021-12-20,132.1983,Aditya Birla Sun Life Banking & PSU Debt Fund - DIRECT - IDCW,Aditya Birla Sun Life Mutual Fund,Open Ended Schemes,Debt Scheme - Banking and PSU Fund,INF209KA12Z1,INF209KA13Z9,nav_119551_20260625.csv,132.2288,-0.0305000000000177,-0.0230660794017776
119551,2021-12-21,132.1135,Aditya Birla Sun Life Banking & PSU Debt Fund - DIRECT - IDCW,Aditya Birla Sun Life Mutual Fund,Open Ended Schemes,Debt Scheme - Banking and PSU Fund,INF209KA12Z1,INF209KA13Z9,nav_119551_20260625.csv,132.1983,-0.0848000000000013,-0.0641460593668763
119551,2021-12-22,120.8645,Aditya Birla Sun Life Banking & PSU Debt Fund - DIRECT - IDCW,Aditya Birla Sun Life Mutual Fund,Open Ended Schemes,Debt Scheme - Banking and PSU Fund,INF209KA12Z1,INF209KA13Z9,nav_119551_20260625.csv,132.1135,-11.24899999999998,-8.514648389452994
119551,2021-12-23,120.8813,Aditya Birla Sun Life Banking & PSU Debt Fund - DIRECT - IDCW,Aditya Birla Sun Life Mutual Fund,Open Ended Schemes,Debt Scheme - Banking and PSU Fund,INF209KA12Z1,INF209KA13Z9,nav_119551_20260625.csv,120.8645,0.0167999999999892,0.0138998630697924
119551,2021-12-24,120.886,Aditya Birla Sun Life Banking & PSU Debt Fund - DIRECT - IDCW,Aditya Birla Sun Life Mutual Fund,Open Ended Schemes,Debt Scheme - Banking and PSU Fund,INF209KA12Z1,INF209KA13Z9,nav_119551_20260625.csv,120.8813,0.0046999999999997,0.003888111726131
119551,2021-12-27,120.9367,Aditya Birla Sun Life Banking & PSU Debt Fund - DIRECT - IDCW,Aditya Birla Sun Life Mutual Fund,Open Ended Schemes,Debt Scheme - Banking and PSU Fund,INF209KA12Z1,INF209KA13Z9,nav_119551_20260625.csv,120.886,0.0507000000000061,0.0419403404860829
119551,2021-12-28,120.8977,Aditya Birla Sun Life Banking & PSU Debt Fund - DIRECT - IDCW,Aditya Birla Sun Life Mutual Fund,Open Ended Schemes,Debt Scheme - Banking and PSU Fund,INF209KA12Z1,INF209KA13Z9,nav_119551_20260625.csv,120.9367,-0.0390000000000014,-0.0322482753374298
119551,2021-12-29,120.9039,Aditya Birla Sun Life Banking & PSU Debt Fund - DIRECT - IDCW,Aditya Birla Sun Life Mutual Fund,Open Ended Schemes,Debt Scheme - Banking and PSU Fund,INF209KA12Z1,INF209KA13Z9,nav_119551_20260625.csv,120.8977,0.0061999999999926,0.0051283026889615
119551,2021-12-30,120.9049,Aditya Birla Sun Life Banking & PSU Debt Fund - DIRECT - IDCW,Aditya Birla Sun Life Mutual Fund,Open Ended Schemes,Debt Scheme - Banking and PSU Fund,INF209KA12Z1,INF209KA13Z9,nav_119551_20260625.csv,120.9039,0.0010000000000047,0.0008271031786441
119551,2021-12-31,120.9424,Aditya Birla Sun Life Banking & PSU Debt Fund - DIRECT - IDCW,Aditya Birla Sun Life Mutual Fund,Open Ended Schemes,Debt Scheme - Banking and PSU Fund,INF209KA12Z1,INF209KA13Z9,nav_119551_20260625.csv,120.9049,0.0375000000000085,0.0310161126637617
119551,2022-01-03,120.9791,Aditya Birla Sun Life Banking & PSU Debt Fund - DIRECT - IDCW,Aditya Birla Sun Life Mutual Fund,Open Ended Schemes,Debt Scheme - Banking and PSU Fund,INF209KA12Z1,INF209KA13Z9,nav_119551_20260625.csv,120.9424,0.0366999999999961,0.0303450237468383
119551,2022-01-04,120.9326,Aditya Birla Sun Life Banking & PSU Debt Fund - DIRECT - IDCW,Aditya Birla Sun Life Mutual Fund,Open Ended Schemes,Debt Scheme - Banking and PSU Fund,INF209KA12Z1,INF209KA13Z9,nav_119551_20260625.csv,120.9791,-0.0465000000000088,-0.0384363910791276
119551,2022-01-05,120.9314,Aditya Birla Sun Life Banking & PSU Debt Fund - DIRECT - IDCW,Aditya Birla Sun Life Mutual Fund,Open Ended Schemes,Debt Scheme - Banking and PSU Fund,INF209KA12Z1,INF209KA13Z9,nav_119551_20260625.csv,120.9326,-0.0011999999999972,-0.0009922882663543
119551,2022-01-06,120.9577,Aditya Birla Sun Life Banking & PSU Debt Fund - DIRECT - IDCW,Aditya Birla Sun Life Mutual Fund,Open Ended Schemes,Debt Scheme - Banking and PSU Fund,INF209KA12Z1,INF209KA13Z9,nav_119551_20260625.csv,120.9314,0.0263000000000062,0.0217478669725201
119551,2022-01-07,120.9547,Aditya Birla Sun Life Banking & PSU Debt Fund - DIRECT - IDCW,Aditya Birla Sun Life Mutual Fund,Open Ended Schemes,Debt Scheme - Banking and PSU Fund,INF209KA12Z1,INF209KA13Z9,nav_119551_20260625.csv,120.9577,-0.0030000000000001,-0.0024802058901583
119551,2022-01-10,120.9198,Aditya Birla Sun Life Banking & PSU Debt Fund - DIRECT - IDCW,Aditya Birla Sun Life Mutual Fund,Open Ended Schemes,Debt Scheme - Banking and PSU Fund,INF209KA12Z1,INF209KA13Z9,nav_119551_20260625.csv,120.9547,-0.0349000000000074,-0.0288537774886031
119551,2022-01-11,120.9723,Aditya Birla Sun Life Banking & PSU Debt Fund - DIRECT - IDCW,Aditya Birla Sun Life Mutual Fund,Open Ended Schemes,Debt Scheme - Banking and PSU Fund,INF209KA12Z1,INF209KA13Z9,nav_119551_20260625.csv,120.9198,0.052500000000009,0.0434172071075283
119551,2022-01-12,121.0236,Aditya Birla Sun Life Banking & PSU Debt Fund - DIRECT - IDCW,Aditya Birla Sun Life Mutual Fund,Open Ended Schemes,Debt Scheme - Banking and PSU Fund,INF209KA12Z1,INF209KA13Z9,nav_119551_20260625.csv,120.9723,0.0512999999999976,0.0424064021267659
119551,2022-01-13,121.0679,Aditya Birla Sun Life Banking & PSU Debt Fund - DIRECT - IDCW,Aditya Birla Sun Life Mutual Fund,Open Ended Schemes,Debt Scheme - Banking and PSU Fund,INF209KA12Z1,INF209KA13Z9,nav_119551_20260625.csv,121.0236,0.0442999999999926,0.0366044308713281
119551,2022-01-14,121.0906,Aditya Birla Sun Life Banking & PSU Debt Fund - DIRECT - IDCW,Aditya Birla Sun Life Mutual Fund,Open Ended Schemes,Debt Scheme - Banking and PSU Fund,INF209KA12Z1,INF209KA13Z9,nav_119551_20260625.csv,121.0679,0.0227000000000003,0.0187498089914836
119551,2022-01-17,121.0746,Aditya Birla Sun Life Banking & PSU Debt Fund - DIRECT - IDCW,Aditya Birla Sun Life Mutual Fund,Open Ended Schemes,Debt Scheme - Banking and PSU Fund,INF209KA12Z1,INF209KA13Z9,nav_119551_20260625.csv,121.0906,-0.0159999999999911,-0.013213246940713
119551,2022-01-18,121.0769,Aditya Birla Sun Life Banking & PSU Debt Fund - DIRECT - IDCW,Aditya Birla Sun Life Mutual Fund,Open Ended Schemes,Debt Scheme - Banking and PSU Fund,INF209KA12Z1,INF209KA13Z9,nav_119551_20260625.csv,121.0746,0.002299999999991,0.0018996552538609
119551,2022-01-19,121.0829,Aditya Birla Sun Life Banking & PSU Debt Fund - DIRECT - IDCW,Aditya Birla Sun Life Mutual Fund,Open Ended Schemes,Debt Scheme - Banking and PSU Fund,INF209KA12Z1,INF209KA13Z9,nav_119551_20260625.csv,121.0769,0.0060000000000002,0.0049555282634426
119551,2022-01-20,121.1056,Aditya Birla Sun Life Banking & PSU Debt Fund - DIRECT - IDCW,Aditya Birla Sun Life Mutual Fund,Open Ended Schemes,Debt Scheme - Banking and PSU Fund,INF209KA12Z1,INF209KA13Z9,nav_119551_20260625.csv,121.0829,0.0227000000000003,0.0187474862263791
119551,2022-01-21,121.133,Aditya Birla Sun Life Banking & PSU Debt Fund - DIRECT - IDCW,Aditya Birla Sun Life Mutual Fund,Open Ended Schemes,Debt Scheme - Banking and PSU Fund,INF209KA12Z1,INF209KA13Z9,nav_119551_20260625.csv,121.1056,0.0274,0.0226248827469581
119551,2022-01-24,121.1248,Aditya Birla Sun Life Banking & PSU Debt Fund - DIRECT - IDCW,Aditya Birla Sun Life Mutual Fund,Open Ended Schemes,Debt Scheme - Banking and PSU Fund,INF209KA12Z1,INF209KA13Z9,nav_119551_20260625.csv,121.133,-0.0082000000000022,-0.0067694187380831
119551,2022-01-25,121.1535,Aditya Birla Sun Life Banking & PSU Debt Fund - DIRECT - IDCW,Aditya Birla Sun Life Mutual Fund,Open Ended Schemes,Debt Scheme - Banking and PSU Fund,INF209KA12Z1,INF209KA13Z9,nav_119551_20260625.csv,121.1248,0.0287000000000006,0.0236945695679172
119551,2022-01-27,121.1095,Aditya Birla Sun Life Banking & PSU Debt Fund - DIRECT - IDCW,Aditya Birla Sun Life Mutual Fund,Open Ended Schemes,Debt Scheme - Banking and PSU Fund,INF209KA12Z1,INF209KA13Z9,nav_119551_20260625.csv,121.1535,-0.0439999999999969,-0.0363175640819265
119551,2022-01-28,121.1287,Aditya Birla Sun Life Banking & PSU Debt Fund - DIRECT - IDCW,Aditya Birla Sun Life Mutual Fund,Open Ended Schemes,Debt Scheme - Banking and PSU Fund,INF209KA12Z1,INF209KA13Z9,nav_119551_20260625.csv,121.1095,0.0191999999999978,0.0158534219033171
119551,2022-01-31,121.2264,Aditya Birla Sun Life Banking & PSU Debt Fund - DIRECT - IDCW,Aditya Birla Sun Life Mutual Fund,Open Ended Schemes,Debt Scheme - Banking and PSU Fund,INF209KA12Z1,INF209KA13Z9,nav_119551_20260625.csv,121.1287,0.0977000000000032,0.0806580108595264
119551,2022-02-01,121.041,Aditya Birla Sun Life Banking & PSU Debt Fund - DIRECT - IDCW,Aditya Birla Sun Life Mutual Fund,Open Ended Schemes,Debt Scheme - Banking and PSU Fund,INF209KA12Z1,INF209KA13Z9,nav_119551_20260625.csv,121.2264,-0.1854000000000013,-0.1529369840232831
119551,2022-02-02,120.9797,Aditya Birla Sun Life Banking & PSU Debt Fund - DIRECT - IDCW,Aditya Birla Sun Life Mutual Fund,Open Ended Schemes,Debt Scheme - Banking and PSU Fund,INF209KA12Z1,INF209KA13Z9,nav_119551_20260625.csv,121.041,-0.0613000000000028,-0.0506439966622902
119551,2022-02-03,121.0079,Aditya Birla Sun Life Banking & PSU Debt Fund - DIRECT - IDCW,Aditya Birla Sun Life Mutual Fund,Open Ended Schemes,Debt Scheme - Banking and PSU Fund,INF209KA12Z1,INF209KA13Z9,nav_119551_20260625.csv,120.9797,0.0282000000000124,0.0233096957588855
119551,2022-02-04,121.0091,Aditya Birla Sun Life Banking & PSU Debt Fund - DIRECT - IDCW,Aditya Birla Sun Life Mutual Fund,Open Ended Schemes,Debt Scheme - Banking and PSU Fund,INF209KA12Z1,INF209KA13Z9,nav_119551_20260625.csv,121.0079,0.0011999999999972,0.0009916707917393
119551,2022-02-08,121.1629,Aditya Birla Sun Life Banking & PSU Debt Fund - DIRECT - IDCW,Aditya Birla Sun Life Mutual Fund,Open Ended Schemes,Debt Scheme - Banking and PSU Fund,INF209KA12Z1,INF209KA13Z9,nav_119551_20260625.csv,121.0091,0.1537999999999897,0.1270978794156718
119551,2022-02-09,121.2257,Aditya Birla Sun Life Banking & PSU Debt Fund - DIRECT - IDCW,Aditya Birla Sun Life Mutual Fund,Open Ended Schemes,Debt Scheme - Banking and PSU Fund,INF209KA12Z1,INF209KA13Z9,nav_119551_20260625.csv,121.1629,0.0628000000000099,0.0518310472925375
119551,2022-02-10,121.4458,Aditya Birla Sun Life Banking & PSU Debt Fund - DIRECT - IDCW,Aditya Birla Sun Life Mutual Fund,Open Ended Schemes,Debt Scheme - Banking and PSU Fund,INF209KA12Z1,INF209KA13Z9,nav_119551_20260625.csv,121.2257,0.2201000000000021,0.1815621604989719
119551,2022-02-11,121.5265,Aditya Birla Sun Life Banking & PSU Debt Fund - DIRECT - IDCW,Aditya Birla Sun Life Mutual Fund,Open Ended Schemes,Debt Scheme - Banking and PSU Fund,INF209KA12Z1,INF209KA13Z9,nav_119551_20260625.csv,121.4458,0.0806999999999931,0.0664493955328163
119551,2022-02-14,121.6236,Aditya Birla Sun Life Banking & PSU Debt Fund - DIRECT - IDCW,Aditya Birla Sun Life Mutual Fund,Open Ended Schemes,Debt Scheme - Banking and PSU Fund,INF209KA12Z1,INF209KA13Z9,nav_119551_20260625.csv,121.5265,0.0970999999999975,0.0799002686656799
119551,2022-02-15,121.6181,Aditya Birla Sun Life Banking & PSU Debt Fund - DIRECT - IDCW,Aditya Birla Sun Life Mutual Fund,Open Ended Schemes,Debt Scheme - Banking and PSU Fund,INF209KA12Z1,INF209KA13Z9,nav_119551_20260625.csv,121.6236,-0.0054999999999978,-0.0045221486619355
119551,2022-02-16,121.6448,Aditya Birla Sun Life Banking & PSU Debt Fund - DIRECT - IDCW,Aditya Birla Sun Life Mutual Fund,Open Ended Schemes,Debt Scheme - Banking and PSU Fund,INF209KA12Z1,INF209KA13Z9,nav_119551_20260625.csv,121.6181,0.0267000000000052,0.0219539690227073
119551,2022-02-17,121.6561,Aditya Birla Sun Life Banking & PSU Debt Fund - DIRECT - IDCW,Aditya Birla Sun Life Mutual Fund,Open Ended Schemes,Debt Scheme - Banking and PSU Fund,INF209KA12Z1,INF209KA13Z9,nav_119551_20260625.csv,121.6448,0.0112999999999914,0.0092893407691832
119551,2022-02-18,121.6824,Aditya Birla Sun Life Banking & PSU Debt Fund - DIRECT - IDCW,Aditya Birla Sun Life Mutual Fund,Open Ended Schemes,Debt Scheme - Banking and PSU Fund,INF209KA12Z1,INF209KA13Z9,nav_119551_20260625.csv,121.6561,0.0263000000000062,0.0216183158920976
119551,2022-02-21,121.7193,Aditya Birla Sun Life Banking & PSU Debt Fund - DIRECT - IDCW,Aditya Birla Sun Life Mutual Fund,Open Ended Schemes,Debt Scheme - Banking and PSU Fund,INF209KA12Z1,INF209KA13Z9,nav_119551_20260625.csv,121.6824,0.0369000000000028,0.0303248456637959
119551,2022-02-22,121.6893,Aditya Birla Sun Life Banking & PSU Debt Fund - DIRECT - IDCW,Aditya Birla Sun Life Mutual Fund,Open Ended Schemes,Debt Scheme - Banking and PSU Fund,INF209KA12Z1,INF209KA13Z9,nav_119551_20260625.csv,121.7193,-0.0300000000000011,-0.0246468719422483
119551,2022-02-23,121.7264,Aditya Birla Sun Life Banking & PSU Debt Fund - DIRECT - IDCW,Aditya Birla Sun Life Mutual Fund,Open Ended Schemes,Debt Scheme - Banking and PSU Fund,INF209KA12Z1,INF209KA13Z9,nav_119551_20260625.csv,121.6893,0.0370999999999952,0.0304874791785269
119551,2022-02-24,121.7161,Aditya Birla Sun Life Banking & PSU Debt Fund - DIRECT - IDCW,Aditya Birla Sun Life Mutual Fund,Open Ended Schemes,Debt Scheme - Banking and PSU Fund,INF209KA12Z1,INF209KA13Z9,nav_119551_20260625.csv,121.7264,-0.0103000000000008,-0.0084615991272237
119551,2022-02-25,121.7161,Aditya Birla Sun Life Banking & PSU Debt Fund - DIRECT - IDCW,Aditya Birla Sun Life Mutual Fund,Open Ended Schemes,Debt Scheme - Banking and PSU Fund,INF209KA12Z1,INF209KA13Z9,nav_119551_20260625.csv,121.7161,0.0,0.0
119551,2022-02-28,121.7348,Aditya Birla Sun Life Banking & PSU Debt Fund - DIRECT - IDCW,Aditya Birla Sun Life Mutual Fund,Open Ended Schemes,Debt Scheme - Banking and PSU Fund,INF209KA12Z1,INF209KA13Z9,nav_119551_20260625.csv,121.7161,0.0187000000000097,0.0153636207535483
119551,2022-03-02,121.665,Aditya Birla Sun Life Banking & PSU Debt Fund - DIRECT - IDCW,Aditya Birla Sun Life Mutual Fund,Open Ended Schemes,Debt Scheme - Banking and PSU Fund,INF209KA12Z1,INF209KA13Z9,nav_119551_20260625.csv,121.7348,-0.0698000000000007,-0.0573377538715311
119551,2022-03-03,121.6296,Aditya Birla Sun Life Banking & PSU Debt Fund - DIRECT - IDCW,Aditya Birla Sun Life Mutual Fund,Open Ended Schemes,Debt Scheme - Banking and PSU Fund,INF209KA12Z1,INF209KA13Z9,nav_119551_20260625.csv,121.665,-0.0354000000000098,-0.0290962889902682
119551,2022-03-04,121.6603,Aditya Birla Sun Life Banking & PSU Debt Fund - DIRECT - IDCW,Aditya Birla Sun Life Mutual Fund,Open Ended Schemes,Debt Scheme - Banking and PSU Fund,INF209KA12Z1,INF209KA13Z9,nav_119551_20260625.csv,121.6296,0.0307000000000101,0.025240566441072
119551,2022-03-07,121.6023,Aditya Birla Sun Life Banking & PSU Debt Fund - DIRECT - IDCW,Aditya Birla Sun Life Mutual Fund,Open Ended Schemes,Debt Scheme - Banking and PSU Fund,INF209KA12Z1,INF209KA13Z9,nav_119551_20260625.csv,121.6603,-0.0580000000000069,-0.0476737275841066
119551,2022-03-08,121.5935,Aditya Birla Sun Life Banking & PSU Debt Fund - DIRECT - IDCW,Aditya Birla Sun Life Mutual Fund,Open Ended Schemes,Debt Scheme - Banking and PSU Fund,INF209KA12Z1,INF209KA13Z9,nav_119551_20260625.csv,121.6023,-0.0087999999999937,-0.0072367052267874
119551,2022-03-09,121.6144,Aditya Birla Sun Life Banking & PSU Debt Fund - DIRECT - IDCW,Aditya Birla Sun Life Mutual Fund,Open Ended Schemes,Debt Scheme - Banking and PSU Fund,INF209KA12Z1,INF209KA13Z9,nav_119551_20260625.csv,121.5935,0.0208999999999974,0.0171884187888312
119551,2022-03-10,121.6699,Aditya Birla Sun Life Banking & PSU Debt Fund - DIRECT - IDCW,Aditya Birla Sun Life Mutual Fund,Open Ended Schemes,Debt Scheme - Banking and PSU Fund,INF209KA12Z1,INF209KA13Z9,nav_119551_20260625.csv,121.6144,0.055499999999995,0.045636043100155
119551,2022-03-11,121.6652,Aditya Birla Sun Life Banking & PSU Debt Fund - DIRECT - IDCW,Aditya Birla Sun Life Mutual Fund,Open Ended Schemes,Debt Scheme - Banking and PSU Fund,INF209KA12Z1,INF209KA13Z9,nav_119551_20260625.csv,121.6699,-0.0046999999999997,-0.003862911040446
119551,2022-03-14,121.7179,Aditya Birla Sun Life Banking & PSU Debt Fund - DIRECT - IDCW,Aditya Birla Sun Life Mutual Fund,Open Ended Schemes,Debt Scheme - Banking and PSU Fund,INF209KA12Z1,INF209KA13Z9,nav_119551_20260625.csv,121.6652,0.0527000000000015,0.0433155906536968
119551,2022-03-15,121.8177,Aditya Birla Sun Life Banking & PSU Debt Fund - DIRECT - IDCW,Aditya Birla Sun Life Mutual Fund,Open Ended Schemes,Debt Scheme - Banking and PSU Fund,INF209KA12Z1,INF209KA13Z9,nav_119551_20260625.csv,121.7179,0.0998000000000018,0.0819928703995072
119551,2022-03-16,121.7919,Aditya Birla Sun Life Banking & PSU Debt Fund - DIRECT - IDCW,Aditya Birla Sun Life Mutual Fund,Open Ended Schemes,Debt Scheme - Banking and PSU Fund,INF209KA12Z1,INF209KA13Z9,nav_119551_20260625.csv,121.8177,-0.0258000000000038,-0.0211791882460462
119551,2022-03-17,121.8816,Aditya Birla Sun Life Banking & PSU Debt Fund - DIRECT - IDCW,Aditya Birla Sun Life Mutual Fund,Open Ended Schemes,Debt Scheme - Banking and PSU Fund,INF209KA12Z1,INF209KA13Z9,nav_119551_20260625.csv,121.7919,0.0897000000000076,0.0736502181179599
119551,2022-03-21,121.9474,Aditya Birla Sun Life Banking & PSU Debt Fund - DIRECT - IDCW,Aditya Birla Sun Life Mutual Fund,Open Ended Schemes,Debt Scheme - Banking and PSU Fund,INF209KA12Z1,INF209KA13Z9,nav_119551_20260625.csv,121.8816,0.0657999999999958,0.0539868199957958
119551,2022-03-22,121.9441,Aditya Birla Sun Life Banking & PSU Debt Fund - DIRECT - IDCW,Aditya Birla Sun Life Mutual Fund,Open Ended Schemes,Debt Scheme - Banking and PSU Fund,INF209KA12Z1,INF209KA13Z9,nav_119551_20260625.csv,121.9474,-0.0032999999999958,-0.0027060847545711
119551,2022-03-23,112.8231,Aditya Birla Sun Life Banking & PSU Debt Fund - DIRECT - IDCW,Aditya Birla Sun Life Mutual Fund,Open Ended Schemes,Debt Scheme - Banking and PSU Fund,INF209KA12Z1,INF209KA13Z9,nav_119551_20260625.csv,121.9441,-9.12100000000001,-7.479656662355956
119551,2022-03-24,112.8542,Aditya Birla Sun Life Banking & PSU Debt Fund - DIRECT - IDCW,Aditya Birla Sun Life Mutual Fund,Open Ended Schemes,Debt Scheme - Banking and PSU Fund,INF209KA12Z1,INF209KA13Z9,nav_119551_20260625.csv,112.8231,0.0311000000000092,0.0275652769689976
119551,2022-03-25,112.9034,Aditya Birla Sun Life Banking & PSU Debt Fund - DIRECT - IDCW,Aditya Birla Sun Life Mutual Fund,Open Ended Schemes,Debt Scheme - Banking and PSU Fund,INF209KA12Z1,INF209KA13Z9,nav_119551_20260625.csv,112.8542,0.049199999999999,0.0435960735178655
119551,2022-03-28,112.9448,Aditya Birla Sun Life Banking & PSU Debt Fund - DIRECT - IDCW,Aditya Birla Sun Life Mutual Fund,Open Ended Schemes,Debt Scheme - Banking and PSU Fund,INF209KA12Z1,INF209KA13Z9,nav_119551_20260625.csv,112.9034,0.0413999999999958,0.0366685148542877
119551,2022-03-29,112.9912,Aditya Birla Sun Life Banking & PSU Debt Fund - DIRECT - IDCW,Aditya Birla Sun Life Mutual Fund,Open Ended Schemes,Debt Scheme - Banking and PSU Fund,INF209KA12Z1,INF209KA13Z9,nav_119551_20260625.csv,112.9448,0.0464000000000055,0.0410820152853478
119551,2022-03-30,113.0255,Aditya Birla Sun Life Banking & PSU Debt Fund - DIRECT - IDCW,Aditya Birla Sun Life Mutual Fund,Open Ended Schemes,Debt Scheme - Banking and PSU Fund,INF209KA12Z1,INF209KA13Z9,nav_119551_20260625.csv,112.9912,0.0342999999999875,0.0303563463349248
119551,2022-03-31,113.0782,Aditya Birla Sun Life Banking & PSU Debt Fund - DIRECT - IDCW,Aditya Birla Sun Life Mutual Fund,Open Ended Schemes,Debt Scheme - Banking and PSU Fund,INF209KA12Z1,INF209KA13Z9,nav_119551_20260625.csv,113.0255,0.0527000000000015,0.0466266461993103
119551,2022-04-04,113.1171,Aditya Birla Sun Life Banking & PSU Debt Fund - DIRECT - IDCW,Aditya Birla Sun Life Mutual Fund,Open Ended Schemes,Debt Scheme - Banking and PSU Fund,INF209KA12Z1,INF209KA13Z9,nav_119551_20260625.csv,113.0782,0.0388999999999981,0.0344009720706539
119551,2022-04-05,113.1661,Aditya Birla Sun Life Banking & PSU Debt Fund - DIRECT - IDCW,Aditya Birla Sun Life Mutual Fund,Open Ended Schemes,Debt Scheme - Banking and PSU Fund,INF209KA12Z1,INF209KA13Z9,nav_119551_20260625.csv,113.1171,0.0490000000000065,0.0433179422032624
119551,2022-04-06,113.1607,Aditya Birla Sun Life Banking & PSU Debt Fund - DIRECT - IDCW,Aditya Birla Sun Life Mutual Fund,Open Ended Schemes,Debt Scheme - Banking and PSU Fund,INF209KA12Z1,INF209KA13Z9,nav_119551_20260625.csv,113.1661,-0.0053999999999945,-0.0047717470161068
119551,2022-04-07,113.1825,Aditya Birla Sun Life Banking & PSU Debt Fund - DIRECT - IDCW,Aditya Birla Sun Life Mutual Fund,Open Ended Schemes,Debt Scheme - Banking and PSU Fund,INF209KA12Z1,INF209KA13Z9,nav_119551_20260625.csv,113.1607,0.0217999999999989,0.0192646386952351
119551,2022-04-08,112.9062,Aditya Birla Sun Life Banking & PSU Debt Fund - DIRECT - IDCW,Aditya Birla Sun Life Mutual Fund,Open Ended Schemes,Debt Scheme - Banking and PSU Fund,INF209KA12Z1,INF209KA13Z9,nav_119551_20260625.csv,113.1825,-0.2763000000000062,-0.2441190113312625
119551,2022-04-11,112.8479,Aditya Birla Sun Life Banking & PSU Debt Fund - DIRECT - IDCW,Aditya Birla Sun Life Mutual Fund,Open Ended Schemes,Debt Scheme - Banking and PSU Fund,INF209KA12Z1,INF209KA13Z9,nav_119551_20260625.csv,112.9062,-0.0583000000000026,-0.0516357826231001
119551,2022-04-12,112.8405,Aditya Birla Sun Life Banking & PSU Debt Fund - DIRECT - IDCW,Aditya Birla Sun Life Mutual Fund,Open Ended Schemes,Debt Scheme - Banking and PSU Fund,INF209KA12Z1,INF209KA13Z9,nav_119551_20260625.csv,112.8479,-0.0073999999999898,-0.0065574990761811
119551,2022-04-13,112.6844,Aditya Birla Sun Life Banking & PSU Debt Fund - DIRECT - IDCW,Aditya Birla Sun Life Mutual Fund,Open Ended Schemes,Debt Scheme - Banking and PSU Fund,INF209KA12Z1,INF209KA13Z9,nav_119551_20260625.csv,112.8405,-0.1561000000000092,-0.1383368560047227
119551,2022-04-18,112.8584,Aditya Birla Sun Life Banking & PSU Debt Fund - DIRECT - IDCW,Aditya Birla Sun Life Mutual Fund,Open Ended Schemes,Debt Scheme - Banking and PSU Fund,INF209KA12Z1,INF209KA13Z9,nav_119551_20260625.csv,112.6844,0.1740000000000066,0.1544135656754676
119551,2022-04-19,112.9046,Aditya Birla Sun Life Banking & PSU Debt Fund - DIRECT - IDCW,Aditya Birla Sun Life Mutual Fund,Open Ended Schemes,Debt Scheme - Banking and PSU Fund,INF209KA12Z1,INF209KA13Z9,nav_119551_20260625.csv,112.8584,0.0461999999999989,0.0409362528619924
119551,2022-04-20,112.936,Aditya Birla Sun Life Banking & PSU Debt Fund - DIRECT - IDCW,Aditya Birla Sun Life Mutual Fund,Open Ended Schemes,Debt Scheme - Banking and PSU Fund,INF209KA12Z1,INF209KA13Z9,nav_119551_20260625.csv,112.9046,0.0314000000000049,0.0278110900707366
119551,2022-04-21,112.956,Aditya Birla Sun Life Banking & PSU Debt Fund - DIRECT - IDCW,Aditya Birla Sun Life Mutual Fund,Open Ended Schemes,Debt Scheme - Banking and PSU Fund,INF209KA12Z1,INF209KA13Z9,nav_119551_20260625.csv,112.936,0.019999999999996,0.0177091450024757
119551,2022-04-22,112.959,Aditya Birla Sun Life Banking & PSU Debt Fund - DIRECT - IDCW,Aditya Birla Sun Life Mutual Fund,Open Ended Schemes,Debt Scheme - Banking and PSU Fund,INF209KA12Z1,INF209KA13Z9,nav_119551_20260625.csv,112.956,0.0030000000000001,0.0026559014129396
119551,2022-04-25,113.0615,Aditya Birla Sun Life Banking & PSU Debt Fund - DIRECT - IDCW,Aditya Birla Sun Life Mutual Fund,Open Ended Schemes,Debt Scheme - Banking and PSU Fund,INF209KA12Z1,INF209KA13Z9,nav_119551_20260625.csv,112.959,0.102499999999992,0.0907408882868935
119551,2022-04-26,113.0579,Aditya Birla Sun Life Banking & PSU Debt Fund - DIRECT - IDCW,Aditya Birla Sun Life Mutual Fund,Open Ended Schemes,Debt Scheme - Banking and PSU Fund,INF209KA12Z1,INF209KA13Z9,nav_119551_20260625.csv,113.0615,-0.0035999999999916,-0.0031841077643509
119551,2022-04-27,113.0954,Aditya Birla Sun Life Banking & PSU Debt Fund - DIRECT - IDCW,Aditya Birla Sun Life Mutual Fund,Open Ended Schemes,Debt Scheme - Banking and PSU Fund,INF209KA12Z1,INF209KA13Z9,nav_119551_20260625.csv,113.0579,0.0374999999999943,0.0331688453438409
119551,2022-04-28,113.0848,Aditya Birla Sun Life Banking & PSU Debt Fund - DIRECT - IDCW,Aditya Birla Sun Life Mutual Fund,Open Ended Schemes,Debt Scheme - Banking and PSU Fund,INF209KA12Z1,INF209KA13Z9,nav_119551_20260625.csv,113.0954,-0.0105999999999966,-0.0093726181613015
119551,2022-04-29,113.0956,Aditya Birla Sun Life Banking & PSU Debt Fund - DIRECT - IDCW,Aditya Birla Sun Life Mutual Fund,Open Ended Schemes,Debt Scheme - Banking and PSU Fund,INF209KA12Z1,INF209KA13Z9,nav_119551_20260625.csv,113.0848,0.0108000000000032,0.009550355131727
119551,2022-05-02,113.1319,Aditya Birla Sun Life Banking & PSU Debt Fund - DIRECT - IDCW,Aditya Birla Sun Life Mutual Fund,Open Ended Schemes,Debt Scheme - Banking and PSU Fund,INF209KA12Z1,INF209KA13Z9,nav_119551_20260625.csv,113.0956,0.0362999999999971,0.0320967393956945
119551,2022-05-04,112.4331,Aditya Birla Sun Life Banking & PSU Debt Fund - DIRECT - IDCW,Aditya Birla Sun Life Mutual Fund,Open Ended Schemes,Debt Scheme - Banking and PSU Fund,INF209KA12Z1,INF209KA13Z9,nav_119551_20260625.csv,113.1319,-0.6988000000000056,-0.6176860814677431
119551,2022-05-05,112.3588,Aditya Birla Sun Life Banking & PSU Debt Fund - DIRECT - IDCW,Aditya Birla Sun Life Mutual Fund,Open Ended Schemes,Debt Scheme - Banking and PSU Fund,INF209KA12Z1,INF209KA13Z9,nav_119551_20260625.csv,112.4331,-0.0742999999999938,-0.0660837422431595
119551,2022-05-06,112.244,Aditya Birla Sun Life Banking & PSU Debt Fund - DIRECT - IDCW,Aditya Birla Sun Life Mutual Fund,Open Ended Schemes,Debt Scheme - Banking and PSU Fund,INF209KA12Z1,INF209KA13Z9,nav_119551_20260625.csv,112.3588,-0.1148000000000024,-0.1021726825135213
119551,2022-05-09,112.2672,Aditya Birla Sun Life Banking & PSU Debt Fund - DIRECT - IDCW,Aditya Birla Sun Life Mutual Fund,Open Ended Schemes,Debt Scheme - Banking and PSU Fund,INF209KA12Z1,INF209KA13Z9,nav_119551_20260625.csv,112.244,0.0232000000000027,0.0206692562631434
119551,2022-05-10,112.3479,Aditya Birla Sun Life Banking & PSU Debt Fund - DIRECT - IDCW,Aditya Birla Sun Life Mutual Fund,Open Ended Schemes,Debt Scheme - Banking and PSU Fund,INF209KA12Z1,INF209KA13Z9,nav_119551_20260625.csv,112.2672,0.0806999999999931,0.0718820813202726
119551,2022-05-11,112.3991,Aditya Birla Sun Life Banking & PSU Debt Fund - DIRECT - IDCW,Aditya Birla Sun Life Mutual Fund,Open Ended Schemes,Debt Scheme - Banking and PSU Fund,INF209KA12Z1,INF209KA13Z9,nav_119551_20260625.csv,112.3479,0.0512000000000085,0.045572725435908
119551,2022-05-12,112.433,Aditya Birla Sun Life Banking & PSU Debt Fund - DIRECT - IDCW,Aditya Birla Sun Life Mutual Fund,Open Ended Schemes,Debt Scheme - Banking and PSU Fund,INF209KA12Z1,INF209KA13Z9,nav_119551_20260625.csv,112.3991,0.0339000000000027,0.0301603838464922
119551,2022-05-13,112.3647,Aditya Birla Sun Life Banking & PSU Debt Fund - DIRECT - IDCW,Aditya Birla Sun Life Mutual Fund,Open Ended Schemes,Debt Scheme - Banking and PSU Fund,INF209KA12Z1,INF209KA13Z9,nav_119551_20260625.csv,112.433,-0.0683000000000078,-0.0607472894968628
119551,2022-05-17,112.4137,Aditya Birla Sun Life Banking & PSU Debt Fund - DIRECT - IDCW,Aditya Birla Sun Life Mutual Fund,Open Ended Schemes,Debt Scheme - Banking and PSU Fund,INF209KA12Z1,INF209KA13Z9,nav_119551_20260625.csv,112.3647,0.0490000000000065,0.0436080014452996
119551,2022-05-18,112.4368,Aditya Birla Sun Life Banking & PSU Debt Fund - DIRECT - IDCW,Aditya Birla Sun Life Mutual Fund,Open Ended Schemes,Debt Scheme - Banking and PSU Fund,INF209KA12Z1,INF209KA13Z9,nav_119551_20260625.csv,112.4137,0.0230999999999994,0.0205490967737913
119551,2022-05-19,112.4539,Aditya Birla Sun Life Banking & PSU Debt Fund - DIRECT - IDCW,Aditya Birla Sun Life Mutual Fund,Open Ended Schemes,Debt Scheme - Banking and PSU Fund,INF209KA12Z1,INF209KA13Z9,nav_119551_20260625.csv,112.4368,0.0170999999999992,0.0152085438219508
119551,2022-05-20,112.4374,Aditya Birla Sun Life Banking & PSU Debt Fund - DIRECT - IDCW,Aditya Birla Sun Life Mutual Fund,Open Ended Schemes,Debt Scheme - Banking and PSU Fund,INF209KA12Z1,INF209KA13Z9,nav_119551_20260625.csv,112.4539,-0.0165000000000077,-0.014672679204552
119551,2022-05-23,112.5061,Aditya Birla Sun Life Banking & PSU Debt Fund - DIRECT - IDCW,Aditya Birla Sun Life Mutual Fund,Open Ended Schemes,Debt Scheme - Banking and PSU Fund,INF209KA12Z1,INF209KA13Z9,nav_119551_20260625.csv,112.4374,0.0687000000000068,0.0611006657927049
119551,2022-05-24,112.5432,Aditya Birla Sun Life Banking & PSU Debt Fund - DIRECT - IDCW,Aditya Birla Sun Life Mutual Fund,Open Ended Schemes,Debt Scheme - Banking and PSU Fund,INF209KA12Z1,INF209KA13Z9,nav_119551_20260625.csv,112.5061,0.0370999999999952,0.0329759897463295
119551,2022-05-25,112.5511,Aditya Birla Sun Life Banking & PSU Debt Fund - DIRECT - IDCW,Aditya Birla Sun Life Mutual Fund,Open Ended Schemes,Debt Scheme - Banking and PSU Fund,INF209KA12Z1,INF209KA13Z9,nav_119551_20260625.csv,112.5432,0.0079000000000064,0.0070195267239659
119551,2022-05-26,112.5751,Aditya Birla Sun Life Banking & PSU Debt Fund - DIRECT - IDCW,Aditya Birla Sun Life Mutual Fund,Open Ended Schemes,Debt Scheme - Banking and PSU Fund,INF209KA12Z1,INF209KA13Z9,nav_119551_20260625.csv,112.5511,0.0240000000000009,0.0213236476587087
119551,2022-05-27,112.5875,Aditya Birla Sun Life Banking & PSU Debt Fund - DIRECT - IDCW,Aditya Birla Sun Life Mutual Fund,Open Ended Schemes,Debt Scheme - Banking and PSU Fund,INF209KA12Z1,INF209KA13Z9,nav_119551_20260625.csv,112.5751,0.0123999999999995,0.0110148691851035
119551,2022-05-30,112.6166,Aditya Birla Sun Life Banking & PSU Debt Fund - DIRECT - IDCW,Aditya Birla Sun Life Mutual Fund,Open Ended Schemes,Debt Scheme - Banking and PSU Fund,INF209KA12Z1,INF209KA13Z9,nav_119551_20260625.csv,112.5875,0.0290999999999996,0.0258465637837234
119551,2022-05-31,112.6801,Aditya Birla Sun Life Banking & PSU Debt Fund - DIRECT - IDCW,Aditya Birla Sun Life Mutual Fund,Open Ended Schemes,Debt Scheme - Banking and PSU Fund,INF209KA12Z1,INF209KA13Z9,nav_119551_20260625.csv,112.6166,0.0634999999999905,0.0563860034843802
119551,2022-06-01,112.5519,Aditya Birla Sun Life Banking & PSU Debt Fund - DIRECT - IDCW,Aditya Birla Sun Life Mutual Fund,Open Ended Schemes,Debt Scheme - Banking and PSU Fund,INF209KA12Z1,INF209KA13Z9,nav_119551_20260625.csv,112.6801,-0.1281999999999925,-0.1137734169564923
119551,2022-06-02,112.579,Aditya Birla Sun Life Banking & PSU Debt Fund - DIRECT - IDCW,Aditya Birla Sun Life Mutual Fund,Open Ended Schemes,Debt Scheme - Banking and PSU Fund,INF209KA12Z1,INF209KA13Z9,nav_119551_20260625.csv,112.5519,0.0270999999999901,0.0240777810059093
119551,2022-06-03,112.5469,Aditya Birla Sun Life Banking & PSU Debt Fund - DIRECT - IDCW,Aditya Birla Sun Life Mutual Fund,Open Ended Schemes,Debt Scheme - Banking and PSU Fund,INF209KA12Z1,INF209KA13Z9,nav_119551_20260625.csv,112.579,-0.0320999999999997,-0.0285133106529635
119551,2022-06-06,112.53,Aditya Birla Sun Life Banking & PSU Debt Fund - DIRECT - IDCW,Aditya Birla Sun Life Mutual Fund,Open Ended Schemes,Debt Scheme - Banking and PSU Fund,INF209KA12Z1,INF209KA13Z9,nav_119551_20260625.csv,112.5469,-0.0168999999999925,-0.0150159622344041
119551,2022-06-07,112.4553,Aditya Birla Sun Life Banking & PSU Debt Fund - DIRECT - IDCW,Aditya Birla Sun Life Mutual Fund,Open Ended Schemes,Debt Scheme - Banking and PSU Fund,INF209KA12Z1,INF209KA13Z9,nav_119551_20260625.csv,112.53,-0.0747000000000071,-0.0663822980538586
119551,2022-06-08,112.5902,Aditya Birla Sun Life Banking & PSU Debt Fund - DIRECT - IDCW,Aditya Birla Sun Life Mutual Fund,Open Ended Schemes,Debt Scheme - Banking and PSU Fund,INF209KA12Z1,INF209KA13Z9,nav_119551_20260625.csv,112.4553,0.1349000000000018,0.1199587747309391
119551,2022-06-09,112.6487,Aditya Birla Sun Life Banking & PSU Debt Fund - DIRECT - IDCW,Aditya Birla Sun Life Mutual Fund,Open Ended Schemes,Debt Scheme - Banking and PSU Fund,INF209KA12Z1,INF209KA13Z9,nav_119551_20260625.csv,112.5902,0.0585000000000093,0.0519583409568588
119551,2022-06-10,112.6848,Aditya Birla Sun Life Banking & PSU Debt Fund - DIRECT - IDCW,Aditya Birla Sun Life Mutual Fund,Open Ended Schemes,Debt Scheme - Banking and PSU Fund,INF209KA12Z1,INF209KA13Z9,nav_119551_20260625.csv,112.6487,0.0360999999999904,0.0320465304970145
119551,2022-06-13,112.5985,Aditya Birla Sun Life Banking & PSU Debt Fund - DIRECT - IDCW,Aditya Birla Sun Life Mutual Fund,Open Ended Schemes,Debt Scheme - Banking and PSU Fund,INF209KA12Z1,INF209KA13Z9,nav_119551_20260625.csv,112.6848,-0.0862999999999942,-0.0765853069801732
119551,2022-06-14,112.583,Aditya Birla Sun Life Banking & PSU Debt Fund - DIRECT - IDCW,Aditya Birla Sun Life Mutual Fund,Open Ended Schemes,Debt Scheme - Banking and PSU Fund,INF209KA12Z1,INF209KA13Z9,nav_119551_20260625.csv,112.5985,-0.0155000000000029,-0.0137657251206747
119551,2022-06-15,112.5757,Aditya Birla Sun Life Banking & PSU Debt Fund - DIRECT - IDCW,Aditya Birla Sun Life Mutual Fund,Open Ended Schemes,Debt Scheme - Banking and PSU Fund,INF209KA12Z1,INF209KA13Z9,nav_119551_20260625.csv,112.583,-0.0073000000000007,-0.0064841050602673
119551,2022-06-16,112.5715,Aditya Birla Sun Life Banking & PSU Debt Fund - DIRECT - IDCW,Aditya Birla Sun Life Mutual Fund,Open Ended Schemes,Debt Scheme - Banking and PSU Fund,INF209KA12Z1,INF209KA13Z9,nav_119551_20260625.csv,112.5757,-0.0041999999999973,-0.0037308229040523
119551,2022-06-17,112.5783,Aditya Birla Sun Life Banking & PSU Debt Fund - DIRECT - IDCW,Aditya Birla Sun Life Mutual Fund,Open Ended Schemes,Debt Scheme - Banking and PSU Fund,INF209KA12Z1,INF209KA13Z9,nav_119551_20260625.csv,112.5715,0.0067999999999983,0.0060406053041829
119551,2022-06-20,112.7336,Aditya Birla Sun Life Banking & PSU Debt Fund - DIRECT - IDCW,Aditya Birla Sun Life Mutual Fund,Open Ended Schemes,Debt Scheme - Banking and PSU Fund,INF209KA12Z1,INF209KA13Z9,nav_119551_20260625.csv,112.5783,0.1552999999999968,0.1379484323355361
119551,2022-06-21,112.757,Aditya Birla Sun Life Banking & PSU Debt Fund - DIRECT - IDCW,Aditya Birla Sun Life Mutual Fund,Open Ended Schemes,Debt Scheme - Banking and PSU Fund,INF209KA12Z1,INF209KA13Z9,nav_119551_20260625.csv,112.7336,0.0234000000000094,0.0207568994514584
119551,2022-06-22,105.1767,Aditya Birla Sun Life Banking & PSU Debt Fund - DIRECT - IDCW,Aditya Birla Sun Life Mutual Fund,Open Ended Schemes,Debt Scheme - Banking and PSU Fund,INF209KA12Z1,INF209KA13Z9,nav_119551_20260625.csv,112.757,-7.580300000000008,-6.722686839841437
119551,2022-06-23,105.2106,Aditya Birla Sun Life Banking & PSU Debt Fund - DIRECT - IDCW,Aditya Birla Sun Life Mutual Fund,Open Ended Schemes,Debt Scheme - Banking and PSU Fund,INF209KA12Z1,INF209KA13Z9,nav_119551_20260625.csv,105.1767,0.0339000000000027,0.0322314733206144
119551,2022-06-24,105.1971,Aditya Birla Sun Life Banking & PSU Debt Fund - DIRECT - IDCW,Aditya Birla Sun Life Mutual Fund,Open Ended Schemes,Debt Scheme - Banking and PSU Fund,INF209KA12Z1,INF209KA13Z9,nav_119551_20260625.csv,105.2106,-0.0134999999999934,-0.0128314067213697
119551,2022-06-27,105.2922,Aditya Birla Sun Life Banking & PSU Debt Fund - DIRECT - IDCW,Aditya Birla Sun Life Mutual Fund,Open Ended Schemes,Debt Scheme - Banking and PSU Fund,INF209KA12Z1,INF209KA13Z9,nav_119551_20260625.csv,105.1971,0.0950999999999879,0.0904017316066583
119551,2022-06-28,105.2771,Aditya Birla Sun Life Banking & PSU Debt Fund - DIRECT - IDCW,Aditya Birla Sun Life Mutual Fund,Open Ended Schemes,Debt Scheme - Banking and PSU Fund,INF209KA12Z1,INF209KA13Z9,nav_119551_20260625.csv,105.2922,-0.0150999999999896,-0.014341043306142
119551,2022-06-29,105.2859,Aditya Birla Sun Life Banking & PSU Debt Fund - DIRECT - IDCW,Aditya Birla Sun Life Mutual Fund,Open Ended Schemes,Debt Scheme - Banking and PSU Fund,INF209KA12Z1,INF209KA13Z9,nav_119551_20260625.csv,105.2771,0.0087999999999937,0.008358892864634
119551,2022-06-30,105.3199,Aditya Birla Sun Life Banking & PSU Debt Fund - DIRECT - IDCW,Aditya Birla Sun Life Mutual Fund,Open Ended Schemes,Debt Scheme - Banking and PSU Fund,INF209KA12Z1,INF209KA13Z9,nav_119551_20260625.csv,105.2859,0.034000000000006,0.0322930230923666
119551,2022-07-01,105.3963,Aditya Birla Sun Life Banking & PSU Debt Fund - DIRECT - IDCW,Aditya Birla Sun Life Mutual Fund,Open Ended Schemes,Debt Scheme - Banking and PSU Fund,INF209KA12Z1,INF209KA13Z9,nav_119551_20260625.csv,105.3199,0.0763999999999924,0.0725408968295568
119551,2022-07-04,105.4884,Aditya Birla Sun Life Banking & PSU Debt Fund - DIRECT - IDCW,Aditya Birla Sun Life Mutual Fund,Open Ended Schemes,Debt Scheme - Banking and PSU Fund,INF209KA12Z1,INF209KA13Z9,nav_119551_20260625.csv,105.3963,0.092100000000002,0.0873844717509078
119551,2022-07-05,105.5371,Aditya Birla Sun Life Banking & PSU Debt Fund - DIRECT - IDCW,Aditya Birla Sun Life Mutual Fund,Open Ended Schemes,Debt Scheme - Banking and PSU Fund,INF209KA12Z1,INF209KA13Z9,nav_119551_20260625.csv,105.4884,0.0486999999999966,0.0461662135362718
119551,2022-07-06,105.7065,Aditya Birla Sun Life Banking & PSU Debt Fund - DIRECT - IDCW,Aditya Birla Sun Life Mutual Fund,Open Ended Schemes,Debt Scheme - Banking and PSU Fund,INF209KA12Z1,INF209KA13Z9,nav_119551_20260625.csv,105.5371,0.1694000000000102,0.1605122748303774
119551,2022-07-07,105.7041,Aditya Birla Sun Life Banking & PSU Debt Fund - DIRECT - IDCW,Aditya Birla Sun Life Mutual Fund,Open Ended Schemes,Debt Scheme - Banking and PSU Fund,INF209KA12Z1,INF209KA13Z9,nav_119551_20260625.csv,105.7065,-0.0024000000000086,-0.002270437484931
119551,2022-07-08,105.6723,Aditya Birla Sun Life Banking & PSU Debt Fund - DIRECT - IDCW,Aditya Birla Sun Life Mutual Fund,Open Ended Schemes,Debt Scheme - Banking and PSU Fund,INF209KA12Z1,INF209KA13Z9,nav_119551_20260625.csv,105.7041,-0.0317999999999898,-0.0300839797131708
119551,2022-07-11,105.672,Aditya Birla Sun Life Banking & PSU Debt Fund - DIRECT - IDCW,Aditya Birla Sun Life Mutual Fund,Open Ended Schemes,Debt Scheme - Banking and PSU Fund,INF209KA12Z1,INF209KA13Z9,nav_119551_20260625.csv,105.6723,-0.0003000000000099,-0.0002838965367555
119551,2022-07-12,105.7093,Aditya Birla Sun Life Banking & PSU Debt Fund - DIRECT - IDCW,Aditya Birla Sun Life Mutual Fund,Open Ended Schemes,Debt Scheme - Banking and PSU Fund,INF209KA12Z1,INF209KA13Z9,nav_119551_20260625.csv,105.672,0.0373000000000018,0.0352979029449635
119551,2022-07-13,105.7695,Aditya Birla Sun Life Banking & PSU Debt Fund - DIRECT - IDCW,Aditya Birla Sun Life Mutual Fund,Open Ended Schemes,Debt Scheme - Banking and PSU Fund,INF209KA12Z1,INF209KA13Z9,nav_119551_20260625.csv,105.7093,0.0601999999999947,0.0569486317665472
119551,2022-07-14,105.776,Aditya Birla Sun Life Banking & PSU Debt Fund - DIRECT - IDCW,Aditya Birla Sun Life Mutual Fund,Open Ended Schemes,Debt Scheme - Banking and PSU Fund,INF209KA12Z1,INF209KA13Z9,nav_119551_20260625.csv,105.7695,0.0065000000000026,0.0061454389025216
119551,2022-07-15,105.776,Aditya Birla Sun Life Banking & PSU Debt Fund - DIRECT - IDCW,Aditya Birla Sun Life Mutual Fund,Open Ended Schemes,Debt Scheme - Banking and PSU Fund,INF209KA12Z1,INF209KA13Z9,nav_119551_20260625.csv,105.776,0.0,0.0
119551,2022-07-18,105.788,Aditya Birla Sun Life Banking & PSU Debt Fund - DIRECT - IDCW,Aditya Birla Sun Life Mutual Fund,Open Ended Schemes,Debt Scheme - Banking and PSU Fund,INF209KA12Z1,INF209KA13Z9,nav_119551_20260625.csv,105.776,0.0120000000000004,0.011344728482832
119551,2022-07-19,105.7996,Aditya Birla Sun Life Banking & PSU Debt Fund - DIRECT - IDCW,Aditya Birla Sun Life Mutual Fund,Open Ended Schemes,Debt Scheme - Banking and PSU Fund,INF209KA12Z1,INF209KA13Z9,nav_119551_20260625.csv,105.788,0.0116000000000013,0.0109653268801767
119551,2022-07-20,105.8304,Aditya Birla Sun Life Banking & PSU Debt Fund - DIRECT - IDCW,Aditya Birla Sun Life Mutual Fund,Open Ended Schemes,Debt Scheme - Banking and PSU Fund,INF209KA12Z1,INF209KA13Z9,nav_119551_20260625.csv,105.7996,0.0307999999999992,0.0291116412538414
119551,2022-07-21,105.8401,Aditya Birla Sun Life Banking & PSU Debt Fund - DIRECT - IDCW,Aditya Birla Sun Life Mutual Fund,Open Ended Schemes,Debt Scheme - Banking and PSU Fund,INF209KA12Z1,INF209KA13Z9,nav_119551_20260625.csv,105.8304,0.0097000000000093,0.0091656083696266
119551,2022-07-22,105.8449,Aditya Birla Sun Life Banking & PSU Debt Fund - DIRECT - IDCW,Aditya Birla Sun Life Mutual Fund,Open Ended Schemes,Debt Scheme - Banking and PSU Fund,INF209KA12Z1,INF209KA13Z9,nav_119551_20260625.csv,105.8401,0.0047999999999888,0.004535143107375
119551,2022-07-25,105.9141,Aditya Birla Sun Life Banking & PSU Debt Fund - DIRECT - IDCW,Aditya Birla Sun Life Mutual Fund,Open Ended Schemes,Debt Scheme - Banking and PSU Fund,INF209KA12Z1,INF209KA13Z9,nav_119551_20260625.csv,105.8449,0.0692000000000092,0.065378681448052
119551,2022-07-26,105.9161,Aditya Birla Sun Life Banking & PSU Debt Fund - DIRECT - IDCW,Aditya Birla Sun Life Mutual Fund,Open Ended Schemes,Debt Scheme - Banking and PSU Fund,INF209KA12Z1,INF209KA13Z9,nav_119551_20260625.csv,105.9141,0.0019999999999953,0.0018883227067929
119551,2022-07-27,105.9293,Aditya Birla Sun Life Banking & PSU Debt Fund - DIRECT - IDCW,Aditya Birla Sun Life Mutual Fund,Open Ended Schemes,Debt Scheme - Banking and PSU Fund,INF209KA12Z1,INF209KA13Z9,nav_119551_20260625.csv,105.9161,0.0131999999999976,0.0124626945289693
119551,2022-07-28,105.9484,Aditya Birla Sun Life Banking & PSU Debt Fund - DIRECT - IDCW,Aditya Birla Sun Life Mutual Fund,Open Ended Schemes,Debt Scheme - Banking and PSU Fund,INF209KA12Z1,INF209KA13Z9,nav_119551_20260625.csv,105.9293,0.0191000000000087,0.0180308941907562
119551,2022-07-29,106.0066,Aditya Birla Sun Life Banking & PSU Debt Fund - DIRECT - IDCW,Aditya Birla Sun Life Mutual Fund,Open Ended Schemes,Debt Scheme - Banking and PSU Fund,INF209KA12Z1,INF209KA13Z9,nav_119551_20260625.csv,105.9484,0.0581999999999993,0.0549324010556076
119551,2022-08-01,106.1219,Aditya Birla Sun Life Banking & PSU Debt Fund - DIRECT - IDCW,Aditya Birla Sun Life Mutual Fund,Open Ended Schemes,Debt Scheme - Banking and PSU Fund,INF209KA12Z1,INF209KA13Z9,nav_119551_20260625.csv,106.0066,0.1152999999999906,0.1087668126324121
119551,2022-08-02,106.1993,Aditya Birla Sun Life Banking & PSU Debt Fund - DIRECT - IDCW,Aditya Birla Sun Life Mutual Fund,Open Ended Schemes,Debt Scheme - Banking and PSU Fund,INF209KA12Z1,INF209KA13Z9,nav_119551_20260625.csv,106.1219,0.0773999999999972,0.0729349926829403
119551,2022-08-03,106.15,Aditya Birla Sun Life Banking & PSU Debt Fund - DIRECT - IDCW,Aditya Birla Sun Life Mutual Fund,Open Ended Schemes,Debt Scheme - Banking and PSU Fund,INF209KA12Z1,INF209KA13Z9,nav_119551_20260625.csv,106.1993,-0.0492999999999881,-0.0464221515584265
119551,2022-08-04,106.2254,Aditya Birla Sun Life Banking & PSU Debt Fund - DIRECT - IDCW,Aditya Birla Sun Life Mutual Fund,Open Ended Schemes,Debt Scheme - Banking and PSU Fund,INF209KA12Z1,INF209KA13Z9,nav_119551_20260625.csv,106.15,0.0753999999999877,0.071031559114449
119551,2022-08-05,106.1086,Aditya Birla Sun Life Banking & PSU Debt Fund - DIRECT - IDCW,Aditya Birla Sun Life Mutual Fund,Open Ended Schemes,Debt Scheme - Banking and PSU Fund,INF209KA12Z1,INF209KA13Z9,nav_119551_20260625.csv,106.2254,-0.1167999999999978,-0.1099548695509716
119551,2022-08-08,106.1541,Aditya Birla Sun Life Banking & PSU Debt Fund - DIRECT - IDCW,Aditya Birla Sun Life Mutual Fund,Open Ended Schemes,Debt Scheme - Banking and PSU Fund,INF209KA12Z1,INF209KA13Z9,nav_119551_20260625.csv,106.1086,0.045500000000004,0.0428805959177711
119551,2022-08-10,106.2542,Aditya Birla Sun Life Banking & PSU Debt Fund - DIRECT - IDCW,Aditya Birla Sun Life Mutual Fund,Open Ended Schemes,Debt Scheme - Banking and PSU Fund,INF209KA12Z1,INF209KA13Z9,nav_119551_20260625.csv,106.1541,0.1000999999999976,0.0942968759567436
119551,2022-08-11,106.3209,Aditya Birla Sun Life Banking & PSU Debt Fund - DIRECT - IDCW,Aditya Birla Sun Life Mutual Fund,Open Ended Schemes,Debt Scheme - Banking and PSU Fund,INF209KA12Z1,INF209KA13Z9,nav_119551_20260625.csv,106.2542,0.0666999999999973,0.0627739891693667
119551,2022-08-12,106.3294,Aditya Birla Sun Life Banking & PSU Debt Fund - DIRECT - IDCW,Aditya Birla Sun Life Mutual Fund,Open Ended Schemes,Debt Scheme - Banking and PSU Fund,INF209KA12Z1,INF209KA13Z9,nav_119551_20260625.csv,106.3209,0.0085000000000121,0.0079946652069462
119551,2022-08-17,106.5092,Aditya Birla Sun Life Banking & PSU Debt Fund - DIRECT - IDCW,Aditya Birla Sun Life Mutual Fund,Open Ended Schemes,Debt Scheme - Banking and PSU Fund,INF209KA12Z1,INF209KA13Z9,nav_119551_20260625.csv,106.3294,0.1798000000000001,0.1690971640957253
119551,2022-08-18,106.5141,Aditya Birla Sun Life Banking & PSU Debt Fund - DIRECT - IDCW,Aditya Birla Sun Life Mutual Fund,Open Ended Schemes,Debt Scheme - Banking and PSU Fund,INF209KA12Z1,INF209KA13Z9,nav_119551_20260625.csv,106.5092,0.0048999999999921,0.004600541549455
119551,2022-08-19,106.5072,Aditya Birla Sun Life Banking & PSU Debt Fund - DIRECT - IDCW,Aditya Birla Sun Life Mutual Fund,Open Ended Schemes,Debt Scheme - Banking and PSU Fund,INF209KA12Z1,INF209KA13Z9,nav_119551_20260625.csv,106.5141,-0.0069000000000016,-0.0064780155866703
119551,2022-08-22,106.5568,Aditya Birla Sun Life Banking & PSU Debt Fund - DIRECT - IDCW,Aditya Birla Sun Life Mutual Fund,Open Ended Schemes,Debt Scheme - Banking and PSU Fund,INF209KA12Z1,INF209KA13Z9,nav_119551_20260625.csv,106.5072,0.049599999999998,0.0465696215842666
119551,2022-08-23,106.5597,Aditya Birla Sun Life Banking & PSU Debt Fund - DIRECT - IDCW,Aditya Birla Sun Life Mutual Fund,Open Ended Schemes,Debt Scheme - Banking and PSU Fund,INF209KA12Z1,INF209KA13Z9,nav_119551_20260625.csv,106.5568,0.002900000000011,0.0027215531998061
119551,2022-08-24,106.599,Aditya Birla Sun Life Banking & PSU Debt Fund - DIRECT - IDCW,Aditya Birla Sun Life Mutual Fund,Open Ended Schemes,Debt Scheme - Banking and PSU Fund,INF209KA12Z1,INF209KA13Z9,nav_119551_20260625.csv,106.5597,0.0392999999999972,0.0368807344615245
119551,2022-08-25,106.5824,Aditya Birla Sun Life Banking & PSU Debt Fund - DIRECT - IDCW,Aditya Birla Sun Life Mutual Fund,Open Ended Schemes,Debt Scheme - Banking and PSU Fund,INF209KA12Z1,INF209KA13Z9,nav_119551_20260625.csv,106.599,-0.0165999999999968,-0.0155723787277524
119551,2022-08-26,106.6296,Aditya Birla Sun Life Banking & PSU Debt Fund - DIRECT - IDCW,Aditya Birla Sun Life Mutual Fund,Open Ended Schemes,Debt Scheme - Banking and PSU Fund,INF209KA12Z1,INF209KA13Z9,nav_119551_20260625.csv,106.5824,0.0471999999999894,0.0442849851382493
119551,2022-08-29,106.6906,Aditya Birla Sun Life Banking & PSU Debt Fund - DIRECT - IDCW,Aditya Birla Sun Life Mutual Fund,Open Ended Schemes,Debt Scheme - Banking and PSU Fund,INF209KA12Z1,INF209KA13Z9,nav_119551_20260625.csv,106.6296,0.061000000000007,0.0572073795644052
119551,2022-08-30,106.7038,Aditya Birla Sun Life Banking & PSU Debt Fund - DIRECT - IDCW,Aditya Birla Sun Life Mutual Fund,Open Ended Schemes,Debt Scheme - Banking and PSU Fund,INF209KA12Z1,INF209KA13Z9,nav_119551_20260625.csv,106.6906,0.0131999999999976,0.0123722239822417
119551,2022-09-01,106.7475,Aditya Birla Sun Life Banking & PSU Debt Fund - DIRECT - IDCW,Aditya Birla Sun Life Mutual Fund,Open Ended Schemes,Debt Scheme - Banking and PSU Fund,INF209KA12Z1,INF209KA13Z9,nav_119551_20260625.csv,106.7038,0.0437000000000011,0.0409544927172239
119551,2022-09-02,106.7705,Aditya Birla Sun Life Banking & PSU Debt Fund - DIRECT - IDCW,Aditya Birla Sun Life Mutual Fund,Open Ended Schemes,Debt Scheme - Banking and PSU Fund,INF209KA12Z1,INF209KA13Z9,nav_119551_20260625.csv,106.7475,0.0229999999999961,0.0215461720414961
119551,2022-09-05,106.8191,Aditya Birla Sun Life Banking & PSU Debt Fund - DIRECT - IDCW,Aditya Birla Sun Life Mutual Fund,Open Ended Schemes,Debt Scheme - Banking and PSU Fund,INF209KA12Z1,INF209KA13Z9,nav_119551_20260625.csv,106.7705,0.0486000000000075,0.0455181908860664
119551,2022-09-06,106.8291,Aditya Birla Sun Life Banking & PSU Debt Fund - DIRECT - IDCW,Aditya Birla Sun Life Mutual Fund,Open Ended Schemes,Debt Scheme - Banking and PSU Fund,INF209KA12Z1,INF209KA13Z9,nav_119551_20260625.csv,106.8191,0.0099999999999909,0.0093616216575414
119551,2022-09-07,106.8681,Aditya Birla Sun Life Banking & PSU Debt Fund - DIRECT - IDCW,Aditya Birla Sun Life Mutual Fund,Open Ended Schemes,Debt Scheme - Banking and PSU Fund,INF209KA12Z1,INF209KA13Z9,nav_119551_20260625.csv,106.8291,0.0390000000000014,0.0365069068259504
119551,2022-09-08,106.9005,Aditya Birla Sun Life Banking & PSU Debt Fund - DIRECT - IDCW,Aditya Birla Sun Life Mutual Fund,Open Ended Schemes,Debt Scheme - Banking and PSU Fund,INF209KA12Z1,INF209KA13Z9,nav_119551_20260625.csv,106.8681,0.0323999999999955,0.0303177468299666
119551,2022-09-09,106.9116,Aditya Birla Sun Life Banking & PSU Debt Fund - DIRECT - IDCW,Aditya Birla Sun Life Mutual Fund,Open Ended Schemes,Debt Scheme - Banking and PSU Fund,INF209KA12Z1,INF209KA13Z9,nav_119551_20260625.csv,106.9005,0.0111000000000132,0.0103834874486211
119551,2022-09-12,106.954,Aditya Birla Sun Life Banking & PSU Debt Fund - DIRECT - IDCW,Aditya Birla Sun Life Mutual Fund,Open Ended Schemes,Debt Scheme - Banking and PSU Fund,INF209KA12Z1,INF209KA13Z9,nav_119551_20260625.csv,106.9116,0.0423999999999864,0.0396589331746849
119551,2022-09-13,106.9983,Aditya Birla Sun Life Banking & PSU Debt Fund - DIRECT - IDCW,Aditya Birla Sun Life Mutual Fund,Open Ended Schemes,Debt Scheme - Banking and PSU Fund,INF209KA12Z1,INF209KA13Z9,nav_119551_20260625.csv,106.954,0.0443000000000068,0.041419675748459
119551,2022-09-14,106.9625,Aditya Birla Sun Life Banking & PSU Debt Fund - DIRECT - IDCW,Aditya Birla Sun Life Mutual Fund,Open Ended Schemes,Debt Scheme - Banking and PSU Fund,INF209KA12Z1,INF209KA13Z9,nav_119551_20260625.csv,106.9983,-0.0357999999999947,-0.0334584755084844
119551,2022-09-15,106.9084,Aditya Birla Sun Life Banking & PSU Debt Fund - DIRECT - IDCW,Aditya Birla Sun Life Mutual Fund,Open Ended Schemes,Debt Scheme - Banking and PSU Fund,INF209KA12Z1,INF209KA13Z9,nav_119551_20260625.csv,106.9625,-0.0541000000000053,-0.0505784737641746
119551,2022-09-16,106.8585,Aditya Birla Sun Life Banking & PSU Debt Fund - DIRECT - IDCW,Aditya Birla Sun Life Mutual Fund,Open Ended Schemes,Debt Scheme - Banking and PSU Fund,INF209KA12Z1,INF209KA13Z9,nav_119551_20260625.csv,106.9084,-0.0498999999999938,-0.0466754717122263
119551,2022-09-19,106.8748,Aditya Birla Sun Life Banking & PSU Debt Fund - DIRECT - IDCW,Aditya Birla Sun Life Mutual Fund,Open Ended Schemes,Debt Scheme - Banking and PSU Fund,INF209KA12Z1,INF209KA13Z9,nav_119551_20260625.csv,106.8585,0.0162999999999868,0.0152538169635423
119551,2022-09-20,106.824,Aditya Birla Sun Life Banking & PSU Debt Fund - DIRECT - IDCW,Aditya Birla Sun Life Mutual Fund,Open Ended Schemes,Debt Scheme - Banking and PSU Fund,INF209KA12Z1,INF209KA13Z9,nav_119551_20260625.csv,106.8748,-0.0507999999999952,-0.0475322526919304
119551,2022-09-21,106.8072,Aditya Birla Sun Life Banking & PSU Debt Fund - DIRECT - IDCW,Aditya Birla Sun Life Mutual Fund,Open Ended Schemes,Debt Scheme - Banking and PSU Fund,INF209KA12Z1,INF209KA13Z9,nav_119551_20260625.csv,106.824,-0.0168000000000034,-0.0157268029656289
119551,2022-09-22,106.7549,Aditya Birla Sun Life Banking & PSU Debt Fund - DIRECT - IDCW,Aditya Birla Sun Life Mutual Fund,Open Ended Schemes,Debt Scheme - Banking and PSU Fund,INF209KA12Z1,INF209KA13Z9,nav_119551_20260625.csv,106.8072,-0.0522999999999882,-0.0489667363248809
119551,2022-09-23,106.6333,Aditya Birla Sun Life Banking & PSU Debt Fund - DIRECT - IDCW,Aditya Birla Sun Life Mutual Fund,Open Ended Schemes,Debt Scheme - Banking and PSU Fund,INF209KA12Z1,INF209KA13Z9,nav_119551_20260625.csv,106.7549,-0.1216000000000008,-0.113905778563795
119551,2022-09-26,106.6784,Aditya Birla Sun Life Banking & PSU Debt Fund - DIRECT - IDCW,Aditya Birla Sun Life Mutual Fund,Open Ended Schemes,Debt Scheme - Banking and PSU Fund,INF209KA12Z1,INF209KA13Z9,nav_119551_20260625.csv,106.6333,0.0450999999999908,0.0422944802420921
119551,2022-09-27,106.6575,Aditya Birla Sun Life Banking & PSU Debt Fund - DIRECT - IDCW,Aditya Birla Sun Life Mutual Fund,Open Ended Schemes,Debt Scheme - Banking and PSU Fund,INF209KA12Z1,INF209KA13Z9,nav_119551_20260625.csv,106.6784,-0.0208999999999974,-0.0195915949245559
119551,2022-09-28,106.6485,Aditya Birla Sun Life Banking & PSU Debt Fund - DIRECT - IDCW,Aditya Birla Sun Life Mutual Fund,Open Ended Schemes,Debt Scheme - Banking and PSU Fund,INF209KA12Z1,INF209KA13Z9,nav_119551_20260625.csv,106.6575,-0.0090000000000003,-0.008438225159975
119551,2022-09-29,106.7145,Aditya Birla Sun Life Banking & PSU Debt Fund - DIRECT - IDCW,Aditya Birla Sun Life Mutual Fund,Open Ended Schemes,Debt Scheme - Banking and PSU Fund,INF209KA12Z1,INF209KA13Z9,nav_119551_20260625.csv,106.6485,0.0660000000000025,0.0618855398810133
119551,2022-09-30,106.7948,Aditya Birla Sun Life Banking & PSU Debt Fund - DIRECT - IDCW,Aditya Birla Sun Life Mutual Fund,Open Ended Schemes,Debt Scheme - Banking and PSU Fund,INF209KA12Z1,INF209KA13Z9,nav_119551_20260625.csv,106.7145,0.080299999999994,0.0752475061964344
119551,2022-10-03,106.8261,Aditya Birla Sun Life Banking & PSU Debt Fund - DIRECT - IDCW,Aditya Birla Sun Life Mutual Fund,Open Ended Schemes,Debt Scheme - Banking and PSU Fund,INF209KA12Z1,INF209KA13Z9,nav_119551_20260625.csv,106.7948,0.0313000000000016,0.0293085431125875
119551,2022-10-04,106.8856,Aditya Birla Sun Life Banking & PSU Debt Fund - DIRECT - IDCW,Aditya Birla Sun Life Mutual Fund,Open Ended Schemes,Debt Scheme - Banking and PSU Fund,INF209KA12Z1,INF209KA13Z9,nav_119551_20260625.csv,106.8261,0.0594999999999998,0.0556979988972731
119551,2022-10-06,106.8875,Aditya Birla Sun Life Banking & PSU Debt Fund - DIRECT - IDCW,Aditya Birla Sun Life Mutual Fund,Open Ended Schemes,Debt Scheme - Banking and PSU Fund,INF209KA12Z1,INF209KA13Z9,nav_119551_20260625.csv,106.8856,0.0019000000000062,0.0017776014729825
119551,2022-10-07,106.8408,Aditya Birla Sun Life Banking & PSU Debt Fund - DIRECT - IDCW,Aditya Birla Sun Life Mutual Fund,Open Ended Schemes,Debt Scheme - Banking and PSU Fund,INF209KA12Z1,INF209KA13Z9,nav_119551_20260625.csv,106.8875,-0.0467000000000012,-0.0436907963980833
119551,2022-10-10,106.8233,Aditya Birla Sun Life Banking & PSU Debt Fund - DIRECT - IDCW,Aditya Birla Sun Life Mutual Fund,Open Ended Schemes,Debt Scheme - Banking and PSU Fund,INF209KA12Z1,INF209KA13Z9,nav_119551_20260625.csv,106.8408,-0.0174999999999982,-0.01637951044919
119551,2022-10-11,106.782,Aditya Birla Sun Life Banking & PSU Debt Fund - DIRECT - IDCW,Aditya Birla Sun Life Mutual Fund,Open Ended Schemes,Debt Scheme - Banking and PSU Fund,INF209KA12Z1,INF209KA13Z9,nav_119551_20260625.csv,106.8233,-0.0413000000000067,-0.0386619773027109
119551,2022-10-12,106.808,Aditya Birla Sun Life Banking & PSU Debt Fund - DIRECT - IDCW,Aditya Birla Sun Life Mutual Fund,Open Ended Schemes,Debt Scheme - Banking and PSU Fund,INF209KA12Z1,INF209KA13Z9,nav_119551_20260625.csv,106.782,0.0260000000000104,0.0243486729973314
119551,2022-10-13,106.812,Aditya Birla Sun Life Banking & PSU Debt Fund - DIRECT - IDCW,Aditya Birla Sun Life Mutual Fund,Open Ended Schemes,Debt Scheme - Banking and PSU Fund,INF209KA12Z1,INF209KA13Z9,nav_119551_20260625.csv,106.808,0.0039999999999906,0.0037450378248733
119551,2022-10-14,106.7922,Aditya Birla Sun Life Banking & PSU Debt Fund - DIRECT - IDCW,Aditya Birla Sun Life Mutual Fund,Open Ended Schemes,Debt Scheme - Banking and PSU Fund,INF209KA12Z1,INF209KA13Z9,nav_119551_20260625.csv,106.812,-0.0198000000000035,-0.0185372430064071
119551,2022-10-17,106.9437,Aditya Birla Sun Life Banking & PSU Debt Fund - DIRECT - IDCW,Aditya Birla Sun Life Mutual Fund,Open Ended Schemes,Debt Scheme - Banking and PSU Fund,INF209KA12Z1,INF209KA13Z9,nav_119551_20260625.csv,106.7922,0.1515000000000128,0.1418642934596467
119551,2022-10-18,106.9767,Aditya Birla Sun Life Banking & PSU Debt Fund - DIRECT - IDCW,Aditya Birla Sun Life Mutual Fund,Open Ended Schemes,Debt Scheme - Banking and PSU Fund,INF209KA12Z1,INF209KA13Z9,nav_119551_20260625.csv,106.9437,0.032999999999987,0.0308573576563996
119551,2022-10-19,106.997,Aditya Birla Sun Life Banking & PSU Debt Fund - DIRECT - IDCW,Aditya Birla Sun Life Mutual Fund,Open Ended Schemes,Debt Scheme - Banking and PSU Fund,INF209KA12Z1,INF209KA13Z9,nav_119551_20260625.csv,106.9767,0.0203000000000059,0.0189760947944795
119551,2022-10-20,106.9757,Aditya Birla Sun Life Banking & PSU Debt Fund - DIRECT - IDCW,Aditya Birla Sun Life Mutual Fund,Open Ended Schemes,Debt Scheme - Banking and PSU Fund,INF209KA12Z1,INF209KA13Z9,nav_119551_20260625.csv,106.997,-0.0212999999999965,-0.0199071001990677
119551,2022-10-21,106.9649,Aditya Birla Sun Life Banking & PSU Debt Fund - DIRECT - IDCW,Aditya Birla Sun Life Mutual Fund,Open Ended Schemes,Debt Scheme - Banking and PSU Fund,INF209KA12Z1,INF209KA13Z9,nav_119551_20260625.csv,106.9757,-0.0108000000000032,-0.0100957507172219
119551,2022-10-25,107.112,Aditya Birla Sun Life Banking & PSU Debt Fund - DIRECT - IDCW,Aditya Birla Sun Life Mutual Fund,Open Ended Schemes,Debt Scheme - Banking and PSU Fund,INF209KA12Z1,INF209KA13Z9,nav_119551_20260625.csv,106.9649,0.1470999999999946,0.1375217477882881
119551,2022-10-27,107.2349,Aditya Birla Sun Life Banking & PSU Debt Fund - DIRECT - IDCW,Aditya Birla Sun Life Mutual Fund,Open Ended Schemes,Debt Scheme - Banking and PSU Fund,INF209KA12Z1,INF209KA13Z9,nav_119551_20260625.csv,107.112,0.1229000000000013,0.1147397117036385
119551,2022-10-28,107.2137,Aditya Birla Sun Life Banking & PSU Debt Fund - DIRECT - IDCW,Aditya Birla Sun Life Mutual Fund,Open Ended Schemes,Debt Scheme - Banking and PSU Fund,INF209KA12Z1,INF209KA13Z9,nav_119551_20260625.csv,107.2349,-0.0211999999999932,-0.0197696831908205
119551,2022-10-31,107.2729,Aditya Birla Sun Life Banking & PSU Debt Fund - DIRECT - IDCW,Aditya Birla Sun Life Mutual Fund,Open Ended Schemes,Debt Scheme - Banking and PSU Fund,INF209KA12Z1,INF209KA13Z9,nav_119551_20260625.csv,107.2137,0.0592000000000041,0.0552168239693286
119551,2022-11-01,107.2818,Aditya Birla Sun Life Banking & PSU Debt Fund - DIRECT - IDCW,Aditya Birla Sun Life Mutual Fund,Open Ended Schemes,Debt Scheme - Banking and PSU Fund,INF209KA12Z1,INF209KA13Z9,nav_119551_20260625.csv,107.2729,0.008899999999997,0.0082965968105616
119551,2022-11-02,107.303,Aditya Birla Sun Life Banking & PSU Debt Fund - DIRECT - IDCW,Aditya Birla Sun Life Mutual Fund,Open Ended Schemes,Debt Scheme - Banking and PSU Fund,INF209KA12Z1,INF209KA13Z9,nav_119551_20260625.csv,107.2818,0.0211999999999932,0.019761040549276
119551,2022-11-03,107.2944,Aditya Birla Sun Life Banking & PSU Debt Fund - DIRECT - IDCW,Aditya Birla Sun Life Mutual Fund,Open Ended Schemes,Debt Scheme - Banking and PSU Fund,INF209KA12Z1,INF209KA13Z9,nav_119551_20260625.csv,107.303,-0.0086000000000012,-0.0080146873805963
119551,2022-11-04,107.307,Aditya Birla Sun Life Banking & PSU Debt Fund - DIRECT - IDCW,Aditya Birla Sun Life Mutual Fund,Open Ended Schemes,Debt Scheme - Banking and PSU Fund,INF209KA12Z1,INF209KA13Z9,nav_119551_20260625.csv,107.2944,0.0126000000000061,0.011743390148979
119551,2022-11-07,107.3633,Aditya Birla Sun Life Banking & PSU Debt Fund - DIRECT - IDCW,Aditya Birla Sun Life Mutual Fund,Open Ended Schemes,Debt Scheme - Banking and PSU Fund,INF209KA12Z1,INF209KA13Z9,nav_119551_20260625.csv,107.307,0.0562999999999931,0.0524662883129647
119551,2022-11-09,107.4581,Aditya Birla Sun Life Banking & PSU Debt Fund - DIRECT - IDCW,Aditya Birla Sun Life Mutual Fund,Open Ended Schemes,Debt Scheme - Banking and PSU Fund,INF209KA12Z1,INF209KA13Z9,nav_119551_20260625.csv,107.3633,0.0948000000000064,0.0882983291310964
119551,2022-11-10,107.5243,Aditya Birla Sun Life Banking & PSU Debt Fund - DIRECT - IDCW,Aditya Birla Sun Life Mutual Fund,Open Ended Schemes,Debt Scheme - Banking and PSU Fund,INF209KA12Z1,INF209KA13Z9,nav_119551_20260625.csv,107.4581,0.0661999999999949,0.0616054071307746
119551,2022-11-11,107.6105,Aditya Birla Sun Life Banking & PSU Debt Fund - DIRECT - IDCW,Aditya Birla Sun Life Mutual Fund,Open Ended Schemes,Debt Scheme - Banking and PSU Fund,INF209KA12Z1,INF209KA13Z9,nav_119551_20260625.csv,107.5243,0.0862000000000051,0.08016792483188
119551,2022-11-14,107.6593,Aditya Birla Sun Life Banking & PSU Debt Fund - DIRECT - IDCW,Aditya Birla Sun Life Mutual Fund,Open Ended Schemes,Debt Scheme - Banking and PSU Fund,INF209KA12Z1,INF209KA13Z9,nav_119551_20260625.csv,107.6105,0.0487999999999999,0.045348734556572
119551,2022-11-15,107.709,Aditya Birla Sun Life Banking & PSU Debt Fund - DIRECT - IDCW,Aditya Birla Sun Life Mutual Fund,Open Ended Schemes,Debt Scheme - Banking and PSU Fund,INF209KA12Z1,INF209KA13Z9,nav_119551_20260625.csv,107.6593,0.0497000000000014,0.0461641493117653
119551,2022-11-16,107.7065,Aditya Birla Sun Life Banking & PSU Debt Fund - DIRECT - IDCW,Aditya Birla Sun Life Mutual Fund,Open Ended Schemes,Debt Scheme - Banking and PSU Fund,INF209KA12Z1,INF209KA13Z9,nav_119551_20260625.csv,107.709,-0.0024999999999977,-0.0023210688057615
119551,2022-11-17,107.7346,Aditya Birla Sun Life Banking & PSU Debt Fund - DIRECT - IDCW,Aditya Birla Sun Life Mutual Fund,Open Ended Schemes,Debt Scheme - Banking and PSU Fund,INF209KA12Z1,INF209KA13Z9,nav_119551_20260625.csv,107.7065,0.0280999999999949,0.0260894189301434
119551,2022-11-18,107.7527,Aditya Birla Sun Life Banking & PSU Debt Fund - DIRECT - IDCW,Aditya Birla Sun Life Mutual Fund,Open Ended Schemes,Debt Scheme - Banking and PSU Fund,INF209KA12Z1,INF209KA13Z9,nav_119551_20260625.csv,107.7346,0.018100000000004,0.0168005450431003
119551,2022-11-21,107.8002,Aditya Birla Sun Life Banking & PSU Debt Fund - DIRECT - IDCW,Aditya Birla Sun Life Mutual Fund,Open Ended Schemes,Debt Scheme - Banking and PSU Fund,INF209KA12Z1,INF209KA13Z9,nav_119551_20260625.csv,107.7527,0.0474999999999994,0.0440824220645973
119551,2022-11-22,107.8369,Aditya Birla Sun Life Banking & PSU Debt Fund - DIRECT - IDCW,Aditya Birla Sun Life Mutual Fund,Open Ended Schemes,Debt Scheme - Banking and PSU Fund,INF209KA12Z1,INF209KA13Z9,nav_119551_20260625.csv,107.8002,0.0366999999999961,0.0340444637393958
119551,2022-11-23,107.8393,Aditya Birla Sun Life Banking & PSU Debt Fund - DIRECT - IDCW,Aditya Birla Sun Life Mutual Fund,Open Ended Schemes,Debt Scheme - Banking and PSU Fund,INF209KA12Z1,INF209KA13Z9,nav_119551_20260625.csv,107.8369,0.0023999999999944,0.0022255832650923
119551,2022-11-24,107.8882,Aditya Birla Sun Life Banking & PSU Debt Fund - DIRECT - IDCW,Aditya Birla Sun Life Mutual Fund,Open Ended Schemes,Debt Scheme - Banking and PSU Fund,INF209KA12Z1,INF209KA13Z9,nav_119551_20260625.csv,107.8393,0.0489000000000032,0.0453452498300742
119551,2022-11-25,107.9066,Aditya Birla Sun Life Banking & PSU Debt Fund - DIRECT - IDCW,Aditya Birla Sun Life Mutual Fund,Open Ended Schemes,Debt Scheme - Banking and PSU Fund,INF209KA12Z1,INF209KA13Z9,nav_119551_20260625.csv,107.8882,0.0183999999999997,0.0170546918013274
119551,2022-11-28,107.9959,Aditya Birla Sun Life Banking & PSU Debt Fund - DIRECT - IDCW,Aditya Birla Sun Life Mutual Fund,Open Ended Schemes,Debt Scheme - Banking and PSU Fund,INF209KA12Z1,INF209KA13Z9,nav_119551_20260625.csv,107.9066,0.0893000000000086,0.0827567544524696
119551,2022-11-29,107.99,Aditya Birla Sun Life Banking & PSU Debt Fund - DIRECT - IDCW,Aditya Birla Sun Life Mutual Fund,Open Ended Schemes,Debt Scheme - Banking and PSU Fund,INF209KA12Z1,INF209KA13Z9,nav_119551_20260625.csv,107.9959,-0.0059000000000111,-0.0054631703611073
119551,2022-11-30,108.0334,Aditya Birla Sun Life Banking & PSU Debt Fund - DIRECT - IDCW,Aditya Birla Sun Life Mutual Fund,Open Ended Schemes,Debt Scheme - Banking and PSU Fund,INF209KA12Z1,INF209KA13Z9,nav_119551_20260625.csv,107.99,0.0434000000000054,0.0401889063802254
119551,2022-12-01,108.0832,Aditya Birla Sun Life Banking & PSU Debt Fund - DIRECT - IDCW,Aditya Birla Sun Life Mutual Fund,Open Ended Schemes,Debt Scheme - Banking and PSU Fund,INF209KA12Z1,INF209KA13Z9,nav_119551_20260625.csv,108.0334,0.0498000000000047,0.0460968552318123
119551,2022-12-02,108.0988,Aditya Birla Sun Life Banking & PSU Debt Fund - DIRECT - IDCW,Aditya Birla Sun Life Mutual Fund,Open Ended Schemes,Debt Scheme - Banking and PSU Fund,INF209KA12Z1,INF209KA13Z9,nav_119551_20260625.csv,108.0832,0.015599999999992,0.0144333254381736
119551,2022-12-05,108.1499,Aditya Birla Sun Life Banking & PSU Debt Fund - DIRECT - IDCW,Aditya Birla Sun Life Mutual Fund,Open Ended Schemes,Debt Scheme - Banking and PSU Fund,INF209KA12Z1,INF209KA13Z9,nav_119551_20260625.csv,108.0988,0.0511000000000052,0.0472715700821889
119551,2022-12-06,108.1762,Aditya Birla Sun Life Banking & PSU Debt Fund - DIRECT - IDCW,Aditya Birla Sun Life Mutual Fund,Open Ended Schemes,Debt Scheme - Banking and PSU Fund,INF209KA12Z1,INF209KA13Z9,nav_119551_20260625.csv,108.1499,0.0262999999999919,0.0243180992307824
119551,2022-12-07,108.1551,Aditya Birla Sun Life Banking & PSU Debt Fund - DIRECT - IDCW,Aditya Birla Sun Life Mutual Fund,Open Ended Schemes,Debt Scheme - Banking and PSU Fund,INF209KA12Z1,INF209KA13Z9,nav_119551_20260625.csv,108.1762,-0.0210999999999899,-0.0195052146405493
119551,2022-12-08,108.1783,Aditya Birla Sun Life Banking & PSU Debt Fund - DIRECT - IDCW,Aditya Birla Sun Life Mutual Fund,Open Ended Schemes,Debt Scheme - Banking and PSU Fund,INF209KA12Z1,INF209KA13Z9,nav_119551_20260625.csv,108.1551,0.0231999999999885,0.0214506759274306
119551,2022-12-09,108.1868,Aditya Birla Sun Life Banking & PSU Debt Fund - DIRECT - IDCW,Aditya Birla Sun Life Mutual Fund,Open Ended Schemes,Debt Scheme - Banking and PSU Fund,INF209KA12Z1,INF209KA13Z9,nav_119551_20260625.csv,108.1783,0.0085000000000121,0.007857398387673
119551,2022-12-12,108.2614,Aditya Birla Sun Life Banking & PSU Debt Fund - DIRECT - IDCW,Aditya Birla Sun Life Mutual Fund,Open Ended Schemes,Debt Scheme - Banking and PSU Fund,INF209KA12Z1,INF209KA13Z9,nav_119551_20260625.csv,108.1868,0.0745999999999895,0.068954807795396
119551,2022-12-13,108.2884,Aditya Birla Sun Life Banking & PSU Debt Fund - DIRECT - IDCW,Aditya Birla Sun Life Mutual Fund,Open Ended Schemes,Debt Scheme - Banking and PSU Fund,INF209KA12Z1,INF209KA13Z9,nav_119551_20260625.csv,108.2614,0.027000000000001,0.0249396368419409
119551,2022-12-14,108.3488,Aditya Birla Sun Life Banking & PSU Debt Fund - DIRECT - IDCW,Aditya Birla Sun Life Mutual Fund,Open Ended Schemes,Debt Scheme - Banking and PSU Fund,INF209KA12Z1,INF209KA13Z9,nav_119551_20260625.csv,108.2884,0.0604000000000013,0.055776980729239
119551,2022-12-15,108.3336,Aditya Birla Sun Life Banking & PSU Debt Fund - DIRECT - IDCW,Aditya Birla Sun Life Mutual Fund,Open Ended Schemes,Debt Scheme - Banking and PSU Fund,INF209KA12Z1,INF209KA13Z9,nav_119551_20260625.csv,108.3488,-0.0151999999999929,-0.0140287663545816
119551,2022-12-16,108.3466,Aditya Birla Sun Life Banking & PSU Debt Fund - DIRECT - IDCW,Aditya Birla Sun Life Mutual Fund,Open Ended Schemes,Debt Scheme - Banking and PSU Fund,INF209KA12Z1,INF209KA13Z9,nav_119551_20260625.csv,108.3336,0.012999999999991,0.0119999704616028
119551,2022-12-19,108.3837,Aditya Birla Sun Life Banking & PSU Debt Fund - DIRECT - IDCW,Aditya Birla Sun Life Mutual Fund,Open Ended Schemes,Debt Scheme - Banking and PSU Fund,INF209KA12Z1,INF209KA13Z9,nav_119551_20260625.csv,108.3466,0.0371000000000094,0.0342419605229969
119551,2022-12-20,108.4123,Aditya Birla Sun Life Banking & PSU Debt Fund - DIRECT - IDCW,Aditya Birla Sun Life Mutual Fund,Open Ended Schemes,Debt Scheme - Banking and PSU Fund,INF209KA12Z1,INF209KA13Z9,nav_119551_20260625.csv,108.3837,0.0285999999999972,0.0263877317345664
119551,2022-12-21,108.3843,Aditya Birla Sun Life Banking & PSU Debt Fund - DIRECT - IDCW,Aditya Birla Sun Life Mutual Fund,Open Ended Schemes,Debt Scheme - Banking and PSU Fund,INF209KA12Z1,INF209KA13Z9,nav_119551_20260625.csv,108.4123,-0.0280000000000057,-0.0258273277109754
119551,2022-12-22,108.3903,Aditya Birla Sun Life Banking & PSU Debt Fund - DIRECT - IDCW,Aditya Birla Sun Life Mutual Fund,Open Ended Schemes,Debt Scheme - Banking and PSU Fund,INF209KA12Z1,INF209KA13Z9,nav_119551_20260625.csv,108.3843,0.0060000000000002,0.0055358571305993
119551,2022-12-23,108.4095,Aditya Birla Sun Life Banking & PSU Debt Fund - DIRECT - IDCW,Aditya Birla Sun Life Mutual Fund,Open Ended Schemes,Debt Scheme - Banking and PSU Fund,INF209KA12Z1,INF209KA13Z9,nav_119551_20260625.csv,108.3903,0.0191999999999978,0.017713762209347
119551,2022-12-26,108.4303,Aditya Birla Sun Life Banking & PSU Debt Fund - DIRECT - IDCW,Aditya Birla Sun Life Mutual Fund,Open Ended Schemes,Debt Scheme - Banking and PSU Fund,INF209KA12Z1,INF209KA13Z9,nav_119551_20260625.csv,108.4095,0.0208000000000083,0.0191865104073059
119551,2022-12-27,108.472,Aditya Birla Sun Life Banking & PSU Debt Fund - DIRECT - IDCW,Aditya Birla Sun Life Mutual Fund,Open Ended Schemes,Debt Scheme - Banking and PSU Fund,INF209KA12Z1,INF209KA13Z9,nav_119551_20260625.csv,108.4303,0.0416999999999916,0.0384578849269914
119551,2022-12-28,108.4921,Aditya Birla Sun Life Banking & PSU Debt Fund - DIRECT - IDCW,Aditya Birla Sun Life Mutual Fund,Open Ended Schemes,Debt Scheme - Banking and PSU Fund,INF209KA12Z1,INF209KA13Z9,nav_119551_20260625.csv,108.472,0.0200999999999993,0.0185301275905296
119551,2022-12-29,108.4982,Aditya Birla Sun Life Banking & PSU Debt Fund - DIRECT - IDCW,Aditya Birla Sun Life Mutual Fund,Open Ended Schemes,Debt Scheme - Banking and PSU Fund,INF209KA12Z1,INF209KA13Z9,nav_119551_20260625.csv,108.4921,0.0061000000000035,0.0056225291979817
119551,2022-12-30,108.5225,Aditya Birla Sun Life Banking & PSU Debt Fund - DIRECT - IDCW,Aditya Birla Sun Life Mutual Fund,Open Ended Schemes,Debt Scheme - Banking and PSU Fund,INF209KA12Z1,INF209KA13Z9,nav_119551_20260625.csv,108.4982,0.0242999999999966,0.0223966849219587
119551,2023-01-02,108.5922,Aditya Birla Sun Life Banking & PSU Debt Fund - DIRECT - IDCW,Aditya Birla Sun Life Mutual Fund,Open Ended Schemes,Debt Scheme - Banking and PSU Fund,INF209KA12Z1,INF209KA13Z9,nav_119551_20260625.csv,108.5225,0.0697000000000116,0.0642263125158484
119551,2023-01-03,108.627,Aditya Birla Sun Life Banking & PSU Debt Fund - DIRECT - IDCW,Aditya Birla Sun Life Mutual Fund,Open Ended Schemes,Debt Scheme - Banking and PSU Fund,INF209KA12Z1,INF209KA13Z9,nav_119551_20260625.csv,108.5922,0.0347999999999899,0.0320465005773802
119551,2023-01-04,108.6262,Aditya Birla Sun Life Banking & PSU Debt Fund - DIRECT - IDCW,Aditya Birla Sun Life Mutual Fund,Open Ended Schemes,Debt Scheme - Banking and PSU Fund,INF209KA12Z1,INF209KA13Z9,nav_119551_20260625.csv,108.627,-0.0007999999999981,-0.0007364651513879
119551,2023-01-05,108.6405,Aditya Birla Sun Life Banking & PSU Debt Fund - DIRECT - IDCW,Aditya Birla Sun Life Mutual Fund,Open Ended Schemes,Debt Scheme - Banking and PSU Fund,INF209KA12Z1,INF209KA13Z9,nav_119551_20260625.csv,108.6262,0.0143000000000057,0.013164411532398
119551,2023-01-06,108.6235,Aditya Birla Sun Life Banking & PSU Debt Fund - DIRECT - IDCW,Aditya Birla Sun Life Mutual Fund,Open Ended Schemes,Debt Scheme - Banking and PSU Fund,INF209KA12Z1,INF209KA13Z9,nav_119551_20260625.csv,108.6405,-0.0169999999999959,-0.0156479397646328
119551,2023-01-09,108.7189,Aditya Birla Sun Life Banking & PSU Debt Fund - DIRECT - IDCW,Aditya Birla Sun Life Mutual Fund,Open Ended Schemes,Debt Scheme - Banking and PSU Fund,INF209KA12Z1,INF209KA13Z9,nav_119551_20260625.csv,108.6235,0.0953999999999979,0.0878262990973389
119551,2023-01-10,108.7409,Aditya Birla Sun Life Banking & PSU Debt Fund - DIRECT - IDCW,Aditya Birla Sun Life Mutual Fund,Open Ended Schemes,Debt Scheme - Banking and PSU Fund,INF209KA12Z1,INF209KA13Z9,nav_119551_20260625.csv,108.7189,0.0219999999999913,0.0202356719944658
119551,2023-01-11,108.7682,Aditya Birla Sun Life Banking & PSU Debt Fund - DIRECT - IDCW,Aditya Birla Sun Life Mutual Fund,Open Ended Schemes,Debt Scheme - Banking and PSU Fund,INF209KA12Z1,INF209KA13Z9,nav_119551_20260625.csv,108.7409,0.0272999999999967,0.0251055490620334
119551,2023-01-12,108.8154,Aditya Birla Sun Life Banking & PSU Debt Fund - DIRECT - IDCW,Aditya Birla Sun Life Mutual Fund,Open Ended Schemes,Debt Scheme - Banking and PSU Fund,INF209KA12Z1,INF209KA13Z9,nav_119551_20260625.csv,108.7682,0.0472000000000036,0.0433950364168973
119551,2023-01-13,108.8441,Aditya Birla Sun Life Banking & PSU Debt Fund - DIRECT - IDCW,Aditya Birla Sun Life Mutual Fund,Open Ended Schemes,Debt Scheme - Banking and PSU Fund,INF209KA12Z1,INF209KA13Z9,nav_119551_20260625.csv,108.8154,0.0287000000000006,0.0263749432525181
119551,2023-01-16,108.8945,Aditya Birla Sun Life Banking & PSU Debt Fund - DIRECT - IDCW,Aditya Birla Sun Life Mutual Fund,Open Ended Schemes,Debt Scheme - Banking and PSU Fund,INF209KA12Z1,INF209KA13Z9,nav_119551_20260625.csv,108.8441,0.0503999999999962,0.0463047606622648
119551,2023-01-17,108.9098,Aditya Birla Sun Life Banking & PSU Debt Fund - DIRECT - IDCW,Aditya Birla Sun Life Mutual Fund,Open Ended Schemes,Debt Scheme - Banking and PSU Fund,INF209KA12Z1,INF209KA13Z9,nav_119551_20260625.csv,108.8945,0.0153000000000105,0.0140502963877978
119551,2023-01-18,108.929,Aditya Birla Sun Life Banking & PSU Debt Fund - DIRECT - IDCW,Aditya Birla Sun Life Mutual Fund,Open Ended Schemes,Debt Scheme - Banking and PSU Fund,INF209KA12Z1,INF209KA13Z9,nav_119551_20260625.csv,108.9098,0.0191999999999978,0.0176292675222963
119551,2023-01-19,108.9578,Aditya Birla Sun Life Banking & PSU Debt Fund - DIRECT - IDCW,Aditya Birla Sun Life Mutual Fund,Open Ended Schemes,Debt Scheme - Banking and PSU Fund,INF209KA12Z1,INF209KA13Z9,nav_119551_20260625.csv,108.929,0.0288000000000039,0.0264392402390584
119551,2023-01-20,108.9335,Aditya Birla Sun Life Banking & PSU Debt Fund - DIRECT - IDCW,Aditya Birla Sun Life Mutual Fund,Open Ended Schemes,Debt Scheme - Banking and PSU Fund,INF209KA12Z1,INF209KA13Z9,nav_119551_20260625.csv,108.9578,-0.0243000000000108,-0.0223022124161931
119551,2023-01-23,108.9803,Aditya Birla Sun Life Banking & PSU Debt Fund - DIRECT - IDCW,Aditya Birla Sun Life Mutual Fund,Open Ended Schemes,Debt Scheme - Banking and PSU Fund,INF209KA12Z1,INF209KA13Z9,nav_119551_20260625.csv,108.9335,0.0468000000000046,0.042961990572234
119551,2023-01-24,108.9995,Aditya Birla Sun Life Banking & PSU Debt Fund - DIRECT - IDCW,Aditya Birla Sun Life Mutual Fund,Open Ended Schemes,Debt Scheme - Banking and PSU Fund,INF209KA12Z1,INF209KA13Z9,nav_119551_20260625.csv,108.9803,0.0191999999999978,0.0176178630449704
119551,2023-01-25,108.9962,Aditya Birla Sun Life Banking & PSU Debt Fund - DIRECT - IDCW,Aditya Birla Sun Life Mutual Fund,Open Ended Schemes,Debt Scheme - Banking and PSU Fund,INF209KA12Z1,INF209KA13Z9,nav_119551_20260625.csv,108.9995,-0.0032999999999958,-0.0030275368235596
119551,2023-01-27,108.9787,Aditya Birla Sun Life Banking & PSU Debt Fund - DIRECT - IDCW,Aditya Birla Sun Life Mutual Fund,Open Ended Schemes,Debt Scheme - Banking and PSU Fund,INF209KA12Z1,INF209KA13Z9,nav_119551_20260625.csv,108.9962,-0.0174999999999982,-0.0160556056082673
119551,2023-01-30,109.0072,Aditya Birla Sun Life Banking & PSU Debt Fund - DIRECT - IDCW,Aditya Birla Sun Life Mutual Fund,Open Ended Schemes,Debt Scheme - Banking and PSU Fund,INF209KA12Z1,INF209KA13Z9,nav_119551_20260625.csv,108.9787,0.0284999999999939,0.0261518994078604
119551,2023-01-31,109.0678,Aditya Birla Sun Life Banking & PSU Debt Fund - DIRECT - IDCW,Aditya Birla Sun Life Mutual Fund,Open Ended Schemes,Debt Scheme - Banking and PSU Fund,INF209KA12Z1,INF209KA13Z9,nav_119551_20260625.csv,109.0072,0.0606000000000079,0.0555926580996557
119551,2023-02-01,109.1849,Aditya Birla Sun Life Banking & PSU Debt Fund - DIRECT - IDCW,Aditya Birla Sun Life Mutual Fund,Open Ended Schemes,Debt Scheme - Banking and PSU Fund,INF209KA12Z1,INF209KA13Z9,nav_119551_20260625.csv,109.0678,0.1170999999999935,0.1073644100275182
119551,2023-02-02,109.2186,Aditya Birla Sun Life Banking & PSU Debt Fund - DIRECT - IDCW,Aditya Birla Sun Life Mutual Fund,Open Ended Schemes,Debt Scheme - Banking and PSU Fund,INF209KA12Z1,INF209KA13Z9,nav_119551_20260625.csv,109.1849,0.033699999999996,0.030865073833466
119551,2023-02-03,109.2425,Aditya Birla Sun Life Banking & PSU Debt Fund - DIRECT - IDCW,Aditya Birla Sun Life Mutual Fund,Open Ended Schemes,Debt Scheme - Banking and PSU Fund,INF209KA12Z1,INF209KA13Z9,nav_119551_20260625.csv,109.2186,0.0239000000000118,0.0218827196100406
119551,2023-02-06,109.2662,Aditya Birla Sun Life Banking & PSU Debt Fund - DIRECT - IDCW,Aditya Birla Sun Life Mutual Fund,Open Ended Schemes,Debt Scheme - Banking and PSU Fund,INF209KA12Z1,INF209KA13Z9,nav_119551_20260625.csv,109.2425,0.0236999999999909,0.0216948531935748
119551,2023-02-07,109.2826,Aditya Birla Sun Life Banking & PSU Debt Fund - DIRECT - IDCW,Aditya Birla Sun Life Mutual Fund,Open Ended Schemes,Debt Scheme - Banking and PSU Fund,INF209KA12Z1,INF209KA13Z9,nav_119551_20260625.csv,109.2662,0.0164000000000044,0.0150092160247216
119551,2023-02-08,109.2472,Aditya Birla Sun Life Banking & PSU Debt Fund - DIRECT - IDCW,Aditya Birla Sun Life Mutual Fund,Open Ended Schemes,Debt Scheme - Banking and PSU Fund,INF209KA12Z1,INF209KA13Z9,nav_119551_20260625.csv,109.2826,-0.0353999999999956,-0.0323930799596602
119551,2023-02-09,109.2446,Aditya Birla Sun Life Banking & PSU Debt Fund - DIRECT - IDCW,Aditya Birla Sun Life Mutual Fund,Open Ended Schemes,Debt Scheme - Banking and PSU Fund,INF209KA12Z1,INF209KA13Z9,nav_119551_20260625.csv,109.2472,-0.002600000000001,-0.0023799236959858
119551,2023-02-10,109.2412,Aditya Birla Sun Life Banking & PSU Debt Fund - DIRECT - IDCW,Aditya Birla Sun Life Mutual Fund,Open Ended Schemes,Debt Scheme - Banking and PSU Fund,INF209KA12Z1,INF209KA13Z9,nav_119551_20260625.csv,109.2446,-0.0033999999999991,-0.0031122819800696
119551,2023-02-13,109.2826,Aditya Birla Sun Life Banking & PSU Debt Fund - DIRECT - IDCW,Aditya Birla Sun Life Mutual Fund,Open Ended Schemes,Debt Scheme - Banking and PSU Fund,INF209KA12Z1,INF209KA13Z9,nav_119551_20260625.csv,109.2412,0.0413999999999958,0.037897789478691
119551,2023-02-14,109.248,Aditya Birla Sun Life Banking & PSU Debt Fund - DIRECT - IDCW,Aditya Birla Sun Life Mutual Fund,Open Ended Schemes,Debt Scheme - Banking and PSU Fund,INF209KA12Z1,INF209KA13Z9,nav_119551_20260625.csv,109.2826,-0.0345999999999975,-0.0316610329549237
119551,2023-02-15,109.2929,Aditya Birla Sun Life Banking & PSU Debt Fund - DIRECT - IDCW,Aditya Birla Sun Life Mutual Fund,Open Ended Schemes,Debt Scheme - Banking and PSU Fund,INF209KA12Z1,INF209KA13Z9,nav_119551_20260625.csv,109.248,0.0448999999999983,0.0410991505565304
119551,2023-02-16,109.3243,Aditya Birla Sun Life Banking & PSU Debt Fund - DIRECT - IDCW,Aditya Birla Sun Life Mutual Fund,Open Ended Schemes,Debt Scheme - Banking and PSU Fund,INF209KA12Z1,INF209KA13Z9,nav_119551_20260625.csv,109.2929,0.0313999999999907,0.028730137090324
119551,2023-02-17,109.2924,Aditya Birla Sun Life Banking & PSU Debt Fund - DIRECT - IDCW,Aditya Birla Sun Life Mutual Fund,Open Ended Schemes,Debt Scheme - Banking and PSU Fund,INF209KA12Z1,INF209KA13Z9,nav_119551_20260625.csv,109.3243,-0.0318999999999931,-0.0291792401140397
119551,2023-02-20,109.378,Aditya Birla Sun Life Banking & PSU Debt Fund - DIRECT - IDCW,Aditya Birla Sun Life Mutual Fund,Open Ended Schemes,Debt Scheme - Banking and PSU Fund,INF209KA12Z1,INF209KA13Z9,nav_119551_20260625.csv,109.2924,0.0855999999999994,0.0783220059217287
119551,2023-02-21,109.4182,Aditya Birla Sun Life Banking & PSU Debt Fund - DIRECT - IDCW,Aditya Birla Sun Life Mutual Fund,Open Ended Schemes,Debt Scheme - Banking and PSU Fund,INF209KA12Z1,INF209KA13Z9,nav_119551_20260625.csv,109.378,0.0401999999999986,0.0367532776243839
119551,2023-02-22,109.3818,Aditya Birla Sun Life Banking & PSU Debt Fund - DIRECT - IDCW,Aditya Birla Sun Life Mutual Fund,Open Ended Schemes,Debt Scheme - Banking and PSU Fund,INF209KA12Z1,INF209KA13Z9,nav_119551_20260625.csv,109.4182,-0.0364000000000004,-0.0332668605405686
119551,2023-02-23,109.409,Aditya Birla Sun Life Banking & PSU Debt Fund - DIRECT - IDCW,Aditya Birla Sun Life Mutual Fund,Open Ended Schemes,Debt Scheme - Banking and PSU Fund,INF209KA12Z1,INF209KA13Z9,nav_119551_20260625.csv,109.3818,0.0272000000000076,0.0248670254100843
119551,2023-02-24,109.4234,Aditya Birla Sun Life Banking & PSU Debt Fund - DIRECT - IDCW,Aditya Birla Sun Life Mutual Fund,Open Ended Schemes,Debt Scheme - Banking and PSU Fund,INF209KA12Z1,INF209KA13Z9,nav_119551_20260625.csv,109.409,0.0143999999999948,0.0131616229012191
119551,2023-02-27,109.4341,Aditya Birla Sun Life Banking & PSU Debt Fund - DIRECT - IDCW,Aditya Birla Sun Life Mutual Fund,Open Ended Schemes,Debt Scheme - Banking and PSU Fund,INF209KA12Z1,INF209KA13Z9,nav_119551_20260625.csv,109.4234,0.0106999999999999,0.0097785300036371
119551,2023-02-28,109.4442,Aditya Birla Sun Life Banking & PSU Debt Fund - DIRECT - IDCW,Aditya Birla Sun Life Mutual Fund,Open Ended Schemes,Debt Scheme - Banking and PSU Fund,INF209KA12Z1,INF209KA13Z9,nav_119551_20260625.csv,109.4341,0.0100999999999942,0.0092292987286359
119551,2023-03-01,109.43,Aditya Birla Sun Life Banking & PSU Debt Fund - DIRECT - IDCW,Aditya Birla Sun Life Mutual Fund,Open Ended Schemes,Debt Scheme - Banking and PSU Fund,INF209KA12Z1,INF209KA13Z9,nav_119551_20260625.csv,109.4442,-0.0141999999999882,-0.0129746482682391
119551,2023-03-02,109.447,Aditya Birla Sun Life Banking & PSU Debt Fund - DIRECT - IDCW,Aditya Birla Sun Life Mutual Fund,Open Ended Schemes,Debt Scheme - Banking and PSU Fund,INF209KA12Z1,INF209KA13Z9,nav_119551_20260625.csv,109.43,0.0169999999999959,0.0155350452343926
119551,2023-03-03,109.4874,Aditya Birla Sun Life Banking & PSU Debt Fund - DIRECT - IDCW,Aditya Birla Sun Life Mutual Fund,Open Ended Schemes,Debt Scheme - Banking and PSU Fund,INF209KA12Z1,INF209KA13Z9,nav_119551_20260625.csv,109.447,0.0403999999999911,0.03691284365948
119551,2023-03-06,109.5313,Aditya Birla Sun Life Banking & PSU Debt Fund - DIRECT - IDCW,Aditya Birla Sun Life Mutual Fund,Open Ended Schemes,Debt Scheme - Banking and PSU Fund,INF209KA12Z1,INF209KA13Z9,nav_119551_20260625.csv,109.4874,0.0439000000000078,0.0400959379800852
119551,2023-03-08,109.5103,Aditya Birla Sun Life Banking & PSU Debt Fund - DIRECT - IDCW,Aditya Birla Sun Life Mutual Fund,Open Ended Schemes,Debt Scheme - Banking and PSU Fund,INF209KA12Z1,INF209KA13Z9,nav_119551_20260625.csv,109.5313,-0.0210000000000007,-0.0191726018042338
119551,2023-03-09,109.541,Aditya Birla Sun Life Banking & PSU Debt Fund - DIRECT - IDCW,Aditya Birla Sun Life Mutual Fund,Open Ended Schemes,Debt Scheme - Banking and PSU Fund,INF209KA12Z1,INF209KA13Z9,nav_119551_20260625.csv,109.5103,0.0306999999999959,0.0280338927023265
119551,2023-03-10,109.5769,Aditya Birla Sun Life Banking & PSU Debt Fund - DIRECT - IDCW,Aditya Birla Sun Life Mutual Fund,Open Ended Schemes,Debt Scheme - Banking and PSU Fund,INF209KA12Z1,INF209KA13Z9,nav_119551_20260625.csv,109.541,0.035899999999998,0.0327731169151258
119551,2023-03-13,109.7345,Aditya Birla Sun Life Banking & PSU Debt Fund - DIRECT - IDCW,Aditya Birla Sun Life Mutual Fund,Open Ended Schemes,Debt Scheme - Banking and PSU Fund,INF209KA12Z1,INF209KA13Z9,nav_119551_20260625.csv,109.5769,0.1576000000000021,0.1438259341156778
119551,2023-03-14,109.7889,Aditya Birla Sun Life Banking & PSU Debt Fund - DIRECT - IDCW,Aditya Birla Sun Life Mutual Fund,Open Ended Schemes,Debt Scheme - Banking and PSU Fund,INF209KA12Z1,INF209KA13Z9,nav_119551_20260625.csv,109.7345,0.0544000000000011,0.049574199545267
119551,2023-03-15,109.8123,Aditya Birla Sun Life Banking & PSU Debt Fund - DIRECT - IDCW,Aditya Birla Sun Life Mutual Fund,Open Ended Schemes,Debt Scheme - Banking and PSU Fund,INF209KA12Z1,INF209KA13Z9,nav_119551_20260625.csv,109.7889,0.0233999999999952,0.0213136300664231
119551,2023-03-16,109.7988,Aditya Birla Sun Life Banking & PSU Debt Fund - DIRECT - IDCW,Aditya Birla Sun Life Mutual Fund,Open Ended Schemes,Debt Scheme - Banking and PSU Fund,INF209KA12Z1,INF209KA13Z9,nav_119551_20260625.csv,109.8123,-0.0134999999999934,-0.0122937048035542
119551,2023-03-17,109.8366,Aditya Birla Sun Life Banking & PSU Debt Fund - DIRECT - IDCW,Aditya Birla Sun Life Mutual Fund,Open Ended Schemes,Debt Scheme - Banking and PSU Fund,INF209KA12Z1,INF209KA13Z9,nav_119551_20260625.csv,109.7988,0.0378000000000042,0.034426605755258
119551,2023-03-20,109.9509,Aditya Birla Sun Life Banking & PSU Debt Fund - DIRECT - IDCW,Aditya Birla Sun Life Mutual Fund,Open Ended Schemes,Debt Scheme - Banking and PSU Fund,INF209KA12Z1,INF209KA13Z9,nav_119551_20260625.csv,109.8366,0.1143,0.1040636727648161
119551,2023-03-21,109.981,Aditya Birla Sun Life Banking & PSU Debt Fund - DIRECT - IDCW,Aditya Birla Sun Life Mutual Fund,Open Ended Schemes,Debt Scheme - Banking and PSU Fund,INF209KA12Z1,INF209KA13Z9,nav_119551_20260625.csv,109.9509,0.0300999999999902,0.027375855950238
119551,2023-03-23,110.0625,Aditya Birla Sun Life Banking & PSU Debt Fund - DIRECT - IDCW,Aditya Birla Sun Life Mutual Fund,Open Ended Schemes,Debt Scheme - Banking and PSU Fund,INF209KA12Z1,INF209KA13Z9,nav_119551_20260625.csv,109.981,0.0815000000000054,0.0741037088224379
119551,2023-03-24,110.0794,Aditya Birla Sun Life Banking & PSU Debt Fund - DIRECT - IDCW,Aditya Birla Sun Life Mutual Fund,Open Ended Schemes,Debt Scheme - Banking and PSU Fund,INF209KA12Z1,INF209KA13Z9,nav_119551_20260625.csv,110.0625,0.0169000000000068,0.0153549119818346
119551,2023-03-27,110.1469,Aditya Birla Sun Life Banking & PSU Debt Fund - DIRECT - IDCW,Aditya Birla Sun Life Mutual Fund,Open Ended Schemes,Debt Scheme - Banking and PSU Fund,INF209KA12Z1,INF209KA13Z9,nav_119551_20260625.csv,110.0794,0.0674999999999954,0.0613193749239144
119551,2023-03-28,110.1156,Aditya Birla Sun Life Banking & PSU Debt Fund - DIRECT - IDCW,Aditya Birla Sun Life Mutual Fund,Open Ended Schemes,Debt Scheme - Banking and PSU Fund,INF209KA12Z1,INF209KA13Z9,nav_119551_20260625.csv,110.1469,-0.0313000000000016,-0.0284165963817426
119551,2023-03-29,110.2525,Aditya Birla Sun Life Banking & PSU Debt Fund - DIRECT - IDCW,Aditya Birla Sun Life Mutual Fund,Open Ended Schemes,Debt Scheme - Banking and PSU Fund,INF209KA12Z1,INF209KA13Z9,nav_119551_20260625.csv,110.1156,0.1368999999999971,0.1243238923458593
119551,2023-03-31,110.3887,Aditya Birla Sun Life Banking & PSU Debt Fund - DIRECT - IDCW,Aditya Birla Sun Life Mutual Fund,Open Ended Schemes,Debt Scheme - Banking and PSU Fund,INF209KA12Z1,INF209KA13Z9,nav_119551_20260625.csv,110.2525,0.1362000000000023,0.1235346137275819
119551,2023-04-03,110.4369,Aditya Birla Sun Life Banking & PSU Debt Fund - DIRECT - IDCW,Aditya Birla Sun Life Mutual Fund,Open Ended Schemes,Debt Scheme - Banking and PSU Fund,INF209KA12Z1,INF209KA13Z9,nav_119551_20260625.csv,110.3887,0.0481999999999942,0.0436638895104247
119551,2023-04-05,110.5493,Aditya Birla Sun Life Banking & PSU Debt Fund - DIRECT - IDCW,Aditya Birla Sun Life Mutual Fund,Open Ended Schemes,Debt Scheme - Banking and PSU Fund,INF209KA12Z1,INF209KA13Z9,nav_119551_20260625.csv,110.4369,0.112400000000008,0.1017775761543542
119551,2023-04-06,110.7692,Aditya Birla Sun Life Banking & PSU Debt Fund - DIRECT - IDCW,Aditya Birla Sun Life Mutual Fund,Open Ended Schemes,Debt Scheme - Banking and PSU Fund,INF209KA12Z1,INF209KA13Z9,nav_119551_20260625.csv,110.5493,0.2198999999999955,0.1989157778475264
119551,2023-04-10,110.8339,Aditya Birla Sun Life Banking & PSU Debt Fund - DIRECT - IDCW,Aditya Birla Sun Life Mutual Fund,Open Ended Schemes,Debt Scheme - Banking and PSU Fund,INF209KA12Z1,INF209KA13Z9,nav_119551_20260625.csv,110.7692,0.0647000000000019,0.0584097384471513
119551,2023-04-11,110.847,Aditya Birla Sun Life Banking & PSU Debt Fund - DIRECT - IDCW,Aditya Birla Sun Life Mutual Fund,Open Ended Schemes,Debt Scheme - Banking and PSU Fund,INF209KA12Z1,INF209KA13Z9,nav_119551_20260625.csv,110.8339,0.0130999999999943,0.0118194884417081
119551,2023-04-12,110.9134,Aditya Birla Sun Life Banking & PSU Debt Fund - DIRECT - IDCW,Aditya Birla Sun Life Mutual Fund,Open Ended Schemes,Debt Scheme - Banking and PSU Fund,INF209KA12Z1,INF209KA13Z9,nav_119551_20260625.csv,110.847,0.0664000000000015,0.0599023879762208
119551,2023-04-13,110.9273,Aditya Birla Sun Life Banking & PSU Debt Fund - DIRECT - IDCW,Aditya Birla Sun Life Mutual Fund,Open Ended Schemes,Debt Scheme - Banking and PSU Fund,INF209KA12Z1,INF209KA13Z9,nav_119551_20260625.csv,110.9134,0.0139000000000066,0.0125322999745807
119551,2023-04-17,110.9947,Aditya Birla Sun Life Banking & PSU Debt Fund - DIRECT - IDCW,Aditya Birla Sun Life Mutual Fund,Open Ended Schemes,Debt Scheme - Banking and PSU Fund,INF209KA12Z1,INF209KA13Z9,nav_119551_20260625.csv,110.9273,0.0673999999999921,0.0607605161218132
119551,2023-04-18,111.029,Aditya Birla Sun Life Banking & PSU Debt Fund - DIRECT - IDCW,Aditya Birla Sun Life Mutual Fund,Open Ended Schemes,Debt Scheme - Banking and PSU Fund,INF209KA12Z1,INF209KA13Z9,nav_119551_20260625.csv,110.9947,0.0343000000000017,0.0309023764197765
119551,2023-04-19,111.0669,Aditya Birla Sun Life Banking & PSU Debt Fund - DIRECT - IDCW,Aditya Birla Sun Life Mutual Fund,Open Ended Schemes,Debt Scheme - Banking and PSU Fund,INF209KA12Z1,INF209KA13Z9,nav_119551_20260625.csv,111.029,0.0379000000000075,0.0341352259319705
119551,2023-04-20,111.0695,Aditya Birla Sun Life Banking & PSU Debt Fund - DIRECT - IDCW,Aditya Birla Sun Life Mutual Fund,Open Ended Schemes,Debt Scheme - Banking and PSU Fund,INF209KA12Z1,INF209KA13Z9,nav_119551_20260625.csv,111.0669,0.002600000000001,0.0023409314566275
119551,2023-04-21,111.1177,Aditya Birla Sun Life Banking & PSU Debt Fund - DIRECT - IDCW,Aditya Birla Sun Life Mutual Fund,Open Ended Schemes,Debt Scheme - Banking and PSU Fund,INF209KA12Z1,INF209KA13Z9,nav_119551_20260625.csv,111.0695,0.0481999999999942,0.04339625189633
119551,2023-04-24,111.2444,Aditya Birla Sun Life Banking & PSU Debt Fund - DIRECT - IDCW,Aditya Birla Sun Life Mutual Fund,Open Ended Schemes,Debt Scheme - Banking and PSU Fund,INF209KA12Z1,INF209KA13Z9,nav_119551_20260625.csv,111.1177,0.1266999999999996,0.1140232384219612
119551,2023-04-25,111.2845,Aditya Birla Sun Life Banking & PSU Debt Fund - DIRECT - IDCW,Aditya Birla Sun Life Mutual Fund,Open Ended Schemes,Debt Scheme - Banking and PSU Fund,INF209KA12Z1,INF209KA13Z9,nav_119551_20260625.csv,111.2444,0.0400999999999953,0.0360467583087286
119551,2023-04-26,111.3157,Aditya Birla Sun Life Banking & PSU Debt Fund - DIRECT - IDCW,Aditya Birla Sun Life Mutual Fund,Open Ended Schemes,Debt Scheme - Banking and PSU Fund,INF209KA12Z1,INF209KA13Z9,nav_119551_20260625.csv,111.2845,0.0312000000000125,0.0280362494327714
119551,2023-04-27,111.3747,Aditya Birla Sun Life Banking & PSU Debt Fund - DIRECT - IDCW,Aditya Birla Sun Life Mutual Fund,Open Ended Schemes,Debt Scheme - Banking and PSU Fund,INF209KA12Z1,INF209KA13Z9,nav_119551_20260625.csv,111.3157,0.0589999999999975,0.0530024066685988
119551,2023-04-28,111.3814,Aditya Birla Sun Life Banking & PSU Debt Fund - DIRECT - IDCW,Aditya Birla Sun Life Mutual Fund,Open Ended Schemes,Debt Scheme - Banking and PSU Fund,INF209KA12Z1,INF209KA13Z9,nav_119551_20260625.csv,111.3747,0.006699999999995,0.0060157288863584
119551,2023-05-02,111.4551,Aditya Birla Sun Life Banking & PSU Debt Fund - DIRECT - IDCW,Aditya Birla Sun Life Mutual Fund,Open Ended Schemes,Debt Scheme - Banking and PSU Fund,INF209KA12Z1,INF209KA13Z9,nav_119551_20260625.csv,111.3814,0.0737000000000023,0.0661690372001091
119551,2023-05-03,111.534,Aditya Birla Sun Life Banking & PSU Debt Fund - DIRECT - IDCW,Aditya Birla Sun Life Mutual Fund,Open Ended Schemes,Debt Scheme - Banking and PSU Fund,INF209KA12Z1,INF209KA13Z9,nav_119551_20260625.csv,111.4551,0.0789000000000044,0.0707908386426501
119551,2023-05-04,111.556,Aditya Birla Sun Life Banking & PSU Debt Fund - DIRECT - IDCW,Aditya Birla Sun Life Mutual Fund,Open Ended Schemes,Debt Scheme - Banking and PSU Fund,INF209KA12Z1,INF209KA13Z9,nav_119551_20260625.csv,111.534,0.0219999999999913,0.0197249269281038
119551,2023-05-08,111.6462,Aditya Birla Sun Life Banking & PSU Debt Fund - DIRECT - IDCW,Aditya Birla Sun Life Mutual Fund,Open Ended Schemes,Debt Scheme - Banking and PSU Fund,INF209KA12Z1,INF209KA13Z9,nav_119551_20260625.csv,111.556,0.0901999999999958,0.0808562515687151
119551,2023-05-09,111.6494,Aditya Birla Sun Life Banking & PSU Debt Fund - DIRECT - IDCW,Aditya Birla Sun Life Mutual Fund,Open Ended Schemes,Debt Scheme - Banking and PSU Fund,INF209KA12Z1,INF209KA13Z9,nav_119551_20260625.csv,111.6462,0.0032000000000067,0.0028661969686444
119551,2023-05-10,111.6632,Aditya Birla Sun Life Banking & PSU Debt Fund - DIRECT - IDCW,Aditya Birla Sun Life Mutual Fund,Open Ended Schemes,Debt Scheme - Banking and PSU Fund,INF209KA12Z1,INF209KA13Z9,nav_119551_20260625.csv,111.6494,0.0138000000000033,0.0123601201618668
119551,2023-05-11,111.6912,Aditya Birla Sun Life Banking & PSU Debt Fund - DIRECT - IDCW,Aditya Birla Sun Life Mutual Fund,Open Ended Schemes,Debt Scheme - Banking and PSU Fund,INF209KA12Z1,INF209KA13Z9,nav_119551_20260625.csv,111.6632,0.0279999999999915,0.0250754053260085
119551,2023-05-12,111.7357,Aditya Birla Sun Life Banking & PSU Debt Fund - DIRECT - IDCW,Aditya Birla Sun Life Mutual Fund,Open Ended Schemes,Debt Scheme - Banking and PSU Fund,INF209KA12Z1,INF209KA13Z9,nav_119551_20260625.csv,111.6912,0.0444999999999993,0.0398419929233451
119551,2023-05-15,111.8017,Aditya Birla Sun Life Banking & PSU Debt Fund - DIRECT - IDCW,Aditya Birla Sun Life Mutual Fund,Open Ended Schemes,Debt Scheme - Banking and PSU Fund,INF209KA12Z1,INF209KA13Z9,nav_119551_20260625.csv,111.7357,0.0660000000000025,0.059067961269319
119551,2023-05-16,111.8439,Aditya Birla Sun Life Banking & PSU Debt Fund - DIRECT - IDCW,Aditya Birla Sun Life Mutual Fund,Open Ended Schemes,Debt Scheme - Banking and PSU Fund,INF209KA12Z1,INF209KA13Z9,nav_119551_20260625.csv,111.8017,0.0422000000000082,0.0377454010091154
119551,2023-05-17,111.8786,Aditya Birla Sun Life Banking & PSU Debt Fund - DIRECT - IDCW,Aditya Birla Sun Life Mutual Fund,Open Ended Schemes,Debt Scheme - Banking and PSU Fund,INF209KA12Z1,INF209KA13Z9,nav_119551_20260625.csv,111.8439,0.0347000000000008,0.031025384486772
119551,2023-05-18,111.9625,Aditya Birla Sun Life Banking & PSU Debt Fund - DIRECT - IDCW,Aditya Birla Sun Life Mutual Fund,Open Ended Schemes,Debt Scheme - Banking and PSU Fund,INF209KA12Z1,INF209KA13Z9,nav_119551_20260625.csv,111.8786,0.0838999999999998,0.0749920002574217
119551,2023-05-19,111.9729,Aditya Birla Sun Life Banking & PSU Debt Fund - DIRECT - IDCW,Aditya Birla Sun Life Mutual Fund,Open Ended Schemes,Debt Scheme - Banking and PSU Fund,INF209KA12Z1,INF209KA13Z9,nav_119551_20260625.csv,111.9625,0.0103999999999899,0.009288824383155
119551,2023-05-22,112.1196,Aditya Birla Sun Life Banking & PSU Debt Fund - DIRECT - IDCW,Aditya Birla Sun Life Mutual Fund,Open Ended Schemes,Debt Scheme - Banking and PSU Fund,INF209KA12Z1,INF209KA13Z9,nav_119551_20260625.csv,111.9729,0.1467000000000098,0.1310138435282196
119551,2023-05-23,112.1072,Aditya Birla Sun Life Banking & PSU Debt Fund - DIRECT - IDCW,Aditya Birla Sun Life Mutual Fund,Open Ended Schemes,Debt Scheme - Banking and PSU Fund,INF209KA12Z1,INF209KA13Z9,nav_119551_20260625.csv,112.1196,-0.0123999999999995,-0.0110596184788382
119551,2023-05-24,112.1392,Aditya Birla Sun Life Banking & PSU Debt Fund - DIRECT - IDCW,Aditya Birla Sun Life Mutual Fund,Open Ended Schemes,Debt Scheme - Banking and PSU Fund,INF209KA12Z1,INF209KA13Z9,nav_119551_20260625.csv,112.1072,0.0319999999999964,0.0285441077825478
119551,2023-05-25,112.1468,Aditya Birla Sun Life Banking & PSU Debt Fund - DIRECT - IDCW,Aditya Birla Sun Life Mutual Fund,Open Ended Schemes,Debt Scheme - Banking and PSU Fund,INF209KA12Z1,INF209KA13Z9,nav_119551_20260625.csv,112.1392,0.0075999999999964,0.0067772910810818
119551,2023-05-26,112.1609,Aditya Birla Sun Life Banking & PSU Debt Fund - DIRECT - IDCW,Aditya Birla Sun Life Mutual Fund,Open Ended Schemes,Debt Scheme - Banking and PSU Fund,INF209KA12Z1,INF209KA13Z9,nav_119551_20260625.csv,112.1468,0.0140999999999991,0.0125728063573807
119551,2023-05-29,112.1994,Aditya Birla Sun Life Banking & PSU Debt Fund - DIRECT - IDCW,Aditya Birla Sun Life Mutual Fund,Open Ended Schemes,Debt Scheme - Banking and PSU Fund,INF209KA12Z1,INF209KA13Z9,nav_119551_20260625.csv,112.1609,0.038499999999999,0.0343256874721931
119551,2023-05-30,112.2149,Aditya Birla Sun Life Banking & PSU Debt Fund - DIRECT - IDCW,Aditya Birla Sun Life Mutual Fund,Open Ended Schemes,Debt Scheme - Banking and PSU Fund,INF209KA12Z1,INF209KA13Z9,nav_119551_20260625.csv,112.1994,0.0155000000000029,0.0138146906311468
119551,2023-05-31,112.2328,Aditya Birla Sun Life Banking & PSU Debt Fund - DIRECT - IDCW,Aditya Birla Sun Life Mutual Fund,Open Ended Schemes,Debt Scheme - Banking and PSU Fund,INF209KA12Z1,INF209KA13Z9,nav_119551_20260625.csv,112.2149,0.0178999999999973,0.0159515358477326
119551,2023-06-01,112.3041,Aditya Birla Sun Life Banking & PSU Debt Fund - DIRECT - IDCW,Aditya Birla Sun Life Mutual Fund,Open Ended Schemes,Debt Scheme - Banking and PSU Fund,INF209KA12Z1,INF209KA13Z9,nav_119551_20260625.csv,112.2328,0.0713000000000079,0.0635286654168905
119551,2023-06-02,112.3136,Aditya Birla Sun Life Banking & PSU Debt Fund - DIRECT - IDCW,Aditya Birla Sun Life Mutual Fund,Open Ended Schemes,Debt Scheme - Banking and PSU Fund,INF209KA12Z1,INF209KA13Z9,nav_119551_20260625.csv,112.3041,0.0094999999999885,0.0084591746872897
119551,2023-06-05,112.35,Aditya Birla Sun Life Banking & PSU Debt Fund - DIRECT - IDCW,Aditya Birla Sun Life Mutual Fund,Open Ended Schemes,Debt Scheme - Banking and PSU Fund,INF209KA12Z1,INF209KA13Z9,nav_119551_20260625.csv,112.3136,0.0364000000000004,0.0324092540885524
119551,2023-06-06,112.3976,Aditya Birla Sun Life Banking & PSU Debt Fund - DIRECT - IDCW,Aditya Birla Sun Life Mutual Fund,Open Ended Schemes,Debt Scheme - Banking and PSU Fund,INF209KA12Z1,INF209KA13Z9,nav_119551_20260625.csv,112.35,0.0476000000000027,0.0423676012461083
119551,2023-06-07,112.4241,Aditya Birla Sun Life Banking & PSU Debt Fund - DIRECT - IDCW,Aditya Birla Sun Life Mutual Fund,Open Ended Schemes,Debt Scheme - Banking and PSU Fund,INF209KA12Z1,INF209KA13Z9,nav_119551_20260625.csv,112.3976,0.0264999999999986,0.0235770158793414
119551,2023-06-08,112.3995,Aditya Birla Sun Life Banking & PSU Debt Fund - DIRECT - IDCW,Aditya Birla Sun Life Mutual Fund,Open Ended Schemes,Debt Scheme - Banking and PSU Fund,INF209KA12Z1,INF209KA13Z9,nav_119551_20260625.csv,112.4241,-0.0245999999999924,-0.021881429337653
119551,2023-06-09,112.3662,Aditya Birla Sun Life Banking & PSU Debt Fund - DIRECT - IDCW,Aditya Birla Sun Life Mutual Fund,Open Ended Schemes,Debt Scheme - Banking and PSU Fund,INF209KA12Z1,INF209KA13Z9,nav_119551_20260625.csv,112.3995,-0.033299999999997,-0.0296264663099008
119551,2023-06-12,112.4181,Aditya Birla Sun Life Banking & PSU Debt Fund - DIRECT - IDCW,Aditya Birla Sun Life Mutual Fund,Open Ended Schemes,Debt Scheme - Banking and PSU Fund,INF209KA12Z1,INF209KA13Z9,nav_119551_20260625.csv,112.3662,0.0518999999999891,0.0461882665783742
119551,2023-06-13,112.4564,Aditya Birla Sun Life Banking & PSU Debt Fund - DIRECT - IDCW,Aditya Birla Sun Life Mutual Fund,Open Ended Schemes,Debt Scheme - Banking and PSU Fund,INF209KA12Z1,INF209KA13Z9,nav_119551_20260625.csv,112.4181,0.0383000000000066,0.0340692468561616
119551,2023-06-14,112.4522,Aditya Birla Sun Life Banking & PSU Debt Fund - DIRECT - IDCW,Aditya Birla Sun Life Mutual Fund,Open Ended Schemes,Debt Scheme - Banking and PSU Fund,INF209KA12Z1,INF209KA13Z9,nav_119551_20260625.csv,112.4564,-0.0041999999999973,-0.0037347807683665
119551,2023-06-15,112.4579,Aditya Birla Sun Life Banking & PSU Debt Fund - DIRECT - IDCW,Aditya Birla Sun Life Mutual Fund,Open Ended Schemes,Debt Scheme - Banking and PSU Fund,INF209KA12Z1,INF209KA13Z9,nav_119551_20260625.csv,112.4522,0.0056999999999902,0.0050688203521053
119551,2023-06-16,112.4688,Aditya Birla Sun Life Banking & PSU Debt Fund - DIRECT - IDCW,Aditya Birla Sun Life Mutual Fund,Open Ended Schemes,Debt Scheme - Banking and PSU Fund,INF209KA12Z1,INF209KA13Z9,nav_119551_20260625.csv,112.4579,0.0109000000000065,0.0096925160437875
119551,2023-06-19,112.5427,Aditya Birla Sun Life Banking & PSU Debt Fund - DIRECT - IDCW,Aditya Birla Sun Life Mutual Fund,Open Ended Schemes,Debt Scheme - Banking and PSU Fund,INF209KA12Z1,INF209KA13Z9,nav_119551_20260625.csv,112.4688,0.0738999999999947,0.0657071116611849
119551,2023-06-20,112.5543,Aditya Birla Sun Life Banking & PSU Debt Fund - DIRECT - IDCW,Aditya Birla Sun Life Mutual Fund,Open Ended Schemes,Debt Scheme - Banking and PSU Fund,INF209KA12Z1,INF209KA13Z9,nav_119551_20260625.csv,112.5427,0.0116000000000013,0.0103071989564861
119551,2023-06-21,112.5483,Aditya Birla Sun Life Banking & PSU Debt Fund - DIRECT - IDCW,Aditya Birla Sun Life Mutual Fund,Open Ended Schemes,Debt Scheme - Banking and PSU Fund,INF209KA12Z1,INF209KA13Z9,nav_119551_20260625.csv,112.5543,-0.0060000000000002,-0.0053307603530031
119551,2023-06-22,112.5347,Aditya Birla Sun Life Banking & PSU Debt Fund - DIRECT - IDCW,Aditya Birla Sun Life Mutual Fund,Open Ended Schemes,Debt Scheme - Banking and PSU Fund,INF209KA12Z1,INF209KA13Z9,nav_119551_20260625.csv,112.5483,-0.0135999999999967,-0.0120837009532767
119551,2023-06-23,112.5447,Aditya Birla Sun Life Banking & PSU Debt Fund - DIRECT - IDCW,Aditya Birla Sun Life Mutual Fund,Open Ended Schemes,Debt Scheme - Banking and PSU Fund,INF209KA12Z1,INF209KA13Z9,nav_119551_20260625.csv,112.5347,0.0100000000000051,0.0088861480059085
119551,2023-06-26,112.5988,Aditya Birla Sun Life Banking & PSU Debt Fund - DIRECT - IDCW,Aditya Birla Sun Life Mutual Fund,Open Ended Schemes,Debt Scheme - Banking and PSU Fund,INF209KA12Z1,INF209KA13Z9,nav_119551_20260625.csv,112.5447,0.0540999999999911,0.0480697891593217
119551,2023-06-27,112.6073,Aditya Birla Sun Life Banking & PSU Debt Fund - DIRECT - IDCW,Aditya Birla Sun Life Mutual Fund,Open Ended Schemes,Debt Scheme - Banking and PSU Fund,INF209KA12Z1,INF209KA13Z9,nav_119551_20260625.csv,112.5988,0.0084999999999979,0.0075489259210559
119551,2023-06-28,112.6521,Aditya Birla Sun Life Banking & PSU Debt Fund - DIRECT - IDCW,Aditya Birla Sun Life Mutual Fund,Open Ended Schemes,Debt Scheme - Banking and PSU Fund,INF209KA12Z1,INF209KA13Z9,nav_119551_20260625.csv,112.6073,0.0448000000000092,0.0397842768630535
119551,2023-06-30,112.6635,Aditya Birla Sun Life Banking & PSU Debt Fund - DIRECT - IDCW,Aditya Birla Sun Life Mutual Fund,Open Ended Schemes,Debt Scheme - Banking and PSU Fund,INF209KA12Z1,INF209KA13Z9,nav_119551_20260625.csv,112.6521,0.0113999999999947,0.0101196515644135
119551,2023-07-03,112.6779,Aditya Birla Sun Life Banking & PSU Debt Fund - DIRECT - IDCW,Aditya Birla Sun Life Mutual Fund,Open Ended Schemes,Debt Scheme - Banking and PSU Fund,INF209KA12Z1,INF209KA13Z9,nav_119551_20260625.csv,112.6635,0.0143999999999948,0.0127814243299692
119551,2023-07-04,112.7332,Aditya Birla Sun Life Banking & PSU Debt Fund - DIRECT - IDCW,Aditya Birla Sun Life Mutual Fund,Open Ended Schemes,Debt Scheme - Banking and PSU Fund,INF209KA12Z1,INF209KA13Z9,nav_119551_20260625.csv,112.6779,0.0553000000000025,0.0490779469620951
119551,2023-07-05,112.7734,Aditya Birla Sun Life Banking & PSU Debt Fund - DIRECT - IDCW,Aditya Birla Sun Life Mutual Fund,Open Ended Schemes,Debt Scheme - Banking and PSU Fund,INF209KA12Z1,INF209KA13Z9,nav_119551_20260625.csv,112.7332,0.0401999999999986,0.0356594153275154
119551,2023-07-06,112.7607,Aditya Birla Sun Life Banking & PSU Debt Fund - DIRECT - IDCW,Aditya Birla Sun Life Mutual Fund,Open Ended Schemes,Debt Scheme - Banking and PSU Fund,INF209KA12Z1,INF209KA13Z9,nav_119551_20260625.csv,112.7734,-0.0126999999999952,-0.0112615208905604
119551,2023-07-07,112.7417,Aditya Birla Sun Life Banking & PSU Debt Fund - DIRECT - IDCW,Aditya Birla Sun Life Mutual Fund,Open Ended Schemes,Debt Scheme - Banking and PSU Fund,INF209KA12Z1,INF209KA13Z9,nav_119551_20260625.csv,112.7607,-0.0190000000000054,-0.0168498421879302
119551,2023-07-10,112.7947,Aditya Birla Sun Life Banking & PSU Debt Fund - DIRECT - IDCW,Aditya Birla Sun Life Mutual Fund,Open Ended Schemes,Debt Scheme - Banking and PSU Fund,INF209KA12Z1,INF209KA13Z9,nav_119551_20260625.csv,112.7417,0.0530000000000114,0.0470101124960963
119551,2023-07-11,112.879,Aditya Birla Sun Life Banking & PSU Debt Fund - DIRECT - IDCW,Aditya Birla Sun Life Mutual Fund,Open Ended Schemes,Debt Scheme - Banking and PSU Fund,INF209KA12Z1,INF209KA13Z9,nav_119551_20260625.csv,112.7947,0.0842999999999989,0.0747375541581288
119551,2023-07-12,112.8785,Aditya Birla Sun Life Banking & PSU Debt Fund - DIRECT - IDCW,Aditya Birla Sun Life Mutual Fund,Open Ended Schemes,Debt Scheme - Banking and PSU Fund,INF209KA12Z1,INF209KA13Z9,nav_119551_20260625.csv,112.879,-0.0005000000000023,-0.0004429521877429
119551,2023-07-13,112.9794,Aditya Birla Sun Life Banking & PSU Debt Fund - DIRECT - IDCW,Aditya Birla Sun Life Mutual Fund,Open Ended Schemes,Debt Scheme - Banking and PSU Fund,INF209KA12Z1,INF209KA13Z9,nav_119551_20260625.csv,112.8785,0.1008999999999957,0.0893881474328554
119551,2023-07-14,113.0224,Aditya Birla Sun Life Banking & PSU Debt Fund - DIRECT - IDCW,Aditya Birla Sun Life Mutual Fund,Open Ended Schemes,Debt Scheme - Banking and PSU Fund,INF209KA12Z1,INF209KA13Z9,nav_119551_20260625.csv,112.9794,0.0430000000000063,0.0380600357233321
119551,2023-07-17,113.0933,Aditya Birla Sun Life Banking & PSU Debt Fund - DIRECT - IDCW,Aditya Birla Sun Life Mutual Fund,Open Ended Schemes,Debt Scheme - Banking and PSU Fund,INF209KA12Z1,INF209KA13Z9,nav_119551_20260625.csv,113.0224,0.0708999999999946,0.0627309276745093
119551,2023-07-18,113.1539,Aditya Birla Sun Life Banking & PSU Debt Fund - DIRECT - IDCW,Aditya Birla Sun Life Mutual Fund,Open Ended Schemes,Debt Scheme - Banking and PSU Fund,INF209KA12Z1,INF209KA13Z9,nav_119551_20260625.csv,113.0933,0.0605999999999937,0.0535840761565837
119551,2023-07-19,113.185,Aditya Birla Sun Life Banking & PSU Debt Fund - DIRECT - IDCW,Aditya Birla Sun Life Mutual Fund,Open Ended Schemes,Debt Scheme - Banking and PSU Fund,INF209KA12Z1,INF209KA13Z9,nav_119551_20260625.csv,113.1539,0.0311000000000092,0.027484691203758
119551,2023-07-20,113.2135,Aditya Birla Sun Life Banking & PSU Debt Fund - DIRECT - IDCW,Aditya Birla Sun Life Mutual Fund,Open Ended Schemes,Debt Scheme - Banking and PSU Fund,INF209KA12Z1,INF209KA13Z9,nav_119551_20260625.csv,113.185,0.0284999999999939,0.0251800150196527
119551,2023-07-21,113.1867,Aditya Birla Sun Life Banking & PSU Debt Fund - DIRECT - IDCW,Aditya Birla Sun Life Mutual Fund,Open Ended Schemes,Debt Scheme - Banking and PSU Fund,INF209KA12Z1,INF209KA13Z9,nav_119551_20260625.csv,113.2135,-0.0267999999999943,-0.023672088576004
119551,2023-07-24,113.252,Aditya Birla Sun Life Banking & PSU Debt Fund - DIRECT - IDCW,Aditya Birla Sun Life Mutual Fund,Open Ended Schemes,Debt Scheme - Banking and PSU Fund,INF209KA12Z1,INF209KA13Z9,nav_119551_20260625.csv,113.1867,0.0652999999999934,0.0576922907019936
119551,2023-07-25,113.2068,Aditya Birla Sun Life Banking & PSU Debt Fund - DIRECT - IDCW,Aditya Birla Sun Life Mutual Fund,Open Ended Schemes,Debt Scheme - Banking and PSU Fund,INF209KA12Z1,INF209KA13Z9,nav_119551_20260625.csv,113.252,-0.0451999999999941,-0.0399109949493113
119551,2023-07-26,113.25,Aditya Birla Sun Life Banking & PSU Debt Fund - DIRECT - IDCW,Aditya Birla Sun Life Mutual Fund,Open Ended Schemes,Debt Scheme - Banking and PSU Fund,INF209KA12Z1,INF209KA13Z9,nav_119551_20260625.csv,113.2068,0.0431999999999987,0.0381602518576612
119551,2023-07-27,113.302,Aditya Birla Sun Life Banking & PSU Debt Fund - DIRECT - IDCW,Aditya Birla Sun Life Mutual Fund,Open Ended Schemes,Debt Scheme - Banking and PSU Fund,INF209KA12Z1,INF209KA13Z9,nav_119551_20260625.csv,113.25,0.0520000000000067,0.0459161147902928
119551,2023-07-28,113.2233,Aditya Birla Sun Life Banking & PSU Debt Fund - DIRECT - IDCW,Aditya Birla Sun Life Mutual Fund,Open Ended Schemes,Debt Scheme - Banking and PSU Fund,INF209KA12Z1,INF209KA13Z9,nav_119551_20260625.csv,113.302,-0.0787000000000119,-0.069460380222778
119551,2023-07-31,113.2955,Aditya Birla Sun Life Banking & PSU Debt Fund - DIRECT - IDCW,Aditya Birla Sun Life Mutual Fund,Open Ended Schemes,Debt Scheme - Banking and PSU Fund,INF209KA12Z1,INF209KA13Z9,nav_119551_20260625.csv,113.2233,0.0722000000000093,0.0637677933782263
119551,2023-08-01,113.3502,Aditya Birla Sun Life Banking & PSU Debt Fund - DIRECT - IDCW,Aditya Birla Sun Life Mutual Fund,Open Ended Schemes,Debt Scheme - Banking and PSU Fund,INF209KA12Z1,INF209KA13Z9,nav_119551_20260625.csv,113.2955,0.0546999999999968,0.0482808231571393
119551,2023-08-02,113.371,Aditya Birla Sun Life Banking & PSU Debt Fund - DIRECT - IDCW,Aditya Birla Sun Life Mutual Fund,Open Ended Schemes,Debt Scheme - Banking and PSU Fund,INF209KA12Z1,INF209KA13Z9,nav_119551_20260625.csv,113.3502,0.0207999999999941,0.018350210233413
119551,2023-08-03,113.3366,Aditya Birla Sun Life Banking & PSU Debt Fund - DIRECT - IDCW,Aditya Birla Sun Life Mutual Fund,Open Ended Schemes,Debt Scheme - Banking and PSU Fund,INF209KA12Z1,INF209KA13Z9,nav_119551_20260625.csv,113.371,-0.0343999999999908,-0.0303428566388149
119551,2023-08-04,113.3024,Aditya Birla Sun Life Banking & PSU Debt Fund - DIRECT - IDCW,Aditya Birla Sun Life Mutual Fund,Open Ended Schemes,Debt Scheme - Banking and PSU Fund,INF209KA12Z1,INF209KA13Z9,nav_119551_20260625.csv,113.3366,-0.0341999999999984,-0.0301756008209161
119551,2023-08-07,113.4145,Aditya Birla Sun Life Banking & PSU Debt Fund - DIRECT - IDCW,Aditya Birla Sun Life Mutual Fund,Open Ended Schemes,Debt Scheme - Banking and PSU Fund,INF209KA12Z1,INF209KA13Z9,nav_119551_20260625.csv,113.3024,0.112099999999998,0.0989387691699364
119551,2023-08-08,113.4097,Aditya Birla Sun Life Banking & PSU Debt Fund - DIRECT - IDCW,Aditya Birla Sun Life Mutual Fund,Open Ended Schemes,Debt Scheme - Banking and PSU Fund,INF209KA12Z1,INF209KA13Z9,nav_119551_20260625.csv,113.4145,-0.004800000000003,-0.0042322630704213
119551,2023-08-09,113.4446,Aditya Birla Sun Life Banking & PSU Debt Fund - DIRECT - IDCW,Aditya Birla Sun Life Mutual Fund,Open Ended Schemes,Debt Scheme - Banking and PSU Fund,INF209KA12Z1,INF209KA13Z9,nav_119551_20260625.csv,113.4097,0.0348999999999932,0.0307733818183041
119551,2023-08-10,113.4695,Aditya Birla Sun Life Banking & PSU Debt Fund - DIRECT - IDCW,Aditya Birla Sun Life Mutual Fund,Open Ended Schemes,Debt Scheme - Banking and PSU Fund,INF209KA12Z1,INF209KA13Z9,nav_119551_20260625.csv,113.4446,0.0249000000000023,0.021949039443043
119551,2023-08-11,113.4328,Aditya Birla Sun Life Banking & PSU Debt Fund - DIRECT - IDCW,Aditya Birla Sun Life Mutual Fund,Open Ended Schemes,Debt Scheme - Banking and PSU Fund,INF209KA12Z1,INF209KA13Z9,nav_119551_20260625.csv,113.4695,-0.0366999999999961,-0.03234349318539
119551,2023-08-14,113.4717,Aditya Birla Sun Life Banking & PSU Debt Fund - DIRECT - IDCW,Aditya Birla Sun Life Mutual Fund,Open Ended Schemes,Debt Scheme - Banking and PSU Fund,INF209KA12Z1,INF209KA13Z9,nav_119551_20260625.csv,113.4328,0.0388999999999981,0.0342934318821347
119551,2023-08-17,113.448,Aditya Birla Sun Life Banking & PSU Debt Fund - DIRECT - IDCW,Aditya Birla Sun Life Mutual Fund,Open Ended Schemes,Debt Scheme - Banking and PSU Fund,INF209KA12Z1,INF209KA13Z9,nav_119551_20260625.csv,113.4717,-0.0237000000000051,-0.0208862650334886
119551,2023-08-18,113.5055,Aditya Birla Sun Life Banking & PSU Debt Fund - DIRECT - IDCW,Aditya Birla Sun Life Mutual Fund,Open Ended Schemes,Debt Scheme - Banking and PSU Fund,INF209KA12Z1,INF209KA13Z9,nav_119551_20260625.csv,113.448,0.0575000000000045,0.0506840138213142
119551,2023-08-21,113.5726,Aditya Birla Sun Life Banking & PSU Debt Fund - DIRECT - IDCW,Aditya Birla Sun Life Mutual Fund,Open Ended Schemes,Debt Scheme - Banking and PSU Fund,INF209KA12Z1,INF209KA13Z9,nav_119551_20260625.csv,113.5055,0.0670999999999963,0.0591160780755085
119551,2023-08-22,113.5608,Aditya Birla Sun Life Banking & PSU Debt Fund - DIRECT - IDCW,Aditya Birla Sun Life Mutual Fund,Open Ended Schemes,Debt Scheme - Banking and PSU Fund,INF209KA12Z1,INF209KA13Z9,nav_119551_20260625.csv,113.5726,-0.0117999999999938,-0.0103898299413712
119551,2023-08-23,113.6358,Aditya Birla Sun Life Banking & PSU Debt Fund - DIRECT - IDCW,Aditya Birla Sun Life Mutual Fund,Open Ended Schemes,Debt Scheme - Banking and PSU Fund,INF209KA12Z1,INF209KA13Z9,nav_119551_20260625.csv,113.5608,0.0750000000000028,0.06604391656276
119551,2023-08-24,113.6982,Aditya Birla Sun Life Banking & PSU Debt Fund - DIRECT - IDCW,Aditya Birla Sun Life Mutual Fund,Open Ended Schemes,Debt Scheme - Banking and PSU Fund,INF209KA12Z1,INF209KA13Z9,nav_119551_20260625.csv,113.6358,0.0623999999999966,0.054912272364868
119551,2023-08-25,113.708,Aditya Birla Sun Life Banking & PSU Debt Fund - DIRECT - IDCW,Aditya Birla Sun Life Mutual Fund,Open Ended Schemes,Debt Scheme - Banking and PSU Fund,INF209KA12Z1,INF209KA13Z9,nav_119551_20260625.csv,113.6982,0.0097999999999984,0.0086193097164233
119551,2023-08-28,113.8221,Aditya Birla Sun Life Banking & PSU Debt Fund - DIRECT - IDCW,Aditya Birla Sun Life Mutual Fund,Open Ended Schemes,Debt Scheme - Banking and PSU Fund,INF209KA12Z1,INF209KA13Z9,nav_119551_20260625.csv,113.708,0.1141000000000076,0.1003447426742249
119551,2023-08-29,113.8467,Aditya Birla Sun Life Banking & PSU Debt Fund - DIRECT - IDCW,Aditya Birla Sun Life Mutual Fund,Open Ended Schemes,Debt Scheme - Banking and PSU Fund,INF209KA12Z1,INF209KA13Z9,nav_119551_20260625.csv,113.8221,0.0245999999999924,0.0216126745157508
119551,2023-08-30,113.8834,Aditya Birla Sun Life Banking & PSU Debt Fund - DIRECT - IDCW,Aditya Birla Sun Life Mutual Fund,Open Ended Schemes,Debt Scheme - Banking and PSU Fund,INF209KA12Z1,INF209KA13Z9,nav_119551_20260625.csv,113.8467,0.0366999999999961,0.0322363318392155
119551,2023-08-31,113.9005,Aditya Birla Sun Life Banking & PSU Debt Fund - DIRECT - IDCW,Aditya Birla Sun Life Mutual Fund,Open Ended Schemes,Debt Scheme - Banking and PSU Fund,INF209KA12Z1,INF209KA13Z9,nav_119551_20260625.csv,113.8834,0.0170999999999992,0.0150153578133417
119551,2023-09-01,113.9205,Aditya Birla Sun Life Banking & PSU Debt Fund - DIRECT - IDCW,Aditya Birla Sun Life Mutual Fund,Open Ended Schemes,Debt Scheme - Banking and PSU Fund,INF209KA12Z1,INF209KA13Z9,nav_119551_20260625.csv,113.9005,0.0200000000000102,0.0175591854293969
119551,2023-09-04,113.9843,Aditya Birla Sun Life Banking & PSU Debt Fund - DIRECT - IDCW,Aditya Birla Sun Life Mutual Fund,Open Ended Schemes,Debt Scheme - Banking and PSU Fund,INF209KA12Z1,INF209KA13Z9,nav_119551_20260625.csv,113.9205,0.0638000000000005,0.0560039676792153
119551,2023-09-05,113.9984,Aditya Birla Sun Life Banking & PSU Debt Fund - DIRECT - IDCW,Aditya Birla Sun Life Mutual Fund,Open Ended Schemes,Debt Scheme - Banking and PSU Fund,INF209KA12Z1,INF209KA13Z9,nav_119551_20260625.csv,113.9843,0.0140999999999991,0.0123701246575178
119551,2023-09-06,113.9571,Aditya Birla Sun Life Banking & PSU Debt Fund - DIRECT - IDCW,Aditya Birla Sun Life Mutual Fund,Open Ended Schemes,Debt Scheme - Banking and PSU Fund,INF209KA12Z1,INF209KA13Z9,nav_119551_20260625.csv,113.9984,-0.0413000000000067,-0.0362285786467237
119551,2023-09-07,114.0437,Aditya Birla Sun Life Banking & PSU Debt Fund - DIRECT - IDCW,Aditya Birla Sun Life Mutual Fund,Open Ended Schemes,Debt Scheme - Banking and PSU Fund,INF209KA12Z1,INF209KA13Z9,nav_119551_20260625.csv,113.9571,0.0866000000000042,0.0759935098383551
119551,2023-09-08,114.0015,Aditya Birla Sun Life Banking & PSU Debt Fund - DIRECT - IDCW,Aditya Birla Sun Life Mutual Fund,Open Ended Schemes,Debt Scheme - Banking and PSU Fund,INF209KA12Z1,INF209KA13Z9,nav_119551_20260625.csv,114.0437,-0.0422000000000082,-0.0370033592386148
119551,2023-09-11,114.0239,Aditya Birla Sun Life Banking & PSU Debt Fund - DIRECT - IDCW,Aditya Birla Sun Life Mutual Fund,Open Ended Schemes,Debt Scheme - Banking and PSU Fund,INF209KA12Z1,INF209KA13Z9,nav_119551_20260625.csv,114.0015,0.0224000000000046,0.0196488642693338
119551,2023-09-12,114.0096,Aditya Birla Sun Life Banking & PSU Debt Fund - DIRECT - IDCW,Aditya Birla Sun Life Mutual Fund,Open Ended Schemes,Debt Scheme - Banking and PSU Fund,INF209KA12Z1,INF209KA13Z9,nav_119551_20260625.csv,114.0239,-0.0142999999999915,-0.0125412303911649
119551,2023-09-13,114.1471,Aditya Birla Sun Life Banking & PSU Debt Fund - DIRECT - IDCW,Aditya Birla Sun Life Mutual Fund,Open Ended Schemes,Debt Scheme - Banking and PSU Fund,INF209KA12Z1,INF209KA13Z9,nav_119551_20260625.csv,114.0096,0.1374999999999886,0.1206038789715854
119551,2023-09-14,114.2468,Aditya Birla Sun Life Banking & PSU Debt Fund - DIRECT - IDCW,Aditya Birla Sun Life Mutual Fund,Open Ended Schemes,Debt Scheme - Banking and PSU Fund,INF209KA12Z1,INF209KA13Z9,nav_119551_20260625.csv,114.1471,0.0996999999999985,0.0873434366707507
119551,2023-09-15,114.1634,Aditya Birla Sun Life Banking & PSU Debt Fund - DIRECT - IDCW,Aditya Birla Sun Life Mutual Fund,Open Ended Schemes,Debt Scheme - Banking and PSU Fund,INF209KA12Z1,INF209KA13Z9,nav_119551_20260625.csv,114.2468,-0.0833999999999974,-0.0729998564511194
119551,2023-09-18,114.2257,Aditya Birla Sun Life Banking & PSU Debt Fund - DIRECT - IDCW,Aditya Birla Sun Life Mutual Fund,Open Ended Schemes,Debt Scheme - Banking and PSU Fund,INF209KA12Z1,INF209KA13Z9,nav_119551_20260625.csv,114.1634,0.0623000000000075,0.054570904510559
119551,2023-09-20,114.3068,Aditya Birla Sun Life Banking & PSU Debt Fund - DIRECT - IDCW,Aditya Birla Sun Life Mutual Fund,Open Ended Schemes,Debt Scheme - Banking and PSU Fund,INF209KA12Z1,INF209KA13Z9,nav_119551_20260625.csv,114.2257,0.0810999999999921,0.0709997837614408
119551,2023-09-21,114.3346,Aditya Birla Sun Life Banking & PSU Debt Fund - DIRECT - IDCW,Aditya Birla Sun Life Mutual Fund,Open Ended Schemes,Debt Scheme - Banking and PSU Fund,INF209KA12Z1,INF209KA13Z9,nav_119551_20260625.csv,114.3068,0.0277999999999991,0.0243205128653756
119551,2023-09-22,114.3437,Aditya Birla Sun Life Banking & PSU Debt Fund - DIRECT - IDCW,Aditya Birla Sun Life Mutual Fund,Open Ended Schemes,Debt Scheme - Banking and PSU Fund,INF209KA12Z1,INF209KA13Z9,nav_119551_20260625.csv,114.3346,0.0091000000000036,0.0079590954969044
119551,2023-09-25,114.3926,Aditya Birla Sun Life Banking & PSU Debt Fund - DIRECT - IDCW,Aditya Birla Sun Life Mutual Fund,Open Ended Schemes,Debt Scheme - Banking and PSU Fund,INF209KA12Z1,INF209KA13Z9,nav_119551_20260625.csv,114.3437,0.0489000000000032,0.0427658017013646
119551,2023-09-26,114.3858,Aditya Birla Sun Life Banking & PSU Debt Fund - DIRECT - IDCW,Aditya Birla Sun Life Mutual Fund,Open Ended Schemes,Debt Scheme - Banking and PSU Fund,INF209KA12Z1,INF209KA13Z9,nav_119551_20260625.csv,114.3926,-0.0067999999999983,-0.0059444404620564
119551,2023-09-27,114.4022,Aditya Birla Sun Life Banking & PSU Debt Fund - DIRECT - IDCW,Aditya Birla Sun Life Mutual Fund,Open Ended Schemes,Debt Scheme - Banking and PSU Fund,INF209KA12Z1,INF209KA13Z9,nav_119551_20260625.csv,114.3858,0.0163999999999902,0.0143374439834229
119551,2023-09-29,114.3746,Aditya Birla Sun Life Banking & PSU Debt Fund - DIRECT - IDCW,Aditya Birla Sun Life Mutual Fund,Open Ended Schemes,Debt Scheme - Banking and PSU Fund,INF209KA12Z1,INF209KA13Z9,nav_119551_20260625.csv,114.4022,-0.0275999999999925,-0.0241254101756719
119551,2023-10-03,114.4257,Aditya Birla Sun Life Banking & PSU Debt Fund - DIRECT - IDCW,Aditya Birla Sun Life Mutual Fund,Open Ended Schemes,Debt Scheme - Banking and PSU Fund,INF209KA12Z1,INF209KA13Z9,nav_119551_20260625.csv,114.3746,0.0511000000000052,0.0446777518784811
119551,2023-10-04,114.4301,Aditya Birla Sun Life Banking & PSU Debt Fund - DIRECT - IDCW,Aditya Birla Sun Life Mutual Fund,Open Ended Schemes,Debt Scheme - Banking and PSU Fund,INF209KA12Z1,INF209KA13Z9,nav_119551_20260625.csv,114.4257,0.0043999999999897,0.0038452900004017
119551,2023-10-05,114.5152,Aditya Birla Sun Life Banking & PSU Debt Fund - DIRECT - IDCW,Aditya Birla Sun Life Mutual Fund,Open Ended Schemes,Debt Scheme - Banking and PSU Fund,INF209KA12Z1,INF209KA13Z9,nav_119551_20260625.csv,114.4301,0.085099999999997,0.0743685446399129
119551,2023-10-06,114.2282,Aditya Birla Sun Life Banking & PSU Debt Fund - DIRECT - IDCW,Aditya Birla Sun Life Mutual Fund,Open Ended Schemes,Debt Scheme - Banking and PSU Fund,INF209KA12Z1,INF209KA13Z9,nav_119551_20260625.csv,114.5152,-0.2869999999999919,-0.2506217515229349
119551,2023-10-09,114.2335,Aditya Birla Sun Life Banking & PSU Debt Fund - DIRECT - IDCW,Aditya Birla Sun Life Mutual Fund,Open Ended Schemes,Debt Scheme - Banking and PSU Fund,INF209KA12Z1,INF209KA13Z9,nav_119551_20260625.csv,114.2282,0.0053000000000054,0.0046398349969669
119551,2023-10-10,114.2773,Aditya Birla Sun Life Banking & PSU Debt Fund - DIRECT - IDCW,Aditya Birla Sun Life Mutual Fund,Open Ended Schemes,Debt Scheme - Banking and PSU Fund,INF209KA12Z1,INF209KA13Z9,nav_119551_20260625.csv,114.2335,0.0437999999999902,0.0383425177377829
119551,2023-10-11,114.3772,Aditya Birla Sun Life Banking & PSU Debt Fund - DIRECT - IDCW,Aditya Birla Sun Life Mutual Fund,Open Ended Schemes,Debt Scheme - Banking and PSU Fund,INF209KA12Z1,INF209KA13Z9,nav_119551_20260625.csv,114.2773,0.0999000000000052,0.0874189362191837
119551,2023-10-12,114.4277,Aditya Birla Sun Life Banking & PSU Debt Fund - DIRECT - IDCW,Aditya Birla Sun Life Mutual Fund,Open Ended Schemes,Debt Scheme - Banking and PSU Fund,INF209KA12Z1,INF209KA13Z9,nav_119551_20260625.csv,114.3772,0.0504999999999995,0.0441521561989623
119551,2023-10-13,114.4576,Aditya Birla Sun Life Banking & PSU Debt Fund - DIRECT - IDCW,Aditya Birla Sun Life Mutual Fund,Open Ended Schemes,Debt Scheme - Banking and PSU Fund,INF209KA12Z1,INF209KA13Z9,nav_119551_20260625.csv,114.4277,0.0298999999999978,0.0261300366956583
119551,2023-10-16,114.515,Aditya Birla Sun Life Banking & PSU Debt Fund - DIRECT - IDCW,Aditya Birla Sun Life Mutual Fund,Open Ended Schemes,Debt Scheme - Banking and PSU Fund,INF209KA12Z1,INF209KA13Z9,nav_119551_20260625.csv,114.4576,0.0574000000000012,0.0501495750391422
119551,2023-10-17,114.5336,Aditya Birla Sun Life Banking & PSU Debt Fund - DIRECT - IDCW,Aditya Birla Sun Life Mutual Fund,Open Ended Schemes,Debt Scheme - Banking and PSU Fund,INF209KA12Z1,INF209KA13Z9,nav_119551_20260625.csv,114.515,0.0186000000000063,0.016242413657605
119551,2023-10-18,114.5264,Aditya Birla Sun Life Banking & PSU Debt Fund - DIRECT - IDCW,Aditya Birla Sun Life Mutual Fund,Open Ended Schemes,Debt Scheme - Banking and PSU Fund,INF209KA12Z1,INF209KA13Z9,nav_119551_20260625.csv,114.5336,-0.0072000000000116,-0.0062863648745971
119551,2023-10-19,114.5085,Aditya Birla Sun Life Banking & PSU Debt Fund - DIRECT - IDCW,Aditya Birla Sun Life Mutual Fund,Open Ended Schemes,Debt Scheme - Banking and PSU Fund,INF209KA12Z1,INF209KA13Z9,nav_119551_20260625.csv,114.5264,-0.0178999999999973,-0.0156295840958917
119551,2023-10-20,114.5203,Aditya Birla Sun Life Banking & PSU Debt Fund - DIRECT - IDCW,Aditya Birla Sun Life Mutual Fund,Open Ended Schemes,Debt Scheme - Banking and PSU Fund,INF209KA12Z1,INF209KA13Z9,nav_119551_20260625.csv,114.5085,0.011800000000008,0.0103049118624451
119551,2023-10-23,114.5561,Aditya Birla Sun Life Banking & PSU Debt Fund - DIRECT - IDCW,Aditya Birla Sun Life Mutual Fund,Open Ended Schemes,Debt Scheme - Banking and PSU Fund,INF209KA12Z1,INF209KA13Z9,nav_119551_20260625.csv,114.5203,0.0357999999999947,0.0312608332321821
119551,2023-10-25,114.6385,Aditya Birla Sun Life Banking & PSU Debt Fund - DIRECT - IDCW,Aditya Birla Sun Life Mutual Fund,Open Ended Schemes,Debt Scheme - Banking and PSU Fund,INF209KA12Z1,INF209KA13Z9,nav_119551_20260625.csv,114.5561,0.0823999999999927,0.0719298230299326
119551,2023-10-26,114.6543,Aditya Birla Sun Life Banking & PSU Debt Fund - DIRECT - IDCW,Aditya Birla Sun Life Mutual Fund,Open Ended Schemes,Debt Scheme - Banking and PSU Fund,INF209KA12Z1,INF209KA13Z9,nav_119551_20260625.csv,114.6385,0.0158000000000129,0.0137824552833584
119551,2023-10-27,114.6755,Aditya Birla Sun Life Banking & PSU Debt Fund - DIRECT - IDCW,Aditya Birla Sun Life Mutual Fund,Open Ended Schemes,Debt Scheme - Banking and PSU Fund,INF209KA12Z1,INF209KA13Z9,nav_119551_20260625.csv,114.6543,0.0211999999999932,0.0184903662575177
119551,2023-10-30,114.7213,Aditya Birla Sun Life Banking & PSU Debt Fund - DIRECT - IDCW,Aditya Birla Sun Life Mutual Fund,Open Ended Schemes,Debt Scheme - Banking and PSU Fund,INF209KA12Z1,INF209KA13Z9,nav_119551_20260625.csv,114.6755,0.0457999999999998,0.0399387837855512
119551,2023-10-31,114.7532,Aditya Birla Sun Life Banking & PSU Debt Fund - DIRECT - IDCW,Aditya Birla Sun Life Mutual Fund,Open Ended Schemes,Debt Scheme - Banking and PSU Fund,INF209KA12Z1,INF209KA13Z9,nav_119551_20260625.csv,114.7213,0.0319000000000073,0.0278065189289237
119551,2023-11-01,114.7619,Aditya Birla Sun Life Banking & PSU Debt Fund - DIRECT - IDCW,Aditya Birla Sun Life Mutual Fund,Open Ended Schemes,Debt Scheme - Banking and PSU Fund,INF209KA12Z1,INF209KA13Z9,nav_119551_20260625.csv,114.7532,0.0086999999999903,0.0075814879236399
119551,2023-11-02,114.8598,Aditya Birla Sun Life Banking & PSU Debt Fund - DIRECT - IDCW,Aditya Birla Sun Life Mutual Fund,Open Ended Schemes,Debt Scheme - Banking and PSU Fund,INF209KA12Z1,INF209KA13Z9,nav_119551_20260625.csv,114.7619,0.0979000000000098,0.0853070574816292
119551,2023-11-03,114.9185,Aditya Birla Sun Life Banking & PSU Debt Fund - DIRECT - IDCW,Aditya Birla Sun Life Mutual Fund,Open Ended Schemes,Debt Scheme - Banking and PSU Fund,INF209KA12Z1,INF209KA13Z9,nav_119551_20260625.csv,114.8598,0.0586999999999875,0.0511057828761564
119551,2023-11-06,114.9939,Aditya Birla Sun Life Banking & PSU Debt Fund - DIRECT - IDCW,Aditya Birla Sun Life Mutual Fund,Open Ended Schemes,Debt Scheme - Banking and PSU Fund,INF209KA12Z1,INF209KA13Z9,nav_119551_20260625.csv,114.9185,0.0754000000000019,0.0656117161292585
119551,2023-11-07,115.0481,Aditya Birla Sun Life Banking & PSU Debt Fund - DIRECT - IDCW,Aditya Birla Sun Life Mutual Fund,Open Ended Schemes,Debt Scheme - Banking and PSU Fund,INF209KA12Z1,INF209KA13Z9,nav_119551_20260625.csv,114.9939,0.0542000000000086,0.0471329348774227
119551,2023-11-08,115.097,Aditya Birla Sun Life Banking & PSU Debt Fund - DIRECT - IDCW,Aditya Birla Sun Life Mutual Fund,Open Ended Schemes,Debt Scheme - Banking and PSU Fund,INF209KA12Z1,INF209KA13Z9,nav_119551_20260625.csv,115.0481,0.048899999999989,0.0425039613865757
119551,2023-11-09,115.1482,Aditya Birla Sun Life Banking & PSU Debt Fund - DIRECT - IDCW,Aditya Birla Sun Life Mutual Fund,Open Ended Schemes,Debt Scheme - Banking and PSU Fund,INF209KA12Z1,INF209KA13Z9,nav_119551_20260625.csv,115.097,0.0512000000000085,0.0444842176598943
119551,2023-11-10,115.1099,Aditya Birla Sun Life Banking & PSU Debt Fund - DIRECT - IDCW,Aditya Birla Sun Life Mutual Fund,Open Ended Schemes,Debt Scheme - Banking and PSU Fund,INF209KA12Z1,INF209KA13Z9,nav_119551_20260625.csv,115.1482,-0.0383000000000066,-0.0332614838964105
119551,2023-11-13,115.1762,Aditya Birla Sun Life Banking & PSU Debt Fund - DIRECT - IDCW,Aditya Birla Sun Life Mutual Fund,Open Ended Schemes,Debt Scheme - Banking and PSU Fund,INF209KA12Z1,INF209KA13Z9,nav_119551_20260625.csv,115.1099,0.0662999999999982,0.0575971310895051
119551,2023-11-15,115.3184,Aditya Birla Sun Life Banking & PSU Debt Fund - DIRECT - IDCW,Aditya Birla Sun Life Mutual Fund,Open Ended Schemes,Debt Scheme - Banking and PSU Fund,INF209KA12Z1,INF209KA13Z9,nav_119551_20260625.csv,115.1762,0.1422000000000025,0.1234630071143192
119551,2023-11-16,115.359,Aditya Birla Sun Life Banking & PSU Debt Fund - DIRECT - IDCW,Aditya Birla Sun Life Mutual Fund,Open Ended Schemes,Debt Scheme - Banking and PSU Fund,INF209KA12Z1,INF209KA13Z9,nav_119551_20260625.csv,115.3184,0.0405999999999977,0.0352068707162063
119551,2023-11-17,115.4046,Aditya Birla Sun Life Banking & PSU Debt Fund - DIRECT - IDCW,Aditya Birla Sun Life Mutual Fund,Open Ended Schemes,Debt Scheme - Banking and PSU Fund,INF209KA12Z1,INF209KA13Z9,nav_119551_20260625.csv,115.359,0.0456000000000074,0.0395287753881426
119551,2023-11-20,115.4124,Aditya Birla Sun Life Banking & PSU Debt Fund - DIRECT - IDCW,Aditya Birla Sun Life Mutual Fund,Open Ended Schemes,Debt Scheme - Banking and PSU Fund,INF209KA12Z1,INF209KA13Z9,nav_119551_20260625.csv,115.4046,0.0078000000000031,0.0067588293707557
119551,2023-11-21,115.3462,Aditya Birla Sun Life Banking & PSU Debt Fund - DIRECT - IDCW,Aditya Birla Sun Life Mutual Fund,Open Ended Schemes,Debt Scheme - Banking and PSU Fund,INF209KA12Z1,INF209KA13Z9,nav_119551_20260625.csv,115.4124,-0.0662000000000091,-0.0573595211606457
119551,2023-11-22,115.3956,Aditya Birla Sun Life Banking & PSU Debt Fund - DIRECT - IDCW,Aditya Birla Sun Life Mutual Fund,Open Ended Schemes,Debt Scheme - Banking and PSU Fund,INF209KA12Z1,INF209KA13Z9,nav_119551_20260625.csv,115.3462,0.0494000000000056,0.0428275920663235
119551,2023-11-23,115.3838,Aditya Birla Sun Life Banking & PSU Debt Fund - DIRECT - IDCW,Aditya Birla Sun Life Mutual Fund,Open Ended Schemes,Debt Scheme - Banking and PSU Fund,INF209KA12Z1,INF209KA13Z9,nav_119551_20260625.csv,115.3956,-0.011800000000008,-0.0102256931806828
119551,2023-11-24,115.3487,Aditya Birla Sun Life Banking & PSU Debt Fund - DIRECT - IDCW,Aditya Birla Sun Life Mutual Fund,Open Ended Schemes,Debt Scheme - Banking and PSU Fund,INF209KA12Z1,INF209KA13Z9,nav_119551_20260625.csv,115.3838,-0.0350999999999999,-0.030420214969519
119551,2023-11-28,115.4606,Aditya Birla Sun Life Banking & PSU Debt Fund - DIRECT - IDCW,Aditya Birla Sun Life Mutual Fund,Open Ended Schemes,Debt Scheme - Banking and PSU Fund,INF209KA12Z1,INF209KA13Z9,nav_119551_20260625.csv,115.3487,0.1119000000000056,0.097010196040359
119551,2023-11-29,115.5248,Aditya Birla Sun Life Banking & PSU Debt Fund - DIRECT - IDCW,Aditya Birla Sun Life Mutual Fund,Open Ended Schemes,Debt Scheme - Banking and PSU Fund,INF209KA12Z1,INF209KA13Z9,nav_119551_20260625.csv,115.4606,0.0641999999999995,0.0556033833186382
119551,2023-11-30,115.5118,Aditya Birla Sun Life Banking & PSU Debt Fund - DIRECT - IDCW,Aditya Birla Sun Life Mutual Fund,Open Ended Schemes,Debt Scheme - Banking and PSU Fund,INF209KA12Z1,INF209KA13Z9,nav_119551_20260625.csv,115.5248,-0.0130000000000052,-0.0112529950279119
119551,2023-12-01,115.4928,Aditya Birla Sun Life Banking & PSU Debt Fund - DIRECT - IDCW,Aditya Birla Sun Life Mutual Fund,Open Ended Schemes,Debt Scheme - Banking and PSU Fund,INF209KA12Z1,INF209KA13Z9,nav_119551_20260625.csv,115.5118,-0.0189999999999912,-0.0164485359937177
119551,2023-12-04,115.5786,Aditya Birla Sun Life Banking & PSU Debt Fund - DIRECT - IDCW,Aditya Birla Sun Life Mutual Fund,Open Ended Schemes,Debt Scheme - Banking and PSU Fund,INF209KA12Z1,INF209KA13Z9,nav_119551_20260625.csv,115.4928,0.0857999999999918,0.074290345372172
119551,2023-12-05,115.6087,Aditya Birla Sun Life Banking & PSU Debt Fund - DIRECT - IDCW,Aditya Birla Sun Life Mutual Fund,Open Ended Schemes,Debt Scheme - Banking and PSU Fund,INF209KA12Z1,INF209KA13Z9,nav_119551_20260625.csv,115.5786,0.0301000000000044,0.0260428833711469
119551,2023-12-06,115.6714,Aditya Birla Sun Life Banking & PSU Debt Fund - DIRECT - IDCW,Aditya Birla Sun Life Mutual Fund,Open Ended Schemes,Debt Scheme - Banking and PSU Fund,INF209KA12Z1,INF209KA13Z9,nav_119551_20260625.csv,115.6087,0.0627000000000066,0.0542346726500744
119551,2023-12-07,115.7012,Aditya Birla Sun Life Banking & PSU Debt Fund - DIRECT - IDCW,Aditya Birla Sun Life Mutual Fund,Open Ended Schemes,Debt Scheme - Banking and PSU Fund,INF209KA12Z1,INF209KA13Z9,nav_119551_20260625.csv,115.6714,0.0297999999999944,0.0257626344973731
119551,2023-12-08,115.6975,Aditya Birla Sun Life Banking & PSU Debt Fund - DIRECT - IDCW,Aditya Birla Sun Life Mutual Fund,Open Ended Schemes,Debt Scheme - Banking and PSU Fund,INF209KA12Z1,INF209KA13Z9,nav_119551_20260625.csv,115.7012,-0.0036999999999949,-0.003197892502407
119551,2023-12-11,115.7213,Aditya Birla Sun Life Banking & PSU Debt Fund - DIRECT - IDCW,Aditya Birla Sun Life Mutual Fund,Open Ended Schemes,Debt Scheme - Banking and PSU Fund,INF209KA12Z1,INF209KA13Z9,nav_119551_20260625.csv,115.6975,0.0237999999999942,0.0205708852827366
119551,2023-12-12,115.7387,Aditya Birla Sun Life Banking & PSU Debt Fund - DIRECT - IDCW,Aditya Birla Sun Life Mutual Fund,Open Ended Schemes,Debt Scheme - Banking and PSU Fund,INF209KA12Z1,INF209KA13Z9,nav_119551_20260625.csv,115.7213,0.0173999999999949,0.0150361255879384
119551,2023-12-13,115.7767,Aditya Birla Sun Life Banking & PSU Debt Fund - DIRECT - IDCW,Aditya Birla Sun Life Mutual Fund,Open Ended Schemes,Debt Scheme - Banking and PSU Fund,INF209KA12Z1,INF209KA13Z9,nav_119551_20260625.csv,115.7387,0.0380000000000109,0.0328325789040406
119551,2023-12-14,115.9449,Aditya Birla Sun Life Banking & PSU Debt Fund - DIRECT - IDCW,Aditya Birla Sun Life Mutual Fund,Open Ended Schemes,Debt Scheme - Banking and PSU Fund,INF209KA12Z1,INF209KA13Z9,nav_119551_20260625.csv,115.7767,0.1681999999999988,0.1452796633519514
119551,2023-12-15,116.0675,Aditya Birla Sun Life Banking & PSU Debt Fund - DIRECT - IDCW,Aditya Birla Sun Life Mutual Fund,Open Ended Schemes,Debt Scheme - Banking and PSU Fund,INF209KA12Z1,INF209KA13Z9,nav_119551_20260625.csv,115.9449,0.1225999999999913,0.105739881616174
119551,2023-12-18,116.1498,Aditya Birla Sun Life Banking & PSU Debt Fund - DIRECT - IDCW,Aditya Birla Sun Life Mutual Fund,Open Ended Schemes,Debt Scheme - Banking and PSU Fund,INF209KA12Z1,INF209KA13Z9,nav_119551_20260625.csv,116.0675,0.0823000000000035,0.0709070153143675
119551,2023-12-19,116.146,Aditya Birla Sun Life Banking & PSU Debt Fund - DIRECT - IDCW,Aditya Birla Sun Life Mutual Fund,Open Ended Schemes,Debt Scheme - Banking and PSU Fund,INF209KA12Z1,INF209KA13Z9,nav_119551_20260625.csv,116.1498,-0.0037999999999982,-0.0032716371444447
119551,2023-12-20,116.1637,Aditya Birla Sun Life Banking & PSU Debt Fund - DIRECT - IDCW,Aditya Birla Sun Life Mutual Fund,Open Ended Schemes,Debt Scheme - Banking and PSU Fund,INF209KA12Z1,INF209KA13Z9,nav_119551_20260625.csv,116.146,0.0177000000000049,0.0152394400151575
119551,2023-12-21,116.1666,Aditya Birla Sun Life Banking & PSU Debt Fund - DIRECT - IDCW,Aditya Birla Sun Life Mutual Fund,Open Ended Schemes,Debt Scheme - Banking and PSU Fund,INF209KA12Z1,INF209KA13Z9,nav_119551_20260625.csv,116.1637,0.0028999999999967,0.0024964769545019
119551,2023-12-22,116.1862,Aditya Birla Sun Life Banking & PSU Debt Fund - DIRECT - IDCW,Aditya Birla Sun Life Mutual Fund,Open Ended Schemes,Debt Scheme - Banking and PSU Fund,INF209KA12Z1,INF209KA13Z9,nav_119551_20260625.csv,116.1666,0.0195999999999969,0.0168723195823902
119551,2023-12-26,116.29,Aditya Birla Sun Life Banking & PSU Debt Fund - DIRECT - IDCW,Aditya Birla Sun Life Mutual Fund,Open Ended Schemes,Debt Scheme - Banking and PSU Fund,INF209KA12Z1,INF209KA13Z9,nav_119551_20260625.csv,116.1862,0.1038000000000067,0.089339353554903
119551,2023-12-27,116.2785,Aditya Birla Sun Life Banking & PSU Debt Fund - DIRECT - IDCW,Aditya Birla Sun Life Mutual Fund,Open Ended Schemes,Debt Scheme - Banking and PSU Fund,INF209KA12Z1,INF209KA13Z9,nav_119551_20260625.csv,116.29,-0.0115000000000122,-0.0098890704273903
119551,2023-12-28,116.2869,Aditya Birla Sun Life Banking & PSU Debt Fund - DIRECT - IDCW,Aditya Birla Sun Life Mutual Fund,Open Ended Schemes,Debt Scheme - Banking and PSU Fund,INF209KA12Z1,INF209KA13Z9,nav_119551_20260625.csv,116.2785,0.0084000000000088,0.007224035397781
119551,2023-12-29,108.2404,Aditya Birla Sun Life Banking & PSU Debt Fund - DIRECT - IDCW,Aditya Birla Sun Life Mutual Fund,Open Ended Schemes,Debt Scheme - Banking and PSU Fund,INF209KA12Z1,INF209KA13Z9,nav_119551_20260625.csv,116.2869,-8.046500000000009,-6.919524039251204
119551,2024-01-01,108.2962,Aditya Birla Sun Life Banking & PSU Debt Fund - DIRECT - IDCW,Aditya Birla Sun Life Mutual Fund,Open Ended Schemes,Debt Scheme - Banking and PSU Fund,INF209KA12Z1,INF209KA13Z9,nav_119551_20260625.csv,108.2404,0.0558000000000049,0.0515519159204926
119551,2024-01-02,108.302,Aditya Birla Sun Life Banking & PSU Debt Fund - DIRECT - IDCW,Aditya Birla Sun Life Mutual Fund,Open Ended Schemes,Debt Scheme - Banking and PSU Fund,INF209KA12Z1,INF209KA13Z9,nav_119551_20260625.csv,108.2962,0.0058000000000077,0.0053556819168242
119551,2024-01-03,108.3033,Aditya Birla Sun Life Banking & PSU Debt Fund - DIRECT - IDCW,Aditya Birla Sun Life Mutual Fund,Open Ended Schemes,Debt Scheme - Banking and PSU Fund,INF209KA12Z1,INF209KA13Z9,nav_119551_20260625.csv,108.302,0.0012999999999863,0.0012003471773248
119551,2024-01-04,108.3068,Aditya Birla Sun Life Banking & PSU Debt Fund - DIRECT - IDCW,Aditya Birla Sun Life Mutual Fund,Open Ended Schemes,Debt Scheme - Banking and PSU Fund,INF209KA12Z1,INF209KA13Z9,nav_119551_20260625.csv,108.3033,0.0035000000000025,0.0032316651477863
119551,2024-01-05,108.2934,Aditya Birla Sun Life Banking & PSU Debt Fund - DIRECT - IDCW,Aditya Birla Sun Life Mutual Fund,Open Ended Schemes,Debt Scheme - Banking and PSU Fund,INF209KA12Z1,INF209KA13Z9,nav_119551_20260625.csv,108.3068,-0.01339999999999,-0.0123722610214594
119551,2024-01-08,108.4013,Aditya Birla Sun Life Banking & PSU Debt Fund - DIRECT - IDCW,Aditya Birla Sun Life Mutual Fund,Open Ended Schemes,Debt Scheme - Banking and PSU Fund,INF209KA12Z1,INF209KA13Z9,nav_119551_20260625.csv,108.2934,0.1079000000000007,0.0996367276306781
119551,2024-01-09,108.4351,Aditya Birla Sun Life Banking & PSU Debt Fund - DIRECT - IDCW,Aditya Birla Sun Life Mutual Fund,Open Ended Schemes,Debt Scheme - Banking and PSU Fund,INF209KA12Z1,INF209KA13Z9,nav_119551_20260625.csv,108.4013,0.0337999999999993,0.0311804378729769
119551,2024-01-10,108.4687,Aditya Birla Sun Life Banking & PSU Debt Fund - DIRECT - IDCW,Aditya Birla Sun Life Mutual Fund,Open Ended Schemes,Debt Scheme - Banking and PSU Fund,INF209KA12Z1,INF209KA13Z9,nav_119551_20260625.csv,108.4351,0.0335999999999927,0.0309862765838669
119551,2024-01-11,108.4768,Aditya Birla Sun Life Banking & PSU Debt Fund - DIRECT - IDCW,Aditya Birla Sun Life Mutual Fund,Open Ended Schemes,Debt Scheme - Banking and PSU Fund,INF209KA12Z1,INF209KA13Z9,nav_119551_20260625.csv,108.4687,0.0080999999999988,0.0074675920334611
119551,2024-01-12,108.5277,Aditya Birla Sun Life Banking & PSU Debt Fund - DIRECT - IDCW,Aditya Birla Sun Life Mutual Fund,Open Ended Schemes,Debt Scheme - Banking and PSU Fund,INF209KA12Z1,INF209KA13Z9,nav_119551_20260625.csv,108.4768,0.0508999999999986,0.0469224755892491
119551,2024-01-15,108.6546,Aditya Birla Sun Life Banking & PSU Debt Fund - DIRECT - IDCW,Aditya Birla Sun Life Mutual Fund,Open Ended Schemes,Debt Scheme - Banking and PSU Fund,INF209KA12Z1,INF209KA13Z9,nav_119551_20260625.csv,108.5277,0.1269000000000062,0.1169286735091651
119551,2024-01-16,108.6565,Aditya Birla Sun Life Banking & PSU Debt Fund - DIRECT - IDCW,Aditya Birla Sun Life Mutual Fund,Open Ended Schemes,Debt Scheme - Banking and PSU Fund,INF209KA12Z1,INF209KA13Z9,nav_119551_20260625.csv,108.6546,0.001899999999992,0.0017486604340653
119551,2024-01-17,108.6641,Aditya Birla Sun Life Banking & PSU Debt Fund - DIRECT - IDCW,Aditya Birla Sun Life Mutual Fund,Open Ended Schemes,Debt Scheme - Banking and PSU Fund,INF209KA12Z1,INF209KA13Z9,nav_119551_20260625.csv,108.6565,0.0076000000000107,0.006994519425907
119551,2024-01-18,108.6691,Aditya Birla Sun Life Banking & PSU Debt Fund - DIRECT - IDCW,Aditya Birla Sun Life Mutual Fund,Open Ended Schemes,Debt Scheme - Banking and PSU Fund,INF209KA12Z1,INF209KA13Z9,nav_119551_20260625.csv,108.6641,0.0049999999999954,0.0046013356757157
119551,2024-01-19,108.6634,Aditya Birla Sun Life Banking & PSU Debt Fund - DIRECT - IDCW,Aditya Birla Sun Life Mutual Fund,Open Ended Schemes,Debt Scheme - Banking and PSU Fund,INF209KA12Z1,INF209KA13Z9,nav_119551_20260625.csv,108.6691,-0.0057000000000044,-0.0052452813173243
119551,2024-01-23,108.756,Aditya Birla Sun Life Banking & PSU Debt Fund - DIRECT - IDCW,Aditya Birla Sun Life Mutual Fund,Open Ended Schemes,Debt Scheme - Banking and PSU Fund,INF209KA12Z1,INF209KA13Z9,nav_119551_20260625.csv,108.6634,0.0926000000000044,0.085217285673009
119551,2024-01-24,108.7584,Aditya Birla Sun Life Banking & PSU Debt Fund - DIRECT - IDCW,Aditya Birla Sun Life Mutual Fund,Open Ended Schemes,Debt Scheme - Banking and PSU Fund,INF209KA12Z1,INF209KA13Z9,nav_119551_20260625.csv,108.756,0.0023999999999944,0.0022067747986266
119551,2024-01-25,108.7795,Aditya Birla Sun Life Banking & PSU Debt Fund - DIRECT - IDCW,Aditya Birla Sun Life Mutual Fund,Open Ended Schemes,Debt Scheme - Banking and PSU Fund,INF209KA12Z1,INF209KA13Z9,nav_119551_20260625.csv,108.7584,0.0211000000000041,0.0194008003060031
119551,2024-01-29,108.8663,Aditya Birla Sun Life Banking & PSU Debt Fund - DIRECT - IDCW,Aditya Birla Sun Life Mutual Fund,Open Ended Schemes,Debt Scheme - Banking and PSU Fund,INF209KA12Z1,INF209KA13Z9,nav_119551_20260625.csv,108.7795,0.0867999999999966,0.0797944465639175
119551,2024-01-30,108.9094,Aditya Birla Sun Life Banking & PSU Debt Fund - DIRECT - IDCW,Aditya Birla Sun Life Mutual Fund,Open Ended Schemes,Debt Scheme - Banking and PSU Fund,INF209KA12Z1,INF209KA13Z9,nav_119551_20260625.csv,108.8663,0.0431000000000096,0.0395898455261267
119551,2024-01-31,108.9501,Aditya Birla Sun Life Banking & PSU Debt Fund - DIRECT - IDCW,Aditya Birla Sun Life Mutual Fund,Open Ended Schemes,Debt Scheme - Banking and PSU Fund,INF209KA12Z1,INF209KA13Z9,nav_119551_20260625.csv,108.9094,0.040700000000001,0.0373705116362784
119551,2024-02-01,109.1334,Aditya Birla Sun Life Banking & PSU Debt Fund - DIRECT - IDCW,Aditya Birla Sun Life Mutual Fund,Open Ended Schemes,Debt Scheme - Banking and PSU Fund,INF209KA12Z1,INF209KA13Z9,nav_119551_20260625.csv,108.9501,0.1832999999999884,0.1682421585661586
119551,2024-02-02,109.2484,Aditya Birla Sun Life Banking & PSU Debt Fund - DIRECT - IDCW,Aditya Birla Sun Life Mutual Fund,Open Ended Schemes,Debt Scheme - Banking and PSU Fund,INF209KA12Z1,INF209KA13Z9,nav_119551_20260625.csv,109.1334,0.1150000000000091,0.1053756228615704
119551,2024-02-05,109.2279,Aditya Birla Sun Life Banking & PSU Debt Fund - DIRECT - IDCW,Aditya Birla Sun Life Mutual Fund,Open Ended Schemes,Debt Scheme - Banking and PSU Fund,INF209KA12Z1,INF209KA13Z9,nav_119551_20260625.csv,109.2484,-0.0204999999999984,-0.0187645768725202
119551,2024-02-06,109.2489,Aditya Birla Sun Life Banking & PSU Debt Fund - DIRECT - IDCW,Aditya Birla Sun Life Mutual Fund,Open Ended Schemes,Debt Scheme - Banking and PSU Fund,INF209KA12Z1,INF209KA13Z9,nav_119551_20260625.csv,109.2279,0.0210000000000007,0.0192258571299098
119551,2024-02-07,109.2938,Aditya Birla Sun Life Banking & PSU Debt Fund - DIRECT - IDCW,Aditya Birla Sun Life Mutual Fund,Open Ended Schemes,Debt Scheme - Banking and PSU Fund,INF209KA12Z1,INF209KA13Z9,nav_119551_20260625.csv,109.2489,0.0448999999999983,0.0410988119788834
119551,2024-02-08,109.2929,Aditya Birla Sun Life Banking & PSU Debt Fund - DIRECT - IDCW,Aditya Birla Sun Life Mutual Fund,Open Ended Schemes,Debt Scheme - Banking and PSU Fund,INF209KA12Z1,INF209KA13Z9,nav_119551_20260625.csv,109.2938,-0.0009000000000014,-0.0008234684858623
119551,2024-02-09,109.2569,Aditya Birla Sun Life Banking & PSU Debt Fund - DIRECT - IDCW,Aditya Birla Sun Life Mutual Fund,Open Ended Schemes,Debt Scheme - Banking and PSU Fund,INF209KA12Z1,INF209KA13Z9,nav_119551_20260625.csv,109.2929,-0.0360000000000013,-0.0329390106768155
119551,2024-02-12,109.3183,Aditya Birla Sun Life Banking & PSU Debt Fund - DIRECT - IDCW,Aditya Birla Sun Life Mutual Fund,Open Ended Schemes,Debt Scheme - Banking and PSU Fund,INF209KA12Z1,INF209KA13Z9,nav_119551_20260625.csv,109.2569,0.0613999999999919,0.056197823661473
119551,2024-02-13,109.3221,Aditya Birla Sun Life Banking & PSU Debt Fund - DIRECT - IDCW,Aditya Birla Sun Life Mutual Fund,Open Ended Schemes,Debt Scheme - Banking and PSU Fund,INF209KA12Z1,INF209KA13Z9,nav_119551_20260625.csv,109.3183,0.0038000000000124,0.0034760877181702
119551,2024-02-14,109.2938,Aditya Birla Sun Life Banking & PSU Debt Fund - DIRECT - IDCW,Aditya Birla Sun Life Mutual Fund,Open Ended Schemes,Debt Scheme - Banking and PSU Fund,INF209KA12Z1,INF209KA13Z9,nav_119551_20260625.csv,109.3221,-0.0283000000000015,-0.0258868060529403
119551,2024-02-15,109.3771,Aditya Birla Sun Life Banking & PSU Debt Fund - DIRECT - IDCW,Aditya Birla Sun Life Mutual Fund,Open Ended Schemes,Debt Scheme - Banking and PSU Fund,INF209KA12Z1,INF209KA13Z9,nav_119551_20260625.csv,109.2938,0.0832999999999941,0.0762165831913559
119551,2024-02-16,109.393,Aditya Birla Sun Life Banking & PSU Debt Fund - DIRECT - IDCW,Aditya Birla Sun Life Mutual Fund,Open Ended Schemes,Debt Scheme - Banking and PSU Fund,INF209KA12Z1,INF209KA13Z9,nav_119551_20260625.csv,109.3771,0.015900000000002,0.0145368637493607
119551,2024-02-20,109.5383,Aditya Birla Sun Life Banking & PSU Debt Fund - DIRECT - IDCW,Aditya Birla Sun Life Mutual Fund,Open Ended Schemes,Debt Scheme - Banking and PSU Fund,INF209KA12Z1,INF209KA13Z9,nav_119551_20260625.csv,109.393,0.1453000000000059,0.1328238552741089
119551,2024-02-21,109.5846,Aditya Birla Sun Life Banking & PSU Debt Fund - DIRECT - IDCW,Aditya Birla Sun Life Mutual Fund,Open Ended Schemes,Debt Scheme - Banking and PSU Fund,INF209KA12Z1,INF209KA13Z9,nav_119551_20260625.csv,109.5383,0.046299999999988,0.0422683207608553
119551,2024-02-22,109.6091,Aditya Birla Sun Life Banking & PSU Debt Fund - DIRECT - IDCW,Aditya Birla Sun Life Mutual Fund,Open Ended Schemes,Debt Scheme - Banking and PSU Fund,INF209KA12Z1,INF209KA13Z9,nav_119551_20260625.csv,109.5846,0.0245000000000032,0.0223571560237508
119551,2024-02-23,109.6186,Aditya Birla Sun Life Banking & PSU Debt Fund - DIRECT - IDCW,Aditya Birla Sun Life Mutual Fund,Open Ended Schemes,Debt Scheme - Banking and PSU Fund,INF209KA12Z1,INF209KA13Z9,nav_119551_20260625.csv,109.6091,0.0095000000000027,0.0086671635840479
119551,2024-02-26,109.7161,Aditya Birla Sun Life Banking & PSU Debt Fund - DIRECT - IDCW,Aditya Birla Sun Life Mutual Fund,Open Ended Schemes,Debt Scheme - Banking and PSU Fund,INF209KA12Z1,INF209KA13Z9,nav_119551_20260625.csv,109.6186,0.0974999999999965,0.0889447593747745
119551,2024-02-27,109.7147,Aditya Birla Sun Life Banking & PSU Debt Fund - DIRECT - IDCW,Aditya Birla Sun Life Mutual Fund,Open Ended Schemes,Debt Scheme - Banking and PSU Fund,INF209KA12Z1,INF209KA13Z9,nav_119551_20260625.csv,109.7161,-0.0014000000000038,-0.0012760205658092
119551,2024-02-28,109.7569,Aditya Birla Sun Life Banking & PSU Debt Fund - DIRECT - IDCW,Aditya Birla Sun Life Mutual Fund,Open Ended Schemes,Debt Scheme - Banking and PSU Fund,INF209KA12Z1,INF209KA13Z9,nav_119551_20260625.csv,109.7147,0.0422000000000082,0.0384633964272866
119551,2024-02-29,109.7711,Aditya Birla Sun Life Banking & PSU Debt Fund - DIRECT - IDCW,Aditya Birla Sun Life Mutual Fund,Open Ended Schemes,Debt Scheme - Banking and PSU Fund,INF209KA12Z1,INF209KA13Z9,nav_119551_20260625.csv,109.7569,0.0142000000000024,0.0129376831889406
119551,2024-03-01,109.7834,Aditya Birla Sun Life Banking & PSU Debt Fund - DIRECT - IDCW,Aditya Birla Sun Life Mutual Fund,Open Ended Schemes,Debt Scheme - Banking and PSU Fund,INF209KA12Z1,INF209KA13Z9,nav_119551_20260625.csv,109.7711,0.0122999999999962,0.0112051350492034
119551,2024-03-04,109.8436,Aditya Birla Sun Life Banking & PSU Debt Fund - DIRECT - IDCW,Aditya Birla Sun Life Mutual Fund,Open Ended Schemes,Debt Scheme - Banking and PSU Fund,INF209KA12Z1,INF209KA13Z9,nav_119551_20260625.csv,109.7834,0.0601999999999947,0.0548352483162251
119551,2024-03-05,109.8552,Aditya Birla Sun Life Banking & PSU Debt Fund - DIRECT - IDCW,Aditya Birla Sun Life Mutual Fund,Open Ended Schemes,Debt Scheme - Banking and PSU Fund,INF209KA12Z1,INF209KA13Z9,nav_119551_20260625.csv,109.8436,0.0116000000000013,0.0105604696131603
119551,2024-03-06,109.9177,Aditya Birla Sun Life Banking & PSU Debt Fund - DIRECT - IDCW,Aditya Birla Sun Life Mutual Fund,Open Ended Schemes,Debt Scheme - Banking and PSU Fund,INF209KA12Z1,INF209KA13Z9,nav_119551_20260625.csv,109.8552,0.0625,0.0568930737916821
119551,2024-03-07,109.9624,Aditya Birla Sun Life Banking & PSU Debt Fund - DIRECT - IDCW,Aditya Birla Sun Life Mutual Fund,Open Ended Schemes,Debt Scheme - Banking and PSU Fund,INF209KA12Z1,INF209KA13Z9,nav_119551_20260625.csv,109.9177,0.0447000000000059,0.040666789789093
119551,2024-03-11,110.12,Aditya Birla Sun Life Banking & PSU Debt Fund - DIRECT - IDCW,Aditya Birla Sun Life Mutual Fund,Open Ended Schemes,Debt Scheme - Banking and PSU Fund,INF209KA12Z1,INF209KA13Z9,nav_119551_20260625.csv,109.9624,0.1576000000000021,0.1433217172415318
119551,2024-03-12,110.1246,Aditya Birla Sun Life Banking & PSU Debt Fund - DIRECT - IDCW,Aditya Birla Sun Life Mutual Fund,Open Ended Schemes,Debt Scheme - Banking and PSU Fund,INF209KA12Z1,INF209KA13Z9,nav_119551_20260625.csv,110.12,0.0045999999999963,0.0041772611696298
119551,2024-03-13,110.1303,Aditya Birla Sun Life Banking & PSU Debt Fund - DIRECT - IDCW,Aditya Birla Sun Life Mutual Fund,Open Ended Schemes,Debt Scheme - Banking and PSU Fund,INF209KA12Z1,INF209KA13Z9,nav_119551_20260625.csv,110.1246,0.0057000000000044,0.0051759552361638
119551,2024-03-14,110.1196,Aditya Birla Sun Life Banking & PSU Debt Fund - DIRECT - IDCW,Aditya Birla Sun Life Mutual Fund,Open Ended Schemes,Debt Scheme - Banking and PSU Fund,INF209KA12Z1,INF209KA13Z9,nav_119551_20260625.csv,110.1303,-0.0106999999999999,-0.0097157639632325
119551,2024-03-15,110.1319,Aditya Birla Sun Life Banking & PSU Debt Fund - DIRECT - IDCW,Aditya Birla Sun Life Mutual Fund,Open Ended Schemes,Debt Scheme - Banking and PSU Fund,INF209KA12Z1,INF209KA13Z9,nav_119551_20260625.csv,110.1196,0.0122999999999962,0.0111696737002279
119551,2024-03-18,110.144,Aditya Birla Sun Life Banking & PSU Debt Fund - DIRECT - IDCW,Aditya Birla Sun Life Mutual Fund,Open Ended Schemes,Debt Scheme - Banking and PSU Fund,INF209KA12Z1,INF209KA13Z9,nav_119551_20260625.csv,110.1319,0.0121000000000037,0.0109868257970703
119551,2024-03-19,110.114,Aditya Birla Sun Life Banking & PSU Debt Fund - DIRECT - IDCW,Aditya Birla Sun Life Mutual Fund,Open Ended Schemes,Debt Scheme - Banking and PSU Fund,INF209KA12Z1,INF209KA13Z9,nav_119551_20260625.csv,110.144,-0.0300000000000011,-0.0272370714700765
119551,2024-03-20,110.1485,Aditya Birla Sun Life Banking & PSU Debt Fund - DIRECT - IDCW,Aditya Birla Sun Life Mutual Fund,Open Ended Schemes,Debt Scheme - Banking and PSU Fund,INF209KA12Z1,INF209KA13Z9,nav_119551_20260625.csv,110.114,0.0344999999999942,0.0313311658826254
119551,2024-03-21,110.2046,Aditya Birla Sun Life Banking & PSU Debt Fund - DIRECT - IDCW,Aditya Birla Sun Life Mutual Fund,Open Ended Schemes,Debt Scheme - Banking and PSU Fund,INF209KA12Z1,INF209KA13Z9,nav_119551_20260625.csv,110.1485,0.0561000000000007,0.0509312428221906
119551,2024-03-22,110.1729,Aditya Birla Sun Life Banking & PSU Debt Fund - DIRECT - IDCW,Aditya Birla Sun Life Mutual Fund,Open Ended Schemes,Debt Scheme - Banking and PSU Fund,INF209KA12Z1,INF209KA13Z9,nav_119551_20260625.csv,110.2046,-0.0317000000000007,-0.0287646795142859
119551,2024-03-26,110.1903,Aditya Birla Sun Life Banking & PSU Debt Fund - DIRECT - IDCW,Aditya Birla Sun Life Mutual Fund,Open Ended Schemes,Debt Scheme - Banking and PSU Fund,INF209KA12Z1,INF209KA13Z9,nav_119551_20260625.csv,110.1729,0.0173999999999949,0.015793357531657
119551,2024-03-27,102.5361,Aditya Birla Sun Life Banking & PSU Debt Fund - DIRECT - IDCW,Aditya Birla Sun Life Mutual Fund,Open Ended Schemes,Debt Scheme - Banking and PSU Fund,INF209KA12Z1,INF209KA13Z9,nav_119551_20260625.csv,110.1903,-7.654199999999989,-6.946346456993028
119551,2024-03-28,102.7096,Aditya Birla Sun Life Banking & PSU Debt Fund - DIRECT - IDCW,Aditya Birla Sun Life Mutual Fund,Open Ended Schemes,Debt Scheme - Banking and PSU Fund,INF209KA12Z1,INF209KA13Z9,nav_119551_20260625.csv,102.5361,0.17349999999999,0.1692086982048176
119551,2024-03-31,102.7632,Aditya Birla Sun Life Banking & PSU Debt Fund - DIRECT - IDCW,Aditya Birla Sun Life Mutual Fund,Open Ended Schemes,Debt Scheme - Banking and PSU Fund,INF209KA12Z1,INF209KA13Z9,nav_119551_20260625.csv,102.7096,0.0536000000000029,0.0521859689844016
119551,2024-04-02,102.7608,Aditya Birla Sun Life Banking & PSU Debt Fund - DIRECT - IDCW,Aditya Birla Sun Life Mutual Fund,Open Ended Schemes,Debt Scheme - Banking and PSU Fund,INF209KA12Z1,INF209KA13Z9,nav_119551_20260625.csv,102.7632,-0.0023999999999944,-0.0023354663926331
119551,2024-04-03,102.7932,Aditya Birla Sun Life Banking & PSU Debt Fund - DIRECT - IDCW,Aditya Birla Sun Life Mutual Fund,Open Ended Schemes,Debt Scheme - Banking and PSU Fund,INF209KA12Z1,INF209KA13Z9,nav_119551_20260625.csv,102.7608,0.0323999999999955,0.0315295326622559
119551,2024-04-04,102.831,Aditya Birla Sun Life Banking & PSU Debt Fund - DIRECT - IDCW,Aditya Birla Sun Life Mutual Fund,Open Ended Schemes,Debt Scheme - Banking and PSU Fund,INF209KA12Z1,INF209KA13Z9,nav_119551_20260625.csv,102.7932,0.0378000000000042,0.0367728604615911
119551,2024-04-05,102.8278,Aditya Birla Sun Life Banking & PSU Debt Fund - DIRECT - IDCW,Aditya Birla Sun Life Mutual Fund,Open Ended Schemes,Debt Scheme - Banking and PSU Fund,INF209KA12Z1,INF209KA13Z9,nav_119551_20260625.csv,102.831,-0.0032000000000067,-0.0031119020528894
119551,2024-04-08,102.7894,Aditya Birla Sun Life Banking & PSU Debt Fund - DIRECT - IDCW,Aditya Birla Sun Life Mutual Fund,Open Ended Schemes,Debt Scheme - Banking and PSU Fund,INF209KA12Z1,INF209KA13Z9,nav_119551_20260625.csv,102.8278,-0.0383999999999957,-0.0373439867428805
119551,2024-04-10,102.8998,Aditya Birla Sun Life Banking & PSU Debt Fund - DIRECT - IDCW,Aditya Birla Sun Life Mutual Fund,Open Ended Schemes,Debt Scheme - Banking and PSU Fund,INF209KA12Z1,INF209KA13Z9,nav_119551_20260625.csv,102.7894,0.1103999999999985,0.1074040708477707
119551,2024-04-12,102.7853,Aditya Birla Sun Life Banking & PSU Debt Fund - DIRECT - IDCW,Aditya Birla Sun Life Mutual Fund,Open Ended Schemes,Debt Scheme - Banking and PSU Fund,INF209KA12Z1,INF209KA13Z9,nav_119551_20260625.csv,102.8998,-0.1144999999999925,-0.1112732969354581
119551,2024-04-15,102.8695,Aditya Birla Sun Life Banking & PSU Debt Fund - DIRECT - IDCW,Aditya Birla Sun Life Mutual Fund,Open Ended Schemes,Debt Scheme - Banking and PSU Fund,INF209KA12Z1,INF209KA13Z9,nav_119551_20260625.csv,102.7853,0.0841999999999956,0.0819183287882563
119551,2024-04-16,102.834,Aditya Birla Sun Life Banking & PSU Debt Fund - DIRECT - IDCW,Aditya Birla Sun Life Mutual Fund,Open Ended Schemes,Debt Scheme - Banking and PSU Fund,INF209KA12Z1,INF209KA13Z9,nav_119551_20260625.csv,102.8695,-0.0354999999999989,-0.0345097429267168
119551,2024-04-18,102.878,Aditya Birla Sun Life Banking & PSU Debt Fund - DIRECT - IDCW,Aditya Birla Sun Life Mutual Fund,Open Ended Schemes,Debt Scheme - Banking and PSU Fund,INF209KA12Z1,INF209KA13Z9,nav_119551_20260625.csv,102.834,0.0439999999999969,0.0427874049438871
119551,2024-04-19,102.785,Aditya Birla Sun Life Banking & PSU Debt Fund - DIRECT - IDCW,Aditya Birla Sun Life Mutual Fund,Open Ended Schemes,Debt Scheme - Banking and PSU Fund,INF209KA12Z1,INF209KA13Z9,nav_119551_20260625.csv,102.878,-0.0930000000000035,-0.0903983358930029
119551,2024-04-22,102.8818,Aditya Birla Sun Life Banking & PSU Debt Fund - DIRECT - IDCW,Aditya Birla Sun Life Mutual Fund,Open Ended Schemes,Debt Scheme - Banking and PSU Fund,INF209KA12Z1,INF209KA13Z9,nav_119551_20260625.csv,102.785,0.0968000000000017,0.0941771659288824
119551,2024-04-23,102.9532,Aditya Birla Sun Life Banking & PSU Debt Fund - DIRECT - IDCW,Aditya Birla Sun Life Mutual Fund,Open Ended Schemes,Debt Scheme - Banking and PSU Fund,INF209KA12Z1,INF209KA13Z9,nav_119551_20260625.csv,102.8818,0.071399999999997,0.0694000299372649
119551,2024-04-24,102.9549,Aditya Birla Sun Life Banking & PSU Debt Fund - DIRECT - IDCW,Aditya Birla Sun Life Mutual Fund,Open Ended Schemes,Debt Scheme - Banking and PSU Fund,INF209KA12Z1,INF209KA13Z9,nav_119551_20260625.csv,102.9532,0.0016999999999995,0.0016512357070975
119551,2024-04-25,102.9493,Aditya Birla Sun Life Banking & PSU Debt Fund - DIRECT - IDCW,Aditya Birla Sun Life Mutual Fund,Open Ended Schemes,Debt Scheme - Banking and PSU Fund,INF209KA12Z1,INF209KA13Z9,nav_119551_20260625.csv,102.9549,-0.0056000000000011,-0.0054392748669574
119551,2024-04-26,102.9593,Aditya Birla Sun Life Banking & PSU Debt Fund - DIRECT - IDCW,Aditya Birla Sun Life Mutual Fund,Open Ended Schemes,Debt Scheme - Banking and PSU Fund,INF209KA12Z1,INF209KA13Z9,nav_119551_20260625.csv,102.9493,0.0100000000000051,0.0097135191788629
119551,2024-04-29,103.0161,Aditya Birla Sun Life Banking & PSU Debt Fund - DIRECT - IDCW,Aditya Birla Sun Life Mutual Fund,Open Ended Schemes,Debt Scheme - Banking and PSU Fund,INF209KA12Z1,INF209KA13Z9,nav_119551_20260625.csv,102.9593,0.0567999999999955,0.0551674302369922
119551,2024-04-30,103.0514,Aditya Birla Sun Life Banking & PSU Debt Fund - DIRECT - IDCW,Aditya Birla Sun Life Mutual Fund,Open Ended Schemes,Debt Scheme - Banking and PSU Fund,INF209KA12Z1,INF209KA13Z9,nav_119551_20260625.csv,103.0161,0.0353000000000065,0.0342664884421042
119551,2024-05-02,103.1097,Aditya Birla Sun Life Banking & PSU Debt Fund - DIRECT - IDCW,Aditya Birla Sun Life Mutual Fund,Open Ended Schemes,Debt Scheme - Banking and PSU Fund,INF209KA12Z1,INF209KA13Z9,nav_119551_20260625.csv,103.0514,0.0583000000000026,0.0565737098185979
119551,2024-05-03,103.16,Aditya Birla Sun Life Banking & PSU Debt Fund - DIRECT - IDCW,Aditya Birla Sun Life Mutual Fund,Open Ended Schemes,Debt Scheme - Banking and PSU Fund,INF209KA12Z1,INF209KA13Z9,nav_119551_20260625.csv,103.1097,0.0502999999999929,0.048782995198311
119551,2024-05-06,103.3135,Aditya Birla Sun Life Banking & PSU Debt Fund - DIRECT - IDCW,Aditya Birla Sun Life Mutual Fund,Open Ended Schemes,Debt Scheme - Banking and PSU Fund,INF209KA12Z1,INF209KA13Z9,nav_119551_20260625.csv,103.16,0.1535000000000081,0.148797983714626
119551,2024-05-07,103.3251,Aditya Birla Sun Life Banking & PSU Debt Fund - DIRECT - IDCW,Aditya Birla Sun Life Mutual Fund,Open Ended Schemes,Debt Scheme - Banking and PSU Fund,INF209KA12Z1,INF209KA13Z9,nav_119551_20260625.csv,103.3135,0.0116000000000013,0.0112279614958368
119551,2024-05-08,103.3191,Aditya Birla Sun Life Banking & PSU Debt Fund - DIRECT - IDCW,Aditya Birla Sun Life Mutual Fund,Open Ended Schemes,Debt Scheme - Banking and PSU Fund,INF209KA12Z1,INF209KA13Z9,nav_119551_20260625.csv,103.3251,-0.0060000000000002,-0.0058069142928487
119551,2024-05-09,103.3271,Aditya Birla Sun Life Banking & PSU Debt Fund - DIRECT - IDCW,Aditya Birla Sun Life Mutual Fund,Open Ended Schemes,Debt Scheme - Banking and PSU Fund,INF209KA12Z1,INF209KA13Z9,nav_119551_20260625.csv,103.3191,0.0079999999999955,0.0077430020199513
119551,2024-05-10,103.3607,Aditya Birla Sun Life Banking & PSU Debt Fund - DIRECT - IDCW,Aditya Birla Sun Life Mutual Fund,Open Ended Schemes,Debt Scheme - Banking and PSU Fund,INF209KA12Z1,INF209KA13Z9,nav_119551_20260625.csv,103.3271,0.0335999999999927,0.0325180906073941
119551,2024-05-13,103.4188,Aditya Birla Sun Life Banking & PSU Debt Fund - DIRECT - IDCW,Aditya Birla Sun Life Mutual Fund,Open Ended Schemes,Debt Scheme - Banking and PSU Fund,INF209KA12Z1,INF209KA13Z9,nav_119551_20260625.csv,103.3607,0.0581000000000102,0.0562109196241997
119551,2024-05-14,103.4525,Aditya Birla Sun Life Banking & PSU Debt Fund - DIRECT - IDCW,Aditya Birla Sun Life Mutual Fund,Open Ended Schemes,Debt Scheme - Banking and PSU Fund,INF209KA12Z1,INF209KA13Z9,nav_119551_20260625.csv,103.4188,0.033699999999996,0.0325859514904408
119551,2024-05-15,103.5312,Aditya Birla Sun Life Banking & PSU Debt Fund - DIRECT - IDCW,Aditya Birla Sun Life Mutual Fund,Open Ended Schemes,Debt Scheme - Banking and PSU Fund,INF209KA12Z1,INF209KA13Z9,nav_119551_20260625.csv,103.4525,0.0786999999999977,0.0760735603296177
119551,2024-05-16,103.618,Aditya Birla Sun Life Banking & PSU Debt Fund - DIRECT - IDCW,Aditya Birla Sun Life Mutual Fund,Open Ended Schemes,Debt Scheme - Banking and PSU Fund,INF209KA12Z1,INF209KA13Z9,nav_119551_20260625.csv,103.5312,0.0867999999999966,0.0838394609547621
119551,2024-05-17,103.6086,Aditya Birla Sun Life Banking & PSU Debt Fund - DIRECT - IDCW,Aditya Birla Sun Life Mutual Fund,Open Ended Schemes,Debt Scheme - Banking and PSU Fund,INF209KA12Z1,INF209KA13Z9,nav_119551_20260625.csv,103.618,-0.0093999999999994,-0.0090717828948632
119551,2024-05-21,103.7247,Aditya Birla Sun Life Banking & PSU Debt Fund - DIRECT - IDCW,Aditya Birla Sun Life Mutual Fund,Open Ended Schemes,Debt Scheme - Banking and PSU Fund,INF209KA12Z1,INF209KA13Z9,nav_119551_20260625.csv,103.6086,0.1161000000000029,0.1120563350918775
119551,2024-05-22,103.7992,Aditya Birla Sun Life Banking & PSU Debt Fund - DIRECT - IDCW,Aditya Birla Sun Life Mutual Fund,Open Ended Schemes,Debt Scheme - Banking and PSU Fund,INF209KA12Z1,INF209KA13Z9,nav_119551_20260625.csv,103.7247,0.0745000000000004,0.0718247437688423
119551,2024-05-24,103.871,Aditya Birla Sun Life Banking & PSU Debt Fund - DIRECT - IDCW,Aditya Birla Sun Life Mutual Fund,Open Ended Schemes,Debt Scheme - Banking and PSU Fund,INF209KA12Z1,INF209KA13Z9,nav_119551_20260625.csv,103.7992,0.071799999999996,0.0691720167400096
119551,2024-05-27,103.9153,Aditya Birla Sun Life Banking & PSU Debt Fund - DIRECT - IDCW,Aditya Birla Sun Life Mutual Fund,Open Ended Schemes,Debt Scheme - Banking and PSU Fund,INF209KA12Z1,INF209KA13Z9,nav_119551_20260625.csv,103.871,0.0443000000000068,0.0426490550779398
119551,2024-05-28,103.9118,Aditya Birla Sun Life Banking & PSU Debt Fund - DIRECT - IDCW,Aditya Birla Sun Life Mutual Fund,Open Ended Schemes,Debt Scheme - Banking and PSU Fund,INF209KA12Z1,INF209KA13Z9,nav_119551_20260625.csv,103.9153,-0.0035000000000025,-0.0033681276963089
119551,2024-05-29,103.8954,Aditya Birla Sun Life Banking & PSU Debt Fund - DIRECT - IDCW,Aditya Birla Sun Life Mutual Fund,Open Ended Schemes,Debt Scheme - Banking and PSU Fund,INF209KA12Z1,INF209KA13Z9,nav_119551_20260625.csv,103.9118,-0.0164000000000044,-0.0157826156413462
119551,2024-05-30,103.9279,Aditya Birla Sun Life Banking & PSU Debt Fund - DIRECT - IDCW,Aditya Birla Sun Life Mutual Fund,Open Ended Schemes,Debt Scheme - Banking and PSU Fund,INF209KA12Z1,INF209KA13Z9,nav_119551_20260625.csv,103.8954,0.0324999999999988,0.0312814619319034
119551,2024-05-31,103.9547,Aditya Birla Sun Life Banking & PSU Debt Fund - DIRECT - IDCW,Aditya Birla Sun Life Mutual Fund,Open Ended Schemes,Debt Scheme - Banking and PSU Fund,INF209KA12Z1,INF209KA13Z9,nav_119551_20260625.csv,103.9279,0.0268000000000085,0.0257871081778892
119551,2024-06-03,104.0983,Aditya Birla Sun Life Banking & PSU Debt Fund - DIRECT - IDCW,Aditya Birla Sun Life Mutual Fund,Open Ended Schemes,Debt Scheme - Banking and PSU Fund,INF209KA12Z1,INF209KA13Z9,nav_119551_20260625.csv,103.9547,0.1435999999999921,0.1381370924065888
119551,2024-06-04,103.8414,Aditya Birla Sun Life Banking & PSU Debt Fund - DIRECT - IDCW,Aditya Birla Sun Life Mutual Fund,Open Ended Schemes,Debt Scheme - Banking and PSU Fund,INF209KA12Z1,INF209KA13Z9,nav_119551_20260625.csv,104.0983,-0.2569000000000017,-0.2467859705682049
119551,2024-06-05,103.9001,Aditya Birla Sun Life Banking & PSU Debt Fund - DIRECT - IDCW,Aditya Birla Sun Life Mutual Fund,Open Ended Schemes,Debt Scheme - Banking and PSU Fund,INF209KA12Z1,INF209KA13Z9,nav_119551_20260625.csv,103.8414,0.0587000000000017,0.0565285136756647
119551,2024-06-06,103.9979,Aditya Birla Sun Life Banking & PSU Debt Fund - DIRECT - IDCW,Aditya Birla Sun Life Mutual Fund,Open Ended Schemes,Debt Scheme - Banking and PSU Fund,INF209KA12Z1,INF209KA13Z9,nav_119551_20260625.csv,103.9001,0.0978000000000065,0.0941288795679759
119551,2024-06-07,104.0351,Aditya Birla Sun Life Banking & PSU Debt Fund - DIRECT - IDCW,Aditya Birla Sun Life Mutual Fund,Open Ended Schemes,Debt Scheme - Banking and PSU Fund,INF209KA12Z1,INF209KA13Z9,nav_119551_20260625.csv,103.9979,0.0371999999999985,0.0357699530471274
119551,2024-06-10,104.0928,Aditya Birla Sun Life Banking & PSU Debt Fund - DIRECT - IDCW,Aditya Birla Sun Life Mutual Fund,Open Ended Schemes,Debt Scheme - Banking and PSU Fund,INF209KA12Z1,INF209KA13Z9,nav_119551_20260625.csv,104.0351,0.0576999999999969,0.0554620507886251
119551,2024-06-11,104.1556,Aditya Birla Sun Life Banking & PSU Debt Fund - DIRECT - IDCW,Aditya Birla Sun Life Mutual Fund,Open Ended Schemes,Debt Scheme - Banking and PSU Fund,INF209KA12Z1,INF209KA13Z9,nav_119551_20260625.csv,104.0928,0.0628000000000099,0.060330781763974
119551,2024-06-12,104.1778,Aditya Birla Sun Life Banking & PSU Debt Fund - DIRECT - IDCW,Aditya Birla Sun Life Mutual Fund,Open Ended Schemes,Debt Scheme - Banking and PSU Fund,INF209KA12Z1,INF209KA13Z9,nav_119551_20260625.csv,104.1556,0.022199999999998,0.0213142644274508
119551,2024-06-13,104.2366,Aditya Birla Sun Life Banking & PSU Debt Fund - DIRECT - IDCW,Aditya Birla Sun Life Mutual Fund,Open Ended Schemes,Debt Scheme - Banking and PSU Fund,INF209KA12Z1,INF209KA13Z9,nav_119551_20260625.csv,104.1778,0.0587999999999908,0.0564419674825067
119551,2024-06-14,104.2704,Aditya Birla Sun Life Banking & PSU Debt Fund - DIRECT - IDCW,Aditya Birla Sun Life Mutual Fund,Open Ended Schemes,Debt Scheme - Banking and PSU Fund,INF209KA12Z1,INF209KA13Z9,nav_119551_20260625.csv,104.2366,0.0337999999999993,0.0324262303260077
119551,2024-06-18,104.3524,Aditya Birla Sun Life Banking & PSU Debt Fund - DIRECT - IDCW,Aditya Birla Sun Life Mutual Fund,Open Ended Schemes,Debt Scheme - Banking and PSU Fund,INF209KA12Z1,INF209KA13Z9,nav_119551_20260625.csv,104.2704,0.0820000000000078,0.0786416854639551
119551,2024-06-19,104.3994,Aditya Birla Sun Life Banking & PSU Debt Fund - DIRECT - IDCW,Aditya Birla Sun Life Mutual Fund,Open Ended Schemes,Debt Scheme - Banking and PSU Fund,INF209KA12Z1,INF209KA13Z9,nav_119551_20260625.csv,104.3524,0.046999999999997,0.0450396924268124
119551,2024-06-20,104.432,Aditya Birla Sun Life Banking & PSU Debt Fund - DIRECT - IDCW,Aditya Birla Sun Life Mutual Fund,Open Ended Schemes,Debt Scheme - Banking and PSU Fund,INF209KA12Z1,INF209KA13Z9,nav_119551_20260625.csv,104.3994,0.0326000000000021,0.0312262331009586
119551,2024-06-21,104.4713,Aditya Birla Sun Life Banking & PSU Debt Fund - DIRECT - IDCW,Aditya Birla Sun Life Mutual Fund,Open Ended Schemes,Debt Scheme - Banking and PSU Fund,INF209KA12Z1,INF209KA13Z9,nav_119551_20260625.csv,104.432,0.0392999999999972,0.0376321434043178
119551,2024-06-24,104.5059,Aditya Birla Sun Life Banking & PSU Debt Fund - DIRECT - IDCW,Aditya Birla Sun Life Mutual Fund,Open Ended Schemes,Debt Scheme - Banking and PSU Fund,INF209KA12Z1,INF209KA13Z9,nav_119551_20260625.csv,104.4713,13.399500000000003,12.826010588553988
119551,2024-06-25,104.5405,Aditya Birla Sun Life Banking & PSU Debt Fund - DIRECT - IDCW,Aditya Birla Sun Life Mutual Fund,Open Ended Schemes,Debt Scheme - Banking and PSU Fund,INF209KA12Z1,INF209KA13Z9,nav_119551_20260625.csv,117.8708,-13.330300000000008,-11.309247073914836
119551,2024-06-26,104.5187,Aditya Birla Sun Life Banking & PSU Debt Fund - DIRECT - IDCW,Aditya Birla Sun Life Mutual Fund,Open Ended Schemes,Debt Scheme - Banking and PSU Fund,INF209KA12Z1,INF209KA13Z9,nav_119551_20260625.csv,104.5405,-0.0217999999999989,-0.0208531621715975
119551,2024-06-27,104.5382,Aditya Birla Sun Life Banking & PSU Debt Fund - DIRECT - IDCW,Aditya Birla Sun Life Mutual Fund,Open Ended Schemes,Debt Scheme - Banking and PSU Fund,INF209KA12Z1,INF209KA13Z9,nav_119551_20260625.csv,104.5187,0.0195000000000078,0.0186569484695158
119551,2024-06-28,104.574,Aditya Birla Sun Life Banking & PSU Debt Fund - DIRECT - IDCW,Aditya Birla Sun Life Mutual Fund,Open Ended Schemes,Debt Scheme - Banking and PSU Fund,INF209KA12Z1,INF209KA13Z9,nav_119551_20260625.csv,104.5382,0.0357999999999947,0.0342458546253854
119551,2024-06-30,104.6136,Aditya Birla Sun Life Banking & PSU Debt Fund - DIRECT - IDCW,Aditya Birla Sun Life Mutual Fund,Open Ended Schemes,Debt Scheme - Banking and PSU Fund,INF209KA12Z1,INF209KA13Z9,nav_119551_20260625.csv,104.574,0.0396000000000071,0.0378679212806311
119551,2024-07-01,104.6276,Aditya Birla Sun Life Banking & PSU Debt Fund - DIRECT - IDCW,Aditya Birla Sun Life Mutual Fund,Open Ended Schemes,Debt Scheme - Banking and PSU Fund,INF209KA12Z1,INF209KA13Z9,nav_119551_20260625.csv,104.6136,0.0139999999999957,0.013382581232264
119551,2024-07-02,104.6724,Aditya Birla Sun Life Banking & PSU Debt Fund - DIRECT - IDCW,Aditya Birla Sun Life Mutual Fund,Open Ended Schemes,Debt Scheme - Banking and PSU Fund,INF209KA12Z1,INF209KA13Z9,nav_119551_20260625.csv,104.6276,0.044799999999995,0.042818529718731
119551,2024-07-03,104.7114,Aditya Birla Sun Life Banking & PSU Debt Fund - DIRECT - IDCW,Aditya Birla Sun Life Mutual Fund,Open Ended Schemes,Debt Scheme - Banking and PSU Fund,INF209KA12Z1,INF209KA13Z9,nav_119551_20260625.csv,104.6724,0.0390000000000014,0.0372591055521813
119551,2024-07-04,104.745,Aditya Birla Sun Life Banking & PSU Debt Fund - DIRECT - IDCW,Aditya Birla Sun Life Mutual Fund,Open Ended Schemes,Debt Scheme - Banking and PSU Fund,INF209KA12Z1,INF209KA13Z9,nav_119551_20260625.csv,104.7114,0.0336000000000069,0.0320881967006524
119551,2024-07-05,104.7786,Aditya Birla Sun Life Banking & PSU Debt Fund - DIRECT - IDCW,Aditya Birla Sun Life Mutual Fund,Open Ended Schemes,Debt Scheme - Banking and PSU Fund,INF209KA12Z1,INF209KA13Z9,nav_119551_20260625.csv,104.745,0.0335999999999927,0.0320779034798727
119551,2024-07-08,104.8485,Aditya Birla Sun Life Banking & PSU Debt Fund - DIRECT - IDCW,Aditya Birla Sun Life Mutual Fund,Open Ended Schemes,Debt Scheme - Banking and PSU Fund,INF209KA12Z1,INF209KA13Z9,nav_119551_20260625.csv,104.7786,0.069900000000004,0.0667120957905565
119551,2024-07-09,104.8761,Aditya Birla Sun Life Banking & PSU Debt Fund - DIRECT - IDCW,Aditya Birla Sun Life Mutual Fund,Open Ended Schemes,Debt Scheme - Banking and PSU Fund,INF209KA12Z1,INF209KA13Z9,nav_119551_20260625.csv,104.8485,0.0275999999999925,0.0263236956179559
119551,2024-07-10,104.9009,Aditya Birla Sun Life Banking & PSU Debt Fund - DIRECT - IDCW,Aditya Birla Sun Life Mutual Fund,Open Ended Schemes,Debt Scheme - Banking and PSU Fund,INF209KA12Z1,INF209KA13Z9,nav_119551_20260625.csv,104.8761,0.024799999999999,0.0236469510212517
119551,2024-07-11,104.9227,Aditya Birla Sun Life Banking & PSU Debt Fund - DIRECT - IDCW,Aditya Birla Sun Life Mutual Fund,Open Ended Schemes,Debt Scheme - Banking and PSU Fund,INF209KA12Z1,INF209KA13Z9,nav_119551_20260625.csv,104.9009,0.0218000000000131,0.0207815185570506
119551,2024-07-12,104.9292,Aditya Birla Sun Life Banking & PSU Debt Fund - DIRECT - IDCW,Aditya Birla Sun Life Mutual Fund,Open Ended Schemes,Debt Scheme - Banking and PSU Fund,INF209KA12Z1,INF209KA13Z9,nav_119551_20260625.csv,104.9227,0.0064999999999884,0.0061950369176435
119551,2024-07-15,105.0151,Aditya Birla Sun Life Banking & PSU Debt Fund - DIRECT - IDCW,Aditya Birla Sun Life Mutual Fund,Open Ended Schemes,Debt Scheme - Banking and PSU Fund,INF209KA12Z1,INF209KA13Z9,nav_119551_20260625.csv,104.9292,0.0859000000000094,0.0818647240234457
119551,2024-07-16,105.0855,Aditya Birla Sun Life Banking & PSU Debt Fund - DIRECT - IDCW,Aditya Birla Sun Life Mutual Fund,Open Ended Schemes,Debt Scheme - Banking and PSU Fund,INF209KA12Z1,INF209KA13Z9,nav_119551_20260625.csv,105.0151,0.0703999999999922,0.0670379783478683
119551,2024-07-18,105.1452,Aditya Birla Sun Life Banking & PSU Debt Fund - DIRECT - IDCW,Aditya Birla Sun Life Mutual Fund,Open Ended Schemes,Debt Scheme - Banking and PSU Fund,INF209KA12Z1,INF209KA13Z9,nav_119551_20260625.csv,105.0855,0.0597000000000065,0.0568108825670587
119551,2024-07-19,105.1758,Aditya Birla Sun Life Banking & PSU Debt Fund - DIRECT - IDCW,Aditya Birla Sun Life Mutual Fund,Open Ended Schemes,Debt Scheme - Banking and PSU Fund,INF209KA12Z1,INF209KA13Z9,nav_119551_20260625.csv,105.1452,0.0305999999999926,0.0291026123874343
119551,2024-07-22,105.223,Aditya Birla Sun Life Banking & PSU Debt Fund - DIRECT - IDCW,Aditya Birla Sun Life Mutual Fund,Open Ended Schemes,Debt Scheme - Banking and PSU Fund,INF209KA12Z1,INF209KA13Z9,nav_119551_20260625.csv,105.1758,0.0472000000000036,0.0448772436244874
119551,2024-07-23,105.2253,Aditya Birla Sun Life Banking & PSU Debt Fund - DIRECT - IDCW,Aditya Birla Sun Life Mutual Fund,Open Ended Schemes,Debt Scheme - Banking and PSU Fund,INF209KA12Z1,INF209KA13Z9,nav_119551_20260625.csv,105.223,0.0023000000000052,0.0021858338956362
119551,2024-07-24,105.2595,Aditya Birla Sun Life Banking & PSU Debt Fund - DIRECT - IDCW,Aditya Birla Sun Life Mutual Fund,Open Ended Schemes,Debt Scheme - Banking and PSU Fund,INF209KA12Z1,INF209KA13Z9,nav_119551_20260625.csv,105.2253,0.0341999999999984,0.032501689232531
119551,2024-07-25,105.3408,Aditya Birla Sun Life Banking & PSU Debt Fund - DIRECT - IDCW,Aditya Birla Sun Life Mutual Fund,Open Ended Schemes,Debt Scheme - Banking and PSU Fund,INF209KA12Z1,INF209KA13Z9,nav_119551_20260625.csv,105.2595,0.0812999999999988,0.0772376840095182
119551,2024-07-26,105.4135,Aditya Birla Sun Life Banking & PSU Debt Fund - DIRECT - IDCW,Aditya Birla Sun Life Mutual Fund,Open Ended Schemes,Debt Scheme - Banking and PSU Fund,INF209KA12Z1,INF209KA13Z9,nav_119551_20260625.csv,105.3408,0.0726999999999975,0.0690140952033756
119551,2024-07-29,105.5119,Aditya Birla Sun Life Banking & PSU Debt Fund - DIRECT - IDCW,Aditya Birla Sun Life Mutual Fund,Open Ended Schemes,Debt Scheme - Banking and PSU Fund,INF209KA12Z1,INF209KA13Z9,nav_119551_20260625.csv,105.4135,0.098399999999998,0.0933466776077049
119551,2024-07-30,105.5094,Aditya Birla Sun Life Banking & PSU Debt Fund - DIRECT - IDCW,Aditya Birla Sun Life Mutual Fund,Open Ended Schemes,Debt Scheme - Banking and PSU Fund,INF209KA12Z1,INF209KA13Z9,nav_119551_20260625.csv,105.5119,-0.0024999999999977,-0.0023694009869955
119551,2024-07-31,105.5109,Aditya Birla Sun Life Banking & PSU Debt Fund - DIRECT - IDCW,Aditya Birla Sun Life Mutual Fund,Open Ended Schemes,Debt Scheme - Banking and PSU Fund,INF209KA12Z1,INF209KA13Z9,nav_119551_20260625.csv,105.5094,0.0015000000000071,0.0014216742773697
119551,2024-08-01,105.5455,Aditya Birla Sun Life Banking & PSU Debt Fund - DIRECT - IDCW,Aditya Birla Sun Life Mutual Fund,Open Ended Schemes,Debt Scheme - Banking and PSU Fund,INF209KA12Z1,INF209KA13Z9,nav_119551_20260625.csv,105.5109,0.0345999999999975,0.0327928204574101
119551,2024-08-02,105.5909,Aditya Birla Sun Life Banking & PSU Debt Fund - DIRECT - IDCW,Aditya Birla Sun Life Mutual Fund,Open Ended Schemes,Debt Scheme - Banking and PSU Fund,INF209KA12Z1,INF209KA13Z9,nav_119551_20260625.csv,105.5455,0.0454000000000007,0.0430146240247104
119551,2024-08-05,105.7262,Aditya Birla Sun Life Banking & PSU Debt Fund - DIRECT - IDCW,Aditya Birla Sun Life Mutual Fund,Open Ended Schemes,Debt Scheme - Banking and PSU Fund,INF209KA12Z1,INF209KA13Z9,nav_119551_20260625.csv,105.5909,0.1353000000000008,0.1281360420263496
119551,2024-08-06,105.7253,Aditya Birla Sun Life Banking & PSU Debt Fund - DIRECT - IDCW,Aditya Birla Sun Life Mutual Fund,Open Ended Schemes,Debt Scheme - Banking and PSU Fund,INF209KA12Z1,INF209KA13Z9,nav_119551_20260625.csv,105.7262,-0.0009000000000014,-0.000851255412567
119551,2024-08-07,105.7549,Aditya Birla Sun Life Banking & PSU Debt Fund - DIRECT - IDCW,Aditya Birla Sun Life Mutual Fund,Open Ended Schemes,Debt Scheme - Banking and PSU Fund,INF209KA12Z1,INF209KA13Z9,nav_119551_20260625.csv,105.7253,0.029600000000002,0.0279970830066238
119551,2024-08-08,105.7637,Aditya Birla Sun Life Banking & PSU Debt Fund - DIRECT - IDCW,Aditya Birla Sun Life Mutual Fund,Open Ended Schemes,Debt Scheme - Banking and PSU Fund,INF209KA12Z1,INF209KA13Z9,nav_119551_20260625.csv,105.7549,0.0087999999999937,0.0083211274371151
119551,2024-08-09,105.7861,Aditya Birla Sun Life Banking & PSU Debt Fund - DIRECT - IDCW,Aditya Birla Sun Life Mutual Fund,Open Ended Schemes,Debt Scheme - Banking and PSU Fund,INF209KA12Z1,INF209KA13Z9,nav_119551_20260625.csv,105.7637,0.0224000000000046,0.0211792893024777
119551,2024-08-12,105.8262,Aditya Birla Sun Life Banking & PSU Debt Fund - DIRECT - IDCW,Aditya Birla Sun Life Mutual Fund,Open Ended Schemes,Debt Scheme - Banking and PSU Fund,INF209KA12Z1,INF209KA13Z9,nav_119551_20260625.csv,105.7861,0.0400999999999953,0.0379066815016295
119551,2024-08-13,105.8532,Aditya Birla Sun Life Banking & PSU Debt Fund - DIRECT - IDCW,Aditya Birla Sun Life Mutual Fund,Open Ended Schemes,Debt Scheme - Banking and PSU Fund,INF209KA12Z1,INF209KA13Z9,nav_119551_20260625.csv,105.8262,0.027000000000001,0.0255135306757693
119551,2024-08-14,105.8943,Aditya Birla Sun Life Banking & PSU Debt Fund - DIRECT - IDCW,Aditya Birla Sun Life Mutual Fund,Open Ended Schemes,Debt Scheme - Banking and PSU Fund,INF209KA12Z1,INF209KA13Z9,nav_119551_20260625.csv,105.8532,0.0411000000000001,0.0388273571323305
119551,2024-08-16,105.9116,Aditya Birla Sun Life Banking & PSU Debt Fund - DIRECT - IDCW,Aditya Birla Sun Life Mutual Fund,Open Ended Schemes,Debt Scheme - Banking and PSU Fund,INF209KA12Z1,INF209KA13Z9,nav_119551_20260625.csv,105.8943,0.0173000000000058,0.0163370455255909
119551,2024-08-19,105.9818,Aditya Birla Sun Life Banking & PSU Debt Fund - DIRECT - IDCW,Aditya Birla Sun Life Mutual Fund,Open Ended Schemes,Debt Scheme - Banking and PSU Fund,INF209KA12Z1,INF209KA13Z9,nav_119551_20260625.csv,105.9116,0.0701999999999998,0.0662816915238744
119551,2024-08-20,106.0252,Aditya Birla Sun Life Banking & PSU Debt Fund - DIRECT - IDCW,Aditya Birla Sun Life Mutual Fund,Open Ended Schemes,Debt Scheme - Banking and PSU Fund,INF209KA12Z1,INF209KA13Z9,nav_119551_20260625.csv,105.9818,0.0433999999999912,0.0409504273375157
119551,2024-08-21,106.0518,Aditya Birla Sun Life Banking & PSU Debt Fund - DIRECT - IDCW,Aditya Birla Sun Life Mutual Fund,Open Ended Schemes,Debt Scheme - Banking and PSU Fund,INF209KA12Z1,INF209KA13Z9,nav_119551_20260625.csv,106.0252,0.0266000000000019,0.0250883752164598
119551,2024-08-22,106.0858,Aditya Birla Sun Life Banking & PSU Debt Fund - DIRECT - IDCW,Aditya Birla Sun Life Mutual Fund,Open Ended Schemes,Debt Scheme - Banking and PSU Fund,INF209KA12Z1,INF209KA13Z9,nav_119551_20260625.csv,106.0518,0.034000000000006,0.0320598047369361
119551,2024-08-23,106.1127,Aditya Birla Sun Life Banking & PSU Debt Fund - DIRECT - IDCW,Aditya Birla Sun Life Mutual Fund,Open Ended Schemes,Debt Scheme - Banking and PSU Fund,INF209KA12Z1,INF209KA13Z9,nav_119551_20260625.csv,106.0858,0.0268999999999977,0.0253568338081041
119551,2024-08-26,106.1703,Aditya Birla Sun Life Banking & PSU Debt Fund - DIRECT - IDCW,Aditya Birla Sun Life Mutual Fund,Open Ended Schemes,Debt Scheme - Banking and PSU Fund,INF209KA12Z1,INF209KA13Z9,nav_119551_20260625.csv,106.1127,0.0575999999999936,0.0542819097054298
119551,2024-08-27,106.1953,Aditya Birla Sun Life Banking & PSU Debt Fund - DIRECT - IDCW,Aditya Birla Sun Life Mutual Fund,Open Ended Schemes,Debt Scheme - Banking and PSU Fund,INF209KA12Z1,INF209KA13Z9,nav_119551_20260625.csv,106.1703,0.0250000000000056,0.0235470748410861
119551,2024-08-28,106.2365,Aditya Birla Sun Life Banking & PSU Debt Fund - DIRECT - IDCW,Aditya Birla Sun Life Mutual Fund,Open Ended Schemes,Debt Scheme - Banking and PSU Fund,INF209KA12Z1,INF209KA13Z9,nav_119551_20260625.csv,106.1953,0.0412000000000034,0.0387964439104211
119551,2024-08-29,106.2648,Aditya Birla Sun Life Banking & PSU Debt Fund - DIRECT - IDCW,Aditya Birla Sun Life Mutual Fund,Open Ended Schemes,Debt Scheme - Banking and PSU Fund,INF209KA12Z1,INF209KA13Z9,nav_119551_20260625.csv,106.2365,0.0282999999999873,0.0266386787968234
119551,2024-08-30,106.2668,Aditya Birla Sun Life Banking & PSU Debt Fund - DIRECT - IDCW,Aditya Birla Sun Life Mutual Fund,Open Ended Schemes,Debt Scheme - Banking and PSU Fund,INF209KA12Z1,INF209KA13Z9,nav_119551_20260625.csv,106.2648,0.0020000000000095,0.0018820907770113
119551,2024-09-02,106.3054,Aditya Birla Sun Life Banking & PSU Debt Fund - DIRECT - IDCW,Aditya Birla Sun Life Mutual Fund,Open Ended Schemes,Debt Scheme - Banking and PSU Fund,INF209KA12Z1,INF209KA13Z9,nav_119551_20260625.csv,106.2668,0.0386000000000024,0.0363236683517358
119551,2024-09-03,106.3329,Aditya Birla Sun Life Banking & PSU Debt Fund - DIRECT - IDCW,Aditya Birla Sun Life Mutual Fund,Open Ended Schemes,Debt Scheme - Banking and PSU Fund,INF209KA12Z1,INF209KA13Z9,nav_119551_20260625.csv,106.3054,0.0274999999999892,0.0258688646108186
119551,2024-09-04,106.3754,Aditya Birla Sun Life Banking & PSU Debt Fund - DIRECT - IDCW,Aditya Birla Sun Life Mutual Fund,Open Ended Schemes,Debt Scheme - Banking and PSU Fund,INF209KA12Z1,INF209KA13Z9,nav_119551_20260625.csv,106.3329,0.0425000000000039,0.0399688149199391
119551,2024-09-05,106.4059,Aditya Birla Sun Life Banking & PSU Debt Fund - DIRECT - IDCW,Aditya Birla Sun Life Mutual Fund,Open Ended Schemes,Debt Scheme - Banking and PSU Fund,INF209KA12Z1,INF209KA13Z9,nav_119551_20260625.csv,106.3754,0.0305000000000035,0.0286720425963178
119551,2024-09-06,106.4146,Aditya Birla Sun Life Banking & PSU Debt Fund - DIRECT - IDCW,Aditya Birla Sun Life Mutual Fund,Open Ended Schemes,Debt Scheme - Banking and PSU Fund,INF209KA12Z1,INF209KA13Z9,nav_119551_20260625.csv,106.4059,0.0086999999999903,0.0081762383476765
119551,2024-09-09,106.4667,Aditya Birla Sun Life Banking & PSU Debt Fund - DIRECT - IDCW,Aditya Birla Sun Life Mutual Fund,Open Ended Schemes,Debt Scheme - Banking and PSU Fund,INF209KA12Z1,INF209KA13Z9,nav_119551_20260625.csv,106.4146,0.05210000000001,0.0489594472938957
119551,2024-09-10,106.4902,Aditya Birla Sun Life Banking & PSU Debt Fund - DIRECT - IDCW,Aditya Birla Sun Life Mutual Fund,Open Ended Schemes,Debt Scheme - Banking and PSU Fund,INF209KA12Z1,INF209KA13Z9,nav_119551_20260625.csv,106.4667,0.0234999999999985,0.0220726292822061
119551,2024-09-11,106.5512,Aditya Birla Sun Life Banking & PSU Debt Fund - DIRECT - IDCW,Aditya Birla Sun Life Mutual Fund,Open Ended Schemes,Debt Scheme - Banking and PSU Fund,INF209KA12Z1,INF209KA13Z9,nav_119551_20260625.csv,106.4902,0.0609999999999928,0.057282266349385
119551,2024-09-12,106.5827,Aditya Birla Sun Life Banking & PSU Debt Fund - DIRECT - IDCW,Aditya Birla Sun Life Mutual Fund,Open Ended Schemes,Debt Scheme - Banking and PSU Fund,INF209KA12Z1,INF209KA13Z9,nav_119551_20260625.csv,106.5512,0.0315000000000083,0.0295632522205365
119551,2024-09-13,106.6573,Aditya Birla Sun Life Banking & PSU Debt Fund - DIRECT - IDCW,Aditya Birla Sun Life Mutual Fund,Open Ended Schemes,Debt Scheme - Banking and PSU Fund,INF209KA12Z1,INF209KA13Z9,nav_119551_20260625.csv,106.5827,0.0746000000000037,0.0699925972976888
119551,2024-09-16,106.7623,Aditya Birla Sun Life Banking & PSU Debt Fund - DIRECT - IDCW,Aditya Birla Sun Life Mutual Fund,Open Ended Schemes,Debt Scheme - Banking and PSU Fund,INF209KA12Z1,INF209KA13Z9,nav_119551_20260625.csv,106.6573,0.1049999999999897,0.0984461448020808
119551,2024-09-17,106.7639,Aditya Birla Sun Life Banking & PSU Debt Fund - DIRECT - IDCW,Aditya Birla Sun Life Mutual Fund,Open Ended Schemes,Debt Scheme - Banking and PSU Fund,INF209KA12Z1,INF209KA13Z9,nav_119551_20260625.csv,106.7623,0.0016000000000104,0.0014986563609162
119551,2024-09-19,106.8809,Aditya Birla Sun Life Banking & PSU Debt Fund - DIRECT - IDCW,Aditya Birla Sun Life Mutual Fund,Open Ended Schemes,Debt Scheme - Banking and PSU Fund,INF209KA12Z1,INF209KA13Z9,nav_119551_20260625.csv,106.7639,0.1169999999999902,0.1095876040496742
119551,2024-09-20,106.929,Aditya Birla Sun Life Banking & PSU Debt Fund - DIRECT - IDCW,Aditya Birla Sun Life Mutual Fund,Open Ended Schemes,Debt Scheme - Banking and PSU Fund,INF209KA12Z1,INF209KA13Z9,nav_119551_20260625.csv,106.8809,0.0481000000000051,0.0450033635570107
119551,2024-09-23,107.0237,Aditya Birla Sun Life Banking & PSU Debt Fund - DIRECT - IDCW,Aditya Birla Sun Life Mutual Fund,Open Ended Schemes,Debt Scheme - Banking and PSU Fund,INF209KA12Z1,INF209KA13Z9,nav_119551_20260625.csv,106.929,0.0947000000000031,0.0885634392914954
119551,2024-09-24,107.0466,Aditya Birla Sun Life Banking & PSU Debt Fund - DIRECT - IDCW,Aditya Birla Sun Life Mutual Fund,Open Ended Schemes,Debt Scheme - Banking and PSU Fund,INF209KA12Z1,INF209KA13Z9,nav_119551_20260625.csv,107.0237,0.0228999999999928,0.0213971297946088
119551,2024-09-25,107.1126,Aditya Birla Sun Life Banking & PSU Debt Fund - DIRECT - IDCW,Aditya Birla Sun Life Mutual Fund,Open Ended Schemes,Debt Scheme - Banking and PSU Fund,INF209KA12Z1,INF209KA13Z9,nav_119551_20260625.csv,107.0466,0.0660000000000025,0.0616553912034595
119551,2024-09-26,107.1966,Aditya Birla Sun Life Banking & PSU Debt Fund - DIRECT - IDCW,Aditya Birla Sun Life Mutual Fund,Open Ended Schemes,Debt Scheme - Banking and PSU Fund,INF209KA12Z1,INF209KA13Z9,nav_119551_20260625.csv,107.1126,0.0840000000000031,0.0784221464141503
119551,2024-09-27,107.1769,Aditya Birla Sun Life Banking & PSU Debt Fund - DIRECT - IDCW,Aditya Birla Sun Life Mutual Fund,Open Ended Schemes,Debt Scheme - Banking and PSU Fund,INF209KA12Z1,INF209KA13Z9,nav_119551_20260625.csv,107.1966,-0.0197000000000002,-0.01837744853848
119551,2024-09-30,107.225,Aditya Birla Sun Life Banking & PSU Debt Fund - DIRECT - IDCW,Aditya Birla Sun Life Mutual Fund,Open Ended Schemes,Debt Scheme - Banking and PSU Fund,INF209KA12Z1,INF209KA13Z9,nav_119551_20260625.csv,107.1769,0.0480999999999909,0.0448790737556235
119551,2024-10-01,107.3237,Aditya Birla Sun Life Banking & PSU Debt Fund - DIRECT - IDCW,Aditya Birla Sun Life Mutual Fund,Open Ended Schemes,Debt Scheme - Banking and PSU Fund,INF209KA12Z1,INF209KA13Z9,nav_119551_20260625.csv,107.225,0.098700000000008,0.0920494287712828
119551,2024-10-03,107.3076,Aditya Birla Sun Life Banking & PSU Debt Fund - DIRECT - IDCW,Aditya Birla Sun Life Mutual Fund,Open Ended Schemes,Debt Scheme - Banking and PSU Fund,INF209KA12Z1,INF209KA13Z9,nav_119551_20260625.csv,107.3237,-0.0161000000000086,-0.0150013463941409
119551,2024-10-04,107.2257,Aditya Birla Sun Life Banking & PSU Debt Fund - DIRECT - IDCW,Aditya Birla Sun Life Mutual Fund,Open Ended Schemes,Debt Scheme - Banking and PSU Fund,INF209KA12Z1,INF209KA13Z9,nav_119551_20260625.csv,107.3076,-0.0818999999999903,-0.0763226462990415
119551,2024-10-07,107.2487,Aditya Birla Sun Life Banking & PSU Debt Fund - DIRECT - IDCW,Aditya Birla Sun Life Mutual Fund,Open Ended Schemes,Debt Scheme - Banking and PSU Fund,INF209KA12Z1,INF209KA13Z9,nav_119551_20260625.csv,107.2257,0.0229999999999961,0.0214500814636753
119551,2024-10-08,107.3126,Aditya Birla Sun Life Banking & PSU Debt Fund - DIRECT - IDCW,Aditya Birla Sun Life Mutual Fund,Open Ended Schemes,Debt Scheme - Banking and PSU Fund,INF209KA12Z1,INF209KA13Z9,nav_119551_20260625.csv,107.2487,0.0639000000000038,0.059581141776081
119551,2024-10-09,107.4772,Aditya Birla Sun Life Banking & PSU Debt Fund - DIRECT - IDCW,Aditya Birla Sun Life Mutual Fund,Open Ended Schemes,Debt Scheme - Banking and PSU Fund,INF209KA12Z1,INF209KA13Z9,nav_119551_20260625.csv,107.3126,0.1645999999999929,0.153383666037346
119551,2024-10-10,107.504,Aditya Birla Sun Life Banking & PSU Debt Fund - DIRECT - IDCW,Aditya Birla Sun Life Mutual Fund,Open Ended Schemes,Debt Scheme - Banking and PSU Fund,INF209KA12Z1,INF209KA13Z9,nav_119551_20260625.csv,107.4772,0.0268000000000085,0.024935521208227
119551,2024-10-11,107.5265,Aditya Birla Sun Life Banking & PSU Debt Fund - DIRECT - IDCW,Aditya Birla Sun Life Mutual Fund,Open Ended Schemes,Debt Scheme - Banking and PSU Fund,INF209KA12Z1,INF209KA13Z9,nav_119551_20260625.csv,107.504,0.0224999999999937,0.0209294537877602
119551,2024-10-14,107.6186,Aditya Birla Sun Life Banking & PSU Debt Fund - DIRECT - IDCW,Aditya Birla Sun Life Mutual Fund,Open Ended Schemes,Debt Scheme - Banking and PSU Fund,INF209KA12Z1,INF209KA13Z9,nav_119551_20260625.csv,107.5265,0.092100000000002,0.0856533040692313
119551,2024-10-15,107.6534,Aditya Birla Sun Life Banking & PSU Debt Fund - DIRECT - IDCW,Aditya Birla Sun Life Mutual Fund,Open Ended Schemes,Debt Scheme - Banking and PSU Fund,INF209KA12Z1,INF209KA13Z9,nav_119551_20260625.csv,107.6186,0.0348000000000041,0.032336417682449
119551,2024-10-16,107.6535,Aditya Birla Sun Life Banking & PSU Debt Fund - DIRECT - IDCW,Aditya Birla Sun Life Mutual Fund,Open Ended Schemes,Debt Scheme - Banking and PSU Fund,INF209KA12Z1,INF209KA13Z9,nav_119551_20260625.csv,107.6534,9.99999999891088e-05,9.289070293098852e-05
119551,2024-10-17,107.6503,Aditya Birla Sun Life Banking & PSU Debt Fund - DIRECT - IDCW,Aditya Birla Sun Life Mutual Fund,Open Ended Schemes,Debt Scheme - Banking and PSU Fund,INF209KA12Z1,INF209KA13Z9,nav_119551_20260625.csv,107.6535,-0.0031999999999925,-0.0029724997329325
119551,2024-10-18,107.6158,Aditya Birla Sun Life Banking & PSU Debt Fund - DIRECT - IDCW,Aditya Birla Sun Life Mutual Fund,Open Ended Schemes,Debt Scheme - Banking and PSU Fund,INF209KA12Z1,INF209KA13Z9,nav_119551_20260625.csv,107.6503,-0.0345000000000084,-0.0320482153788781
119551,2024-10-21,107.6357,Aditya Birla Sun Life Banking & PSU Debt Fund - DIRECT - IDCW,Aditya Birla Sun Life Mutual Fund,Open Ended Schemes,Debt Scheme - Banking and PSU Fund,INF209KA12Z1,INF209KA13Z9,nav_119551_20260625.csv,107.6158,0.0199000000000069,0.018491708466607
119551,2024-10-22,107.5869,Aditya Birla Sun Life Banking & PSU Debt Fund - DIRECT - IDCW,Aditya Birla Sun Life Mutual Fund,Open Ended Schemes,Debt Scheme - Banking and PSU Fund,INF209KA12Z1,INF209KA13Z9,nav_119551_20260625.csv,107.6357,-0.0487999999999999,-0.0453381173718384
119551,2024-10-23,107.6336,Aditya Birla Sun Life Banking & PSU Debt Fund - DIRECT - IDCW,Aditya Birla Sun Life Mutual Fund,Open Ended Schemes,Debt Scheme - Banking and PSU Fund,INF209KA12Z1,INF209KA13Z9,nav_119551_20260625.csv,107.5869,0.0467000000000012,0.0434067716422736
119551,2024-10-24,107.674,Aditya Birla Sun Life Banking & PSU Debt Fund - DIRECT - IDCW,Aditya Birla Sun Life Mutual Fund,Open Ended Schemes,Debt Scheme - Banking and PSU Fund,INF209KA12Z1,INF209KA13Z9,nav_119551_20260625.csv,107.6336,0.0404000000000053,0.0375347475137924
119551,2024-10-25,107.6909,Aditya Birla Sun Life Banking & PSU Debt Fund - DIRECT - IDCW,Aditya Birla Sun Life Mutual Fund,Open Ended Schemes,Debt Scheme - Banking and PSU Fund,INF209KA12Z1,INF209KA13Z9,nav_119551_20260625.csv,107.674,0.0168999999999925,0.0156955253821652
119551,2024-10-28,107.6861,Aditya Birla Sun Life Banking & PSU Debt Fund - DIRECT - IDCW,Aditya Birla Sun Life Mutual Fund,Open Ended Schemes,Debt Scheme - Banking and PSU Fund,INF209KA12Z1,INF209KA13Z9,nav_119551_20260625.csv,107.6909,-0.004800000000003,-0.0044572011191317
119551,2024-10-29,107.725,Aditya Birla Sun Life Banking & PSU Debt Fund - DIRECT - IDCW,Aditya Birla Sun Life Mutual Fund,Open Ended Schemes,Debt Scheme - Banking and PSU Fund,INF209KA12Z1,INF209KA13Z9,nav_119551_20260625.csv,107.6861,0.0388999999999981,0.0361235108338013
119551,2024-10-30,107.7881,Aditya Birla Sun Life Banking & PSU Debt Fund - DIRECT - IDCW,Aditya Birla Sun Life Mutual Fund,Open Ended Schemes,Debt Scheme - Banking and PSU Fund,INF209KA12Z1,INF209KA13Z9,nav_119551_20260625.csv,107.725,0.0631000000000057,0.0585750754235374
119551,2024-10-31,107.8015,Aditya Birla Sun Life Banking & PSU Debt Fund - DIRECT - IDCW,Aditya Birla Sun Life Mutual Fund,Open Ended Schemes,Debt Scheme - Banking and PSU Fund,INF209KA12Z1,INF209KA13Z9,nav_119551_20260625.csv,107.7881,0.0134000000000042,0.0124317990575994
119551,2024-11-04,107.8739,Aditya Birla Sun Life Banking & PSU Debt Fund - DIRECT - IDCW,Aditya Birla Sun Life Mutual Fund,Open Ended Schemes,Debt Scheme - Banking and PSU Fund,INF209KA12Z1,INF209KA13Z9,nav_119551_20260625.csv,107.8015,0.0724000000000018,0.0671604755035892
119551,2024-11-05,107.8874,Aditya Birla Sun Life Banking & PSU Debt Fund - DIRECT - IDCW,Aditya Birla Sun Life Mutual Fund,Open Ended Schemes,Debt Scheme - Banking and PSU Fund,INF209KA12Z1,INF209KA13Z9,nav_119551_20260625.csv,107.8739,0.0134999999999934,0.0125146119682271
119551,2024-11-06,107.8879,Aditya Birla Sun Life Banking & PSU Debt Fund - DIRECT - IDCW,Aditya Birla Sun Life Mutual Fund,Open Ended Schemes,Debt Scheme - Banking and PSU Fund,INF209KA12Z1,INF209KA13Z9,nav_119551_20260625.csv,107.8874,0.0005000000000023,0.0004634461484866
119551,2024-11-07,107.9237,Aditya Birla Sun Life Banking & PSU Debt Fund - DIRECT - IDCW,Aditya Birla Sun Life Mutual Fund,Open Ended Schemes,Debt Scheme - Banking and PSU Fund,INF209KA12Z1,INF209KA13Z9,nav_119551_20260625.csv,107.8879,0.0357999999999947,0.0331825904480435
119551,2024-11-08,107.9884,Aditya Birla Sun Life Banking & PSU Debt Fund - DIRECT - IDCW,Aditya Birla Sun Life Mutual Fund,Open Ended Schemes,Debt Scheme - Banking and PSU Fund,INF209KA12Z1,INF209KA13Z9,nav_119551_20260625.csv,107.9237,0.0647000000000019,0.0599497608032359
119551,2024-11-11,108.0457,Aditya Birla Sun Life Banking & PSU Debt Fund - DIRECT - IDCW,Aditya Birla Sun Life Mutual Fund,Open Ended Schemes,Debt Scheme - Banking and PSU Fund,INF209KA12Z1,INF209KA13Z9,nav_119551_20260625.csv,107.9884,0.0572999999999979,0.0530612547273576
119551,2024-11-12,108.0534,Aditya Birla Sun Life Banking & PSU Debt Fund - DIRECT - IDCW,Aditya Birla Sun Life Mutual Fund,Open Ended Schemes,Debt Scheme - Banking and PSU Fund,INF209KA12Z1,INF209KA13Z9,nav_119551_20260625.csv,108.0457,0.0076999999999998,0.0071266140161059
119551,2024-11-13,108.0513,Aditya Birla Sun Life Banking & PSU Debt Fund - DIRECT - IDCW,Aditya Birla Sun Life Mutual Fund,Open Ended Schemes,Debt Scheme - Banking and PSU Fund,INF209KA12Z1,INF209KA13Z9,nav_119551_20260625.csv,108.0534,-0.0020999999999986,-0.0019434834998238
119551,2024-11-14,108.0265,Aditya Birla Sun Life Banking & PSU Debt Fund - DIRECT - IDCW,Aditya Birla Sun Life Mutual Fund,Open Ended Schemes,Debt Scheme - Banking and PSU Fund,INF209KA12Z1,INF209KA13Z9,nav_119551_20260625.csv,108.0513,-0.024799999999999,-0.0229520607341133
119551,2024-11-18,108.1144,Aditya Birla Sun Life Banking & PSU Debt Fund - DIRECT - IDCW,Aditya Birla Sun Life Mutual Fund,Open Ended Schemes,Debt Scheme - Banking and PSU Fund,INF209KA12Z1,INF209KA13Z9,nav_119551_20260625.csv,108.0265,0.0879000000000047,0.0813689233660303
119551,2024-11-19,108.1459,Aditya Birla Sun Life Banking & PSU Debt Fund - DIRECT - IDCW,Aditya Birla Sun Life Mutual Fund,Open Ended Schemes,Debt Scheme - Banking and PSU Fund,INF209KA12Z1,INF209KA13Z9,nav_119551_20260625.csv,108.1144,0.031499999999994,0.0291358042961844
119551,2024-11-21,108.1547,Aditya Birla Sun Life Banking & PSU Debt Fund - DIRECT - IDCW,Aditya Birla Sun Life Mutual Fund,Open Ended Schemes,Debt Scheme - Banking and PSU Fund,INF209KA12Z1,INF209KA13Z9,nav_119551_20260625.csv,108.1459,0.0088000000000079,0.0081371554538895
119551,2024-11-22,108.1301,Aditya Birla Sun Life Banking & PSU Debt Fund - DIRECT - IDCW,Aditya Birla Sun Life Mutual Fund,Open Ended Schemes,Debt Scheme - Banking and PSU Fund,INF209KA12Z1,INF209KA13Z9,nav_119551_20260625.csv,108.1547,-0.0246000000000066,-0.0227451973885615
119551,2024-11-25,108.2199,Aditya Birla Sun Life Banking & PSU Debt Fund - DIRECT - IDCW,Aditya Birla Sun Life Mutual Fund,Open Ended Schemes,Debt Scheme - Banking and PSU Fund,INF209KA12Z1,INF209KA13Z9,nav_119551_20260625.csv,108.1301,0.0897999999999967,0.0830481059390463
119551,2024-11-26,108.234,Aditya Birla Sun Life Banking & PSU Debt Fund - DIRECT - IDCW,Aditya Birla Sun Life Mutual Fund,Open Ended Schemes,Debt Scheme - Banking and PSU Fund,INF209KA12Z1,INF209KA13Z9,nav_119551_20260625.csv,108.2199,0.0140999999999991,0.0130290270088949
119551,2024-11-27,108.2186,Aditya Birla Sun Life Banking & PSU Debt Fund - DIRECT - IDCW,Aditya Birla Sun Life Mutual Fund,Open Ended Schemes,Debt Scheme - Banking and PSU Fund,INF209KA12Z1,INF209KA13Z9,nav_119551_20260625.csv,108.234,-0.0153999999999996,-0.0142284309921093
119551,2024-11-28,108.248,Aditya Birla Sun Life Banking & PSU Debt Fund - DIRECT - IDCW,Aditya Birla Sun Life Mutual Fund,Open Ended Schemes,Debt Scheme - Banking and PSU Fund,INF209KA12Z1,INF209KA13Z9,nav_119551_20260625.csv,108.2186,0.0294000000000096,0.0271672337287764
119551,2024-11-29,108.3481,Aditya Birla Sun Life Banking & PSU Debt Fund - DIRECT - IDCW,Aditya Birla Sun Life Mutual Fund,Open Ended Schemes,Debt Scheme - Banking and PSU Fund,INF209KA12Z1,INF209KA13Z9,nav_119551_20260625.csv,108.248,0.1000999999999976,0.0924728401448503
119551,2024-12-02,108.547,Aditya Birla Sun Life Banking & PSU Debt Fund - DIRECT - IDCW,Aditya Birla Sun Life Mutual Fund,Open Ended Schemes,Debt Scheme - Banking and PSU Fund,INF209KA12Z1,INF209KA13Z9,nav_119551_20260625.csv,108.3481,0.1988999999999947,0.1835749773184714
119551,2024-12-03,108.5772,Aditya Birla Sun Life Banking & PSU Debt Fund - DIRECT - IDCW,Aditya Birla Sun Life Mutual Fund,Open Ended Schemes,Debt Scheme - Banking and PSU Fund,INF209KA12Z1,INF209KA13Z9,nav_119551_20260625.csv,108.547,0.0302000000000077,0.0278220494348142
119551,2024-12-04,108.6652,Aditya Birla Sun Life Banking & PSU Debt Fund - DIRECT - IDCW,Aditya Birla Sun Life Mutual Fund,Open Ended Schemes,Debt Scheme - Banking and PSU Fund,INF209KA12Z1,INF209KA13Z9,nav_119551_20260625.csv,108.5772,0.0879999999999938,0.0810483232207073
119551,2024-12-05,108.7127,Aditya Birla Sun Life Banking & PSU Debt Fund - DIRECT - IDCW,Aditya Birla Sun Life Mutual Fund,Open Ended Schemes,Debt Scheme - Banking and PSU Fund,INF209KA12Z1,INF209KA13Z9,nav_119551_20260625.csv,108.6652,0.0474999999999994,0.0437122464229573
119551,2024-12-06,108.6492,Aditya Birla Sun Life Banking & PSU Debt Fund - DIRECT - IDCW,Aditya Birla Sun Life Mutual Fund,Open Ended Schemes,Debt Scheme - Banking and PSU Fund,INF209KA12Z1,INF209KA13Z9,nav_119551_20260625.csv,108.7127,-0.0635000000000047,-0.05841083884404
119551,2024-12-09,108.7124,Aditya Birla Sun Life Banking & PSU Debt Fund - DIRECT - IDCW,Aditya Birla Sun Life Mutual Fund,Open Ended Schemes,Debt Scheme - Banking and PSU Fund,INF209KA12Z1,INF209KA13Z9,nav_119551_20260625.csv,108.6492,0.063200000000009,0.0581688590436091
119551,2024-12-10,108.7512,Aditya Birla Sun Life Banking & PSU Debt Fund - DIRECT - IDCW,Aditya Birla Sun Life Mutual Fund,Open Ended Schemes,Debt Scheme - Banking and PSU Fund,INF209KA12Z1,INF209KA13Z9,nav_119551_20260625.csv,108.7124,0.0387999999999948,0.0356905008076308
119551,2024-12-11,108.7714,Aditya Birla Sun Life Banking & PSU Debt Fund - DIRECT - IDCW,Aditya Birla Sun Life Mutual Fund,Open Ended Schemes,Debt Scheme - Banking and PSU Fund,INF209KA12Z1,INF209KA13Z9,nav_119551_20260625.csv,108.7512,0.0202000000000026,0.0185745076835958
119551,2024-12-12,108.76,Aditya Birla Sun Life Banking & PSU Debt Fund - DIRECT - IDCW,Aditya Birla Sun Life Mutual Fund,Open Ended Schemes,Debt Scheme - Banking and PSU Fund,INF209KA12Z1,INF209KA13Z9,nav_119551_20260625.csv,108.7714,-0.0113999999999947,-0.0104806962124186
119551,2024-12-13,108.7654,Aditya Birla Sun Life Banking & PSU Debt Fund - DIRECT - IDCW,Aditya Birla Sun Life Mutual Fund,Open Ended Schemes,Debt Scheme - Banking and PSU Fund,INF209KA12Z1,INF209KA13Z9,nav_119551_20260625.csv,108.76,0.0053999999999945,0.0049650606840699
119551,2024-12-16,108.8176,Aditya Birla Sun Life Banking & PSU Debt Fund - DIRECT - IDCW,Aditya Birla Sun Life Mutual Fund,Open Ended Schemes,Debt Scheme - Banking and PSU Fund,INF209KA12Z1,INF209KA13Z9,nav_119551_20260625.csv,108.7654,0.0521999999999991,0.0479932037210354
119551,2024-12-17,102.2788,Aditya Birla Sun Life Banking & PSU Debt Fund - DIRECT - IDCW,Aditya Birla Sun Life Mutual Fund,Open Ended Schemes,Debt Scheme - Banking and PSU Fund,INF209KA12Z1,INF209KA13Z9,nav_119551_20260625.csv,108.8176,-6.538799999999995,-6.00895443384158
119551,2024-12-18,102.3051,Aditya Birla Sun Life Banking & PSU Debt Fund - DIRECT - IDCW,Aditya Birla Sun Life Mutual Fund,Open Ended Schemes,Debt Scheme - Banking and PSU Fund,INF209KA12Z1,INF209KA13Z9,nav_119551_20260625.csv,102.2788,0.0262999999999919,0.0257140287136649
119551,2024-12-19,102.2319,Aditya Birla Sun Life Banking & PSU Debt Fund - DIRECT - IDCW,Aditya Birla Sun Life Mutual Fund,Open Ended Schemes,Debt Scheme - Banking and PSU Fund,INF209KA12Z1,INF209KA13Z9,nav_119551_20260625.csv,102.3051,-0.0731999999999999,-0.0715506851564584
119551,2024-12-20,102.2299,Aditya Birla Sun Life Banking & PSU Debt Fund - DIRECT - IDCW,Aditya Birla Sun Life Mutual Fund,Open Ended Schemes,Debt Scheme - Banking and PSU Fund,INF209KA12Z1,INF209KA13Z9,nav_119551_20260625.csv,102.2319,-0.0019999999999953,-0.0019563365250918
119551,2024-12-23,102.2971,Aditya Birla Sun Life Banking & PSU Debt Fund - DIRECT - IDCW,Aditya Birla Sun Life Mutual Fund,Open Ended Schemes,Debt Scheme - Banking and PSU Fund,INF209KA12Z1,INF209KA13Z9,nav_119551_20260625.csv,102.2299,0.0671999999999997,0.0657341932252694
119551,2024-12-24,102.276,Aditya Birla Sun Life Banking & PSU Debt Fund - DIRECT - IDCW,Aditya Birla Sun Life Mutual Fund,Open Ended Schemes,Debt Scheme - Banking and PSU Fund,INF209KA12Z1,INF209KA13Z9,nav_119551_20260625.csv,102.2971,-0.0211000000000041,-0.0206261956595095
119551,2024-12-26,102.3057,Aditya Birla Sun Life Banking & PSU Debt Fund - DIRECT - IDCW,Aditya Birla Sun Life Mutual Fund,Open Ended Schemes,Debt Scheme - Banking and PSU Fund,INF209KA12Z1,INF209KA13Z9,nav_119551_20260625.csv,102.276,0.0297000000000053,0.0290390707497412
119551,2024-12-27,102.3377,Aditya Birla Sun Life Banking & PSU Debt Fund - DIRECT - IDCW,Aditya Birla Sun Life Mutual Fund,Open Ended Schemes,Debt Scheme - Banking and PSU Fund,INF209KA12Z1,INF209KA13Z9,nav_119551_20260625.csv,102.3057,0.0319999999999964,0.0312788046022816
119551,2024-12-30,102.3935,Aditya Birla Sun Life Banking & PSU Debt Fund - DIRECT - IDCW,Aditya Birla Sun Life Mutual Fund,Open Ended Schemes,Debt Scheme - Banking and PSU Fund,INF209KA12Z1,INF209KA13Z9,nav_119551_20260625.csv,102.3377,0.0558000000000049,0.0545253606442249
119551,2024-12-31,102.4261,Aditya Birla Sun Life Banking & PSU Debt Fund - DIRECT - IDCW,Aditya Birla Sun Life Mutual Fund,Open Ended Schemes,Debt Scheme - Banking and PSU Fund,INF209KA12Z1,INF209KA13Z9,nav_119551_20260625.csv,102.3935,0.0326000000000021,0.0318379584641624
119551,2025-01-01,102.4373,Aditya Birla Sun Life Banking & PSU Debt Fund - DIRECT - IDCW,Aditya Birla Sun Life Mutual Fund,Open Ended Schemes,Debt Scheme - Banking and PSU Fund,INF209KA12Z1,INF209KA13Z9,nav_119551_20260625.csv,102.4261,0.0111999999999881,0.010934712929603
119551,2025-01-02,102.4411,Aditya Birla Sun Life Banking & PSU Debt Fund - DIRECT - IDCW,Aditya Birla Sun Life Mutual Fund,Open Ended Schemes,Debt Scheme - Banking and PSU Fund,INF209KA12Z1,INF209KA13Z9,nav_119551_20260625.csv,102.4373,0.0038000000000124,0.0037095862542379
119551,2025-01-03,102.4734,Aditya Birla Sun Life Banking & PSU Debt Fund - DIRECT - IDCW,Aditya Birla Sun Life Mutual Fund,Open Ended Schemes,Debt Scheme - Banking and PSU Fund,INF209KA12Z1,INF209KA13Z9,nav_119551_20260625.csv,102.4411,0.0322999999999922,0.0315303135167352
119551,2025-01-06,102.5428,Aditya Birla Sun Life Banking & PSU Debt Fund - DIRECT - IDCW,Aditya Birla Sun Life Mutual Fund,Open Ended Schemes,Debt Scheme - Banking and PSU Fund,INF209KA12Z1,INF209KA13Z9,nav_119551_20260625.csv,102.4734,0.0694000000000016,0.0677248925086917
119551,2025-01-07,102.5942,Aditya Birla Sun Life Banking & PSU Debt Fund - DIRECT - IDCW,Aditya Birla Sun Life Mutual Fund,Open Ended Schemes,Debt Scheme - Banking and PSU Fund,INF209KA12Z1,INF209KA13Z9,nav_119551_20260625.csv,102.5428,0.051400000000001,0.0501254110478756
119551,2025-01-08,102.5842,Aditya Birla Sun Life Banking & PSU Debt Fund - DIRECT - IDCW,Aditya Birla Sun Life Mutual Fund,Open Ended Schemes,Debt Scheme - Banking and PSU Fund,INF209KA12Z1,INF209KA13Z9,nav_119551_20260625.csv,102.5942,-0.0100000000000051,-0.0097471397018594
119551,2025-01-09,102.5669,Aditya Birla Sun Life Banking & PSU Debt Fund - DIRECT - IDCW,Aditya Birla Sun Life Mutual Fund,Open Ended Schemes,Debt Scheme - Banking and PSU Fund,INF209KA12Z1,INF209KA13Z9,nav_119551_20260625.csv,102.5842,-0.0172999999999916,-0.0168641954608913
119551,2025-01-10,102.5788,Aditya Birla Sun Life Banking & PSU Debt Fund - DIRECT - IDCW,Aditya Birla Sun Life Mutual Fund,Open Ended Schemes,Debt Scheme - Banking and PSU Fund,INF209KA12Z1,INF209KA13Z9,nav_119551_20260625.csv,102.5669,0.0118999999999971,0.0116021835504408
119551,2025-01-13,102.479,Aditya Birla Sun Life Banking & PSU Debt Fund - DIRECT - IDCW,Aditya Birla Sun Life Mutual Fund,Open Ended Schemes,Debt Scheme - Banking and PSU Fund,INF209KA12Z1,INF209KA13Z9,nav_119551_20260625.csv,102.5788,-0.0998000000000018,-0.097291058191363
119551,2025-01-14,102.5067,Aditya Birla Sun Life Banking & PSU Debt Fund - DIRECT - IDCW,Aditya Birla Sun Life Mutual Fund,Open Ended Schemes,Debt Scheme - Banking and PSU Fund,INF209KA12Z1,INF209KA13Z9,nav_119551_20260625.csv,102.479,0.0276999999999958,0.0270299280828226
119551,2025-01-15,102.5547,Aditya Birla Sun Life Banking & PSU Debt Fund - DIRECT - IDCW,Aditya Birla Sun Life Mutual Fund,Open Ended Schemes,Debt Scheme - Banking and PSU Fund,INF209KA12Z1,INF209KA13Z9,nav_119551_20260625.csv,102.5067,0.0480000000000018,0.0468262074576606
119551,2025-01-16,102.6846,Aditya Birla Sun Life Banking & PSU Debt Fund - DIRECT - IDCW,Aditya Birla Sun Life Mutual Fund,Open Ended Schemes,Debt Scheme - Banking and PSU Fund,INF209KA12Z1,INF209KA13Z9,nav_119551_20260625.csv,102.5547,0.1299000000000063,0.1266641119324676
119551,2025-01-17,102.6971,Aditya Birla Sun Life Banking & PSU Debt Fund - DIRECT - IDCW,Aditya Birla Sun Life Mutual Fund,Open Ended Schemes,Debt Scheme - Banking and PSU Fund,INF209KA12Z1,INF209KA13Z9,nav_119551_20260625.csv,102.6846,0.0125000000000028,0.0121731983179589
119551,2025-01-20,102.7722,Aditya Birla Sun Life Banking & PSU Debt Fund - DIRECT - IDCW,Aditya Birla Sun Life Mutual Fund,Open Ended Schemes,Debt Scheme - Banking and PSU Fund,INF209KA12Z1,INF209KA13Z9,nav_119551_20260625.csv,102.6971,0.0750999999999919,0.0731276735175501
119551,2025-01-21,102.833,Aditya Birla Sun Life Banking & PSU Debt Fund - DIRECT - IDCW,Aditya Birla Sun Life Mutual Fund,Open Ended Schemes,Debt Scheme - Banking and PSU Fund,INF209KA12Z1,INF209KA13Z9,nav_119551_20260625.csv,102.7722,0.0608000000000004,0.0591599673841762
119551,2025-01-22,102.882,Aditya Birla Sun Life Banking & PSU Debt Fund - DIRECT - IDCW,Aditya Birla Sun Life Mutual Fund,Open Ended Schemes,Debt Scheme - Banking and PSU Fund,INF209KA12Z1,INF209KA13Z9,nav_119551_20260625.csv,102.833,0.0490000000000065,0.0476500734200174
119551,2025-01-23,102.8828,Aditya Birla Sun Life Banking & PSU Debt Fund - DIRECT - IDCW,Aditya Birla Sun Life Mutual Fund,Open Ended Schemes,Debt Scheme - Banking and PSU Fund,INF209KA12Z1,INF209KA13Z9,nav_119551_20260625.csv,102.882,0.0007999999999981,0.0007775898602264
119551,2025-01-24,102.9,Aditya Birla Sun Life Banking & PSU Debt Fund - DIRECT - IDCW,Aditya Birla Sun Life Mutual Fund,Open Ended Schemes,Debt Scheme - Banking and PSU Fund,INF209KA12Z1,INF209KA13Z9,nav_119551_20260625.csv,102.8828,0.0172000000000025,0.0167180519970321
119551,2025-01-27,103.0191,Aditya Birla Sun Life Banking & PSU Debt Fund - DIRECT - IDCW,Aditya Birla Sun Life Mutual Fund,Open Ended Schemes,Debt Scheme - Banking and PSU Fund,INF209KA12Z1,INF209KA13Z9,nav_119551_20260625.csv,102.9,0.1190999999999888,0.1157434402332253
119551,2025-01-28,103.0551,Aditya Birla Sun Life Banking & PSU Debt Fund - DIRECT - IDCW,Aditya Birla Sun Life Mutual Fund,Open Ended Schemes,Debt Scheme - Banking and PSU Fund,INF209KA12Z1,INF209KA13Z9,nav_119551_20260625.csv,103.0191,0.0360000000000013,0.034944976222857
119551,2025-01-29,103.0631,Aditya Birla Sun Life Banking & PSU Debt Fund - DIRECT - IDCW,Aditya Birla Sun Life Mutual Fund,Open Ended Schemes,Debt Scheme - Banking and PSU Fund,INF209KA12Z1,INF209KA13Z9,nav_119551_20260625.csv,103.0551,0.0080000000000097,0.0077628375500191
119551,2025-01-30,103.0995,Aditya Birla Sun Life Banking & PSU Debt Fund - DIRECT - IDCW,Aditya Birla Sun Life Mutual Fund,Open Ended Schemes,Debt Scheme - Banking and PSU Fund,INF209KA12Z1,INF209KA13Z9,nav_119551_20260625.csv,103.0631,0.0364000000000004,0.0353181691604467
119551,2025-01-31,103.1194,Aditya Birla Sun Life Banking & PSU Debt Fund - DIRECT - IDCW,Aditya Birla Sun Life Mutual Fund,Open Ended Schemes,Debt Scheme - Banking and PSU Fund,INF209KA12Z1,INF209KA13Z9,nav_119551_20260625.csv,103.0995,0.0198999999999927,0.0193017424914696
119551,2025-02-03,103.2079,Aditya Birla Sun Life Banking & PSU Debt Fund - DIRECT - IDCW,Aditya Birla Sun Life Mutual Fund,Open Ended Schemes,Debt Scheme - Banking and PSU Fund,INF209KA12Z1,INF209KA13Z9,nav_119551_20260625.csv,103.1194,0.0884999999999962,0.085822842258582
119551,2025-02-04,103.2096,Aditya Birla Sun Life Banking & PSU Debt Fund - DIRECT - IDCW,Aditya Birla Sun Life Mutual Fund,Open Ended Schemes,Debt Scheme - Banking and PSU Fund,INF209KA12Z1,INF209KA13Z9,nav_119551_20260625.csv,103.2079,0.0016999999999995,0.0016471607309126
119551,2025-02-05,103.2887,Aditya Birla Sun Life Banking & PSU Debt Fund - DIRECT - IDCW,Aditya Birla Sun Life Mutual Fund,Open Ended Schemes,Debt Scheme - Banking and PSU Fund,INF209KA12Z1,INF209KA13Z9,nav_119551_20260625.csv,103.2096,0.079100000000011,0.0766401575047389
119551,2025-02-06,103.3557,Aditya Birla Sun Life Banking & PSU Debt Fund - DIRECT - IDCW,Aditya Birla Sun Life Mutual Fund,Open Ended Schemes,Debt Scheme - Banking and PSU Fund,INF209KA12Z1,INF209KA13Z9,nav_119551_20260625.csv,103.2887,0.066999999999993,0.0648667279189234
119551,2025-02-07,103.2983,Aditya Birla Sun Life Banking & PSU Debt Fund - DIRECT - IDCW,Aditya Birla Sun Life Mutual Fund,Open Ended Schemes,Debt Scheme - Banking and PSU Fund,INF209KA12Z1,INF209KA13Z9,nav_119551_20260625.csv,103.3557,-0.0574000000000012,-0.0555363661607451
119551,2025-02-10,103.3119,Aditya Birla Sun Life Banking & PSU Debt Fund - DIRECT - IDCW,Aditya Birla Sun Life Mutual Fund,Open Ended Schemes,Debt Scheme - Banking and PSU Fund,INF209KA12Z1,INF209KA13Z9,nav_119551_20260625.csv,103.2983,0.0135999999999967,0.0131657539378641
119551,2025-02-11,103.3491,Aditya Birla Sun Life Banking & PSU Debt Fund - DIRECT - IDCW,Aditya Birla Sun Life Mutual Fund,Open Ended Schemes,Debt Scheme - Banking and PSU Fund,INF209KA12Z1,INF209KA13Z9,nav_119551_20260625.csv,103.3119,0.0372000000000127,0.0360074686459282
119551,2025-02-12,103.3327,Aditya Birla Sun Life Banking & PSU Debt Fund - DIRECT - IDCW,Aditya Birla Sun Life Mutual Fund,Open Ended Schemes,Debt Scheme - Banking and PSU Fund,INF209KA12Z1,INF209KA13Z9,nav_119551_20260625.csv,103.3491,-0.0164000000000044,-0.0158685465088756
119551,2025-02-13,103.3413,Aditya Birla Sun Life Banking & PSU Debt Fund - DIRECT - IDCW,Aditya Birla Sun Life Mutual Fund,Open Ended Schemes,Debt Scheme - Banking and PSU Fund,INF209KA12Z1,INF209KA13Z9,nav_119551_20260625.csv,103.3327,0.0086000000000012,0.0083226316548404
119551,2025-02-14,103.3587,Aditya Birla Sun Life Banking & PSU Debt Fund - DIRECT - IDCW,Aditya Birla Sun Life Mutual Fund,Open Ended Schemes,Debt Scheme - Banking and PSU Fund,INF209KA12Z1,INF209KA13Z9,nav_119551_20260625.csv,103.3413,0.0173999999999949,0.0168374115672968
119551,2025-02-17,103.4024,Aditya Birla Sun Life Banking & PSU Debt Fund - DIRECT - IDCW,Aditya Birla Sun Life Mutual Fund,Open Ended Schemes,Debt Scheme - Banking and PSU Fund,INF209KA12Z1,INF209KA13Z9,nav_119551_20260625.csv,103.3587,0.0437000000000011,0.0422799435364426
119551,2025-02-18,103.428,Aditya Birla Sun Life Banking & PSU Debt Fund - DIRECT - IDCW,Aditya Birla Sun Life Mutual Fund,Open Ended Schemes,Debt Scheme - Banking and PSU Fund,INF209KA12Z1,INF209KA13Z9,nav_119551_20260625.csv,103.4024,0.0255999999999971,0.0247576458573468
119551,2025-02-20,103.4473,Aditya Birla Sun Life Banking & PSU Debt Fund - DIRECT - IDCW,Aditya Birla Sun Life Mutual Fund,Open Ended Schemes,Debt Scheme - Banking and PSU Fund,INF209KA12Z1,INF209KA13Z9,nav_119551_20260625.csv,103.428,0.0193000000000012,0.0186603240901895
119551,2025-02-21,103.4606,Aditya Birla Sun Life Banking & PSU Debt Fund - DIRECT - IDCW,Aditya Birla Sun Life Mutual Fund,Open Ended Schemes,Debt Scheme - Banking and PSU Fund,INF209KA12Z1,INF209KA13Z9,nav_119551_20260625.csv,103.4473,0.0133000000000009,0.0128567879490339
119551,2025-02-24,103.523,Aditya Birla Sun Life Banking & PSU Debt Fund - DIRECT - IDCW,Aditya Birla Sun Life Mutual Fund,Open Ended Schemes,Debt Scheme - Banking and PSU Fund,INF209KA12Z1,INF209KA13Z9,nav_119551_20260625.csv,103.4606,0.0623999999999966,0.0603128147333348
119551,2025-02-25,103.5311,Aditya Birla Sun Life Banking & PSU Debt Fund - DIRECT - IDCW,Aditya Birla Sun Life Mutual Fund,Open Ended Schemes,Debt Scheme - Banking and PSU Fund,INF209KA12Z1,INF209KA13Z9,nav_119551_20260625.csv,103.523,0.0080999999999988,0.0078243482124734
119551,2025-02-27,103.475,Aditya Birla Sun Life Banking & PSU Debt Fund - DIRECT - IDCW,Aditya Birla Sun Life Mutual Fund,Open Ended Schemes,Debt Scheme - Banking and PSU Fund,INF209KA12Z1,INF209KA13Z9,nav_119551_20260625.csv,103.5311,-0.0561000000000007,-0.0541866163886993
119551,2025-02-28,103.4542,Aditya Birla Sun Life Banking & PSU Debt Fund - DIRECT - IDCW,Aditya Birla Sun Life Mutual Fund,Open Ended Schemes,Debt Scheme - Banking and PSU Fund,INF209KA12Z1,INF209KA13Z9,nav_119551_20260625.csv,103.475,-0.0207999999999941,-0.0201014737859329
119551,2025-03-03,103.4915,Aditya Birla Sun Life Banking & PSU Debt Fund - DIRECT - IDCW,Aditya Birla Sun Life Mutual Fund,Open Ended Schemes,Debt Scheme - Banking and PSU Fund,INF209KA12Z1,INF209KA13Z9,nav_119551_20260625.csv,103.4542,0.0373000000000018,0.0360546019397974
119551,2025-03-04,103.4961,Aditya Birla Sun Life Banking & PSU Debt Fund - DIRECT - IDCW,Aditya Birla Sun Life Mutual Fund,Open Ended Schemes,Debt Scheme - Banking and PSU Fund,INF209KA12Z1,INF209KA13Z9,nav_119551_20260625.csv,103.4915,0.0045999999999963,0.0044448094771033
119551,2025-03-05,103.5156,Aditya Birla Sun Life Banking & PSU Debt Fund - DIRECT - IDCW,Aditya Birla Sun Life Mutual Fund,Open Ended Schemes,Debt Scheme - Banking and PSU Fund,INF209KA12Z1,INF209KA13Z9,nav_119551_20260625.csv,103.4961,0.0195000000000078,0.0188412896717923
119551,2025-03-06,103.577,Aditya Birla Sun Life Banking & PSU Debt Fund - DIRECT - IDCW,Aditya Birla Sun Life Mutual Fund,Open Ended Schemes,Debt Scheme - Banking and PSU Fund,INF209KA12Z1,INF209KA13Z9,nav_119551_20260625.csv,103.5156,0.0613999999999919,0.0593147313061914
119551,2025-03-07,103.5932,Aditya Birla Sun Life Banking & PSU Debt Fund - DIRECT - IDCW,Aditya Birla Sun Life Mutual Fund,Open Ended Schemes,Debt Scheme - Banking and PSU Fund,INF209KA12Z1,INF209KA13Z9,nav_119551_20260625.csv,103.577,0.0161999999999977,0.0156405379572663
119551,2025-03-10,103.6318,Aditya Birla Sun Life Banking & PSU Debt Fund - DIRECT - IDCW,Aditya Birla Sun Life Mutual Fund,Open Ended Schemes,Debt Scheme - Banking and PSU Fund,INF209KA12Z1,INF209KA13Z9,nav_119551_20260625.csv,103.5932,0.0386000000000024,0.03726113297012
119551,2025-03-11,103.6633,Aditya Birla Sun Life Banking & PSU Debt Fund - DIRECT - IDCW,Aditya Birla Sun Life Mutual Fund,Open Ended Schemes,Debt Scheme - Banking and PSU Fund,INF209KA12Z1,INF209KA13Z9,nav_119551_20260625.csv,103.6318,0.0315000000000083,0.030396075335957
119551,2025-03-12,103.6937,Aditya Birla Sun Life Banking & PSU Debt Fund - DIRECT - IDCW,Aditya Birla Sun Life Mutual Fund,Open Ended Schemes,Debt Scheme - Banking and PSU Fund,INF209KA12Z1,INF209KA13Z9,nav_119551_20260625.csv,103.6633,0.0304000000000002,0.0293257112208469
119551,2025-03-13,103.7314,Aditya Birla Sun Life Banking & PSU Debt Fund - DIRECT - IDCW,Aditya Birla Sun Life Mutual Fund,Open Ended Schemes,Debt Scheme - Banking and PSU Fund,INF209KA12Z1,INF209KA13Z9,nav_119551_20260625.csv,103.6937,0.0376999999999867,0.0363570785881753
119551,2025-03-17,103.8183,Aditya Birla Sun Life Banking & PSU Debt Fund - DIRECT - IDCW,Aditya Birla Sun Life Mutual Fund,Open Ended Schemes,Debt Scheme - Banking and PSU Fund,INF209KA12Z1,INF209KA13Z9,nav_119551_20260625.csv,103.7314,0.0868999999999999,0.0837740549149052
119551,2025-03-18,103.8685,Aditya Birla Sun Life Banking & PSU Debt Fund - DIRECT - IDCW,Aditya Birla Sun Life Mutual Fund,Open Ended Schemes,Debt Scheme - Banking and PSU Fund,INF209KA12Z1,INF209KA13Z9,nav_119551_20260625.csv,103.8183,0.0502000000000038,0.0483537102803684
119551,2025-03-19,103.9843,Aditya Birla Sun Life Banking & PSU Debt Fund - DIRECT - IDCW,Aditya Birla Sun Life Mutual Fund,Open Ended Schemes,Debt Scheme - Banking and PSU Fund,INF209KA12Z1,INF209KA13Z9,nav_119551_20260625.csv,103.8685,0.1158000000000072,0.1114871207343971
119551,2025-03-20,104.0851,Aditya Birla Sun Life Banking & PSU Debt Fund - DIRECT - IDCW,Aditya Birla Sun Life Mutual Fund,Open Ended Schemes,Debt Scheme - Banking and PSU Fund,INF209KA12Z1,INF209KA13Z9,nav_119551_20260625.csv,103.9843,0.1007999999999924,0.0969377107890253
119551,2025-03-21,104.1787,Aditya Birla Sun Life Banking & PSU Debt Fund - DIRECT - IDCW,Aditya Birla Sun Life Mutual Fund,Open Ended Schemes,Debt Scheme - Banking and PSU Fund,INF209KA12Z1,INF209KA13Z9,nav_119551_20260625.csv,104.0851,0.0936000000000092,0.0899264159807784
119551,2025-03-24,104.2711,Aditya Birla Sun Life Banking & PSU Debt Fund - DIRECT - IDCW,Aditya Birla Sun Life Mutual Fund,Open Ended Schemes,Debt Scheme - Banking and PSU Fund,INF209KA12Z1,INF209KA13Z9,nav_119551_20260625.csv,104.1787,0.0923999999999978,0.0886937540975245
119551,2025-03-25,104.3152,Aditya Birla Sun Life Banking & PSU Debt Fund - DIRECT - IDCW,Aditya Birla Sun Life Mutual Fund,Open Ended Schemes,Debt Scheme - Banking and PSU Fund,INF209KA12Z1,INF209KA13Z9,nav_119551_20260625.csv,104.2711,0.0441000000000002,0.0422935981302587
119551,2025-03-26,104.4275,Aditya Birla Sun Life Banking & PSU Debt Fund - DIRECT - IDCW,Aditya Birla Sun Life Mutual Fund,Open Ended Schemes,Debt Scheme - Banking and PSU Fund,INF209KA12Z1,INF209KA13Z9,nav_119551_20260625.csv,104.3152,0.1122999999999905,0.1076544933048975
119551,2025-03-27,104.5887,Aditya Birla Sun Life Banking & PSU Debt Fund - DIRECT - IDCW,Aditya Birla Sun Life Mutual Fund,Open Ended Schemes,Debt Scheme - Banking and PSU Fund,INF209KA12Z1,INF209KA13Z9,nav_119551_20260625.csv,104.4275,0.161200000000008,0.1543654688659673
119551,2025-03-28,104.798,Aditya Birla Sun Life Banking & PSU Debt Fund - DIRECT - IDCW,Aditya Birla Sun Life Mutual Fund,Open Ended Schemes,Debt Scheme - Banking and PSU Fund,INF209KA12Z1,INF209KA13Z9,nav_119551_20260625.csv,104.5887,0.2092999999999989,0.2001172210764632
119551,2025-03-31,104.8517,Aditya Birla Sun Life Banking & PSU Debt Fund - DIRECT - IDCW,Aditya Birla Sun Life Mutual Fund,Open Ended Schemes,Debt Scheme - Banking and PSU Fund,INF209KA12Z1,INF209KA13Z9,nav_119551_20260625.csv,104.798,0.053699999999992,0.0512414359052578
119551,2025-04-02,105.2693,Aditya Birla Sun Life Banking & PSU Debt Fund - DIRECT - IDCW,Aditya Birla Sun Life Mutual Fund,Open Ended Schemes,Debt Scheme - Banking and PSU Fund,INF209KA12Z1,INF209KA13Z9,nav_119551_20260625.csv,104.8517,0.4176000000000073,0.3982768042864419
119551,2025-04-03,105.407,Aditya Birla Sun Life Banking & PSU Debt Fund - DIRECT - IDCW,Aditya Birla Sun Life Mutual Fund,Open Ended Schemes,Debt Scheme - Banking and PSU Fund,INF209KA12Z1,INF209KA13Z9,nav_119551_20260625.csv,105.2693,0.1376999999999952,0.1308073673901083
119551,2025-04-04,105.4731,Aditya Birla Sun Life Banking & PSU Debt Fund - DIRECT - IDCW,Aditya Birla Sun Life Mutual Fund,Open Ended Schemes,Debt Scheme - Banking and PSU Fund,INF209KA12Z1,INF209KA13Z9,nav_119551_20260625.csv,105.407,0.0661000000000058,0.0627093077309911
119551,2025-04-07,105.4895,Aditya Birla Sun Life Banking & PSU Debt Fund - DIRECT - IDCW,Aditya Birla Sun Life Mutual Fund,Open Ended Schemes,Debt Scheme - Banking and PSU Fund,INF209KA12Z1,INF209KA13Z9,nav_119551_20260625.csv,105.4731,0.0164000000000044,0.0155489883202488
119551,2025-04-08,105.4798,Aditya Birla Sun Life Banking & PSU Debt Fund - DIRECT - IDCW,Aditya Birla Sun Life Mutual Fund,Open Ended Schemes,Debt Scheme - Banking and PSU Fund,INF209KA12Z1,INF209KA13Z9,nav_119551_20260625.csv,105.4895,-0.0097000000000093,-0.0091952279610855
119551,2025-04-09,105.595,Aditya Birla Sun Life Banking & PSU Debt Fund - DIRECT - IDCW,Aditya Birla Sun Life Mutual Fund,Open Ended Schemes,Debt Scheme - Banking and PSU Fund,INF209KA12Z1,INF209KA13Z9,nav_119551_20260625.csv,105.4798,0.1152000000000015,0.1092152241471841
119551,2025-04-11,105.7166,Aditya Birla Sun Life Banking & PSU Debt Fund - DIRECT - IDCW,Aditya Birla Sun Life Mutual Fund,Open Ended Schemes,Debt Scheme - Banking and PSU Fund,INF209KA12Z1,INF209KA13Z9,nav_119551_20260625.csv,105.595,0.1216000000000008,0.1151569676594543
119551,2025-04-15,105.8256,Aditya Birla Sun Life Banking & PSU Debt Fund - DIRECT - IDCW,Aditya Birla Sun Life Mutual Fund,Open Ended Schemes,Debt Scheme - Banking and PSU Fund,INF209KA12Z1,INF209KA13Z9,nav_119551_20260625.csv,105.7166,0.1089999999999946,0.1031058509259611
119551,2025-04-16,105.9138,Aditya Birla Sun Life Banking & PSU Debt Fund - DIRECT - IDCW,Aditya Birla Sun Life Mutual Fund,Open Ended Schemes,Debt Scheme - Banking and PSU Fund,INF209KA12Z1,INF209KA13Z9,nav_119551_20260625.csv,105.8256,0.0882000000000005,0.0833446727445915
119551,2025-04-17,106.0393,Aditya Birla Sun Life Banking & PSU Debt Fund - DIRECT - IDCW,Aditya Birla Sun Life Mutual Fund,Open Ended Schemes,Debt Scheme - Banking and PSU Fund,INF209KA12Z1,INF209KA13Z9,nav_119551_20260625.csv,105.9138,0.1255000000000024,0.1184925854798925
119551,2025-04-21,106.1959,Aditya Birla Sun Life Banking & PSU Debt Fund - DIRECT - IDCW,Aditya Birla Sun Life Mutual Fund,Open Ended Schemes,Debt Scheme - Banking and PSU Fund,INF209KA12Z1,INF209KA13Z9,nav_119551_20260625.csv,106.0393,0.1565999999999974,0.147681095593801
119551,2025-04-22,106.2867,Aditya Birla Sun Life Banking & PSU Debt Fund - DIRECT - IDCW,Aditya Birla Sun Life Mutual Fund,Open Ended Schemes,Debt Scheme - Banking and PSU Fund,INF209KA12Z1,INF209KA13Z9,nav_119551_20260625.csv,106.1959,0.0908000000000015,0.0855023593189582
119551,2025-04-23,106.3557,Aditya Birla Sun Life Banking & PSU Debt Fund - DIRECT - IDCW,Aditya Birla Sun Life Mutual Fund,Open Ended Schemes,Debt Scheme - Banking and PSU Fund,INF209KA12Z1,INF209KA13Z9,nav_119551_20260625.csv,106.2867,0.0690000000000026,0.064918752769634
119551,2025-04-24,106.3431,Aditya Birla Sun Life Banking & PSU Debt Fund - DIRECT - IDCW,Aditya Birla Sun Life Mutual Fund,Open Ended Schemes,Debt Scheme - Banking and PSU Fund,INF209KA12Z1,INF209KA13Z9,nav_119551_20260625.csv,106.3557,-0.0125999999999919,-0.0118470378174295
119551,2025-04-25,106.2928,Aditya Birla Sun Life Banking & PSU Debt Fund - DIRECT - IDCW,Aditya Birla Sun Life Mutual Fund,Open Ended Schemes,Debt Scheme - Banking and PSU Fund,INF209KA12Z1,INF209KA13Z9,nav_119551_20260625.csv,106.3431,-0.0503000000000071,-0.0472997307770857
119551,2025-04-28,106.3422,Aditya Birla Sun Life Banking & PSU Debt Fund - DIRECT - IDCW,Aditya Birla Sun Life Mutual Fund,Open Ended Schemes,Debt Scheme - Banking and PSU Fund,INF209KA12Z1,INF209KA13Z9,nav_119551_20260625.csv,106.2928,0.0494000000000056,0.0464753962639103
119551,2025-04-29,106.4231,Aditya Birla Sun Life Banking & PSU Debt Fund - DIRECT - IDCW,Aditya Birla Sun Life Mutual Fund,Open Ended Schemes,Debt Scheme - Banking and PSU Fund,INF209KA12Z1,INF209KA13Z9,nav_119551_20260625.csv,106.3422,0.0808999999999997,0.0760751611307644
119551,2025-04-30,106.4272,Aditya Birla Sun Life Banking & PSU Debt Fund - DIRECT - IDCW,Aditya Birla Sun Life Mutual Fund,Open Ended Schemes,Debt Scheme - Banking and PSU Fund,INF209KA12Z1,INF209KA13Z9,nav_119551_20260625.csv,106.4231,0.0040999999999939,0.0038525470503997
119551,2025-05-02,106.4573,Aditya Birla Sun Life Banking & PSU Debt Fund - DIRECT - IDCW,Aditya Birla Sun Life Mutual Fund,Open Ended Schemes,Debt Scheme - Banking and PSU Fund,INF209KA12Z1,INF209KA13Z9,nav_119551_20260625.csv,106.4272,0.0301000000000044,0.0282822436369691
119551,2025-05-05,106.5451,Aditya Birla Sun Life Banking & PSU Debt Fund - DIRECT - IDCW,Aditya Birla Sun Life Mutual Fund,Open Ended Schemes,Debt Scheme - Banking and PSU Fund,INF209KA12Z1,INF209KA13Z9,nav_119551_20260625.csv,106.4573,0.0878000000000014,0.0824743817474249
119551,2025-05-06,106.5085,Aditya Birla Sun Life Banking & PSU Debt Fund - DIRECT - IDCW,Aditya Birla Sun Life Mutual Fund,Open Ended Schemes,Debt Scheme - Banking and PSU Fund,INF209KA12Z1,INF209KA13Z9,nav_119551_20260625.csv,106.5451,-0.036600000000007,-0.0343516501462827
119551,2025-05-07,106.5585,Aditya Birla Sun Life Banking & PSU Debt Fund - DIRECT - IDCW,Aditya Birla Sun Life Mutual Fund,Open Ended Schemes,Debt Scheme - Banking and PSU Fund,INF209KA12Z1,INF209KA13Z9,nav_119551_20260625.csv,106.5085,0.0499999999999971,0.0469446100545939
119551,2025-05-08,106.3466,Aditya Birla Sun Life Banking & PSU Debt Fund - DIRECT - IDCW,Aditya Birla Sun Life Mutual Fund,Open Ended Schemes,Debt Scheme - Banking and PSU Fund,INF209KA12Z1,INF209KA13Z9,nav_119551_20260625.csv,106.5585,-0.2118999999999999,-0.1988579043436234
119551,2025-05-09,106.2789,Aditya Birla Sun Life Banking & PSU Debt Fund - DIRECT - IDCW,Aditya Birla Sun Life Mutual Fund,Open Ended Schemes,Debt Scheme - Banking and PSU Fund,INF209KA12Z1,INF209KA13Z9,nav_119551_20260625.csv,106.3466,-0.067700000000002,-0.0636597690946415
119551,2025-05-13,106.6661,Aditya Birla Sun Life Banking & PSU Debt Fund - DIRECT - IDCW,Aditya Birla Sun Life Mutual Fund,Open Ended Schemes,Debt Scheme - Banking and PSU Fund,INF209KA12Z1,INF209KA13Z9,nav_119551_20260625.csv,106.2789,0.3872000000000071,0.3643244331659502
119551,2025-05-14,106.7901,Aditya Birla Sun Life Banking & PSU Debt Fund - DIRECT - IDCW,Aditya Birla Sun Life Mutual Fund,Open Ended Schemes,Debt Scheme - Banking and PSU Fund,INF209KA12Z1,INF209KA13Z9,nav_119551_20260625.csv,106.6661,0.1239999999999952,0.1162506175814014
119551,2025-05-15,106.9055,Aditya Birla Sun Life Banking & PSU Debt Fund - DIRECT - IDCW,Aditya Birla Sun Life Mutual Fund,Open Ended Schemes,Debt Scheme - Banking and PSU Fund,INF209KA12Z1,INF209KA13Z9,nav_119551_20260625.csv,106.7901,0.1154000000000081,0.1080624514819334
119551,2025-05-16,107.0688,Aditya Birla Sun Life Banking & PSU Debt Fund - DIRECT - IDCW,Aditya Birla Sun Life Mutual Fund,Open Ended Schemes,Debt Scheme - Banking and PSU Fund,INF209KA12Z1,INF209KA13Z9,nav_119551_20260625.csv,106.9055,0.1632999999999924,0.1527517293310376
119551,2025-05-19,107.1766,Aditya Birla Sun Life Banking & PSU Debt Fund - DIRECT - IDCW,Aditya Birla Sun Life Mutual Fund,Open Ended Schemes,Debt Scheme - Banking and PSU Fund,INF209KA12Z1,INF209KA13Z9,nav_119551_20260625.csv,107.0688,0.1077999999999974,0.1006829253713476
119551,2025-05-20,107.2867,Aditya Birla Sun Life Banking & PSU Debt Fund - DIRECT - IDCW,Aditya Birla Sun Life Mutual Fund,Open Ended Schemes,Debt Scheme - Banking and PSU Fund,INF209KA12Z1,INF209KA13Z9,nav_119551_20260625.csv,107.1766,0.1101000000000027,0.1027276476395059
119551,2025-05-21,107.4878,Aditya Birla Sun Life Banking & PSU Debt Fund - DIRECT - IDCW,Aditya Birla Sun Life Mutual Fund,Open Ended Schemes,Debt Scheme - Banking and PSU Fund,INF209KA12Z1,INF209KA13Z9,nav_119551_20260625.csv,107.2867,0.2010999999999967,0.1874416866209854
119551,2025-05-22,107.5193,Aditya Birla Sun Life Banking & PSU Debt Fund - DIRECT - IDCW,Aditya Birla Sun Life Mutual Fund,Open Ended Schemes,Debt Scheme - Banking and PSU Fund,INF209KA12Z1,INF209KA13Z9,nav_119551_20260625.csv,107.4878,0.0315000000000083,0.0293056514320772
119551,2025-05-23,107.5534,Aditya Birla Sun Life Banking & PSU Debt Fund - DIRECT - IDCW,Aditya Birla Sun Life Mutual Fund,Open Ended Schemes,Debt Scheme - Banking and PSU Fund,INF209KA12Z1,INF209KA13Z9,nav_119551_20260625.csv,107.5193,0.0340999999999951,0.0317152362413028
119551,2025-05-26,107.6218,Aditya Birla Sun Life Banking & PSU Debt Fund - DIRECT - IDCW,Aditya Birla Sun Life Mutual Fund,Open Ended Schemes,Debt Scheme - Banking and PSU Fund,INF209KA12Z1,INF209KA13Z9,nav_119551_20260625.csv,107.5534,0.0683999999999969,0.0635963158765756
119551,2025-05-27,107.6329,Aditya Birla Sun Life Banking & PSU Debt Fund - DIRECT - IDCW,Aditya Birla Sun Life Mutual Fund,Open Ended Schemes,Debt Scheme - Banking and PSU Fund,INF209KA12Z1,INF209KA13Z9,nav_119551_20260625.csv,107.6218,0.0111000000000132,0.0103138955118881
119551,2025-05-28,107.6822,Aditya Birla Sun Life Banking & PSU Debt Fund - DIRECT - IDCW,Aditya Birla Sun Life Mutual Fund,Open Ended Schemes,Debt Scheme - Banking and PSU Fund,INF209KA12Z1,INF209KA13Z9,nav_119551_20260625.csv,107.6329,0.0492999999999881,0.0458038387890581
119551,2025-05-29,107.6883,Aditya Birla Sun Life Banking & PSU Debt Fund - DIRECT - IDCW,Aditya Birla Sun Life Mutual Fund,Open Ended Schemes,Debt Scheme - Banking and PSU Fund,INF209KA12Z1,INF209KA13Z9,nav_119551_20260625.csv,107.6822,0.0061000000000035,0.0056648173978647
119551,2025-05-30,107.657,Aditya Birla Sun Life Banking & PSU Debt Fund - DIRECT - IDCW,Aditya Birla Sun Life Mutual Fund,Open Ended Schemes,Debt Scheme - Banking and PSU Fund,INF209KA12Z1,INF209KA13Z9,nav_119551_20260625.csv,107.6883,-0.0313000000000016,-0.0290653673611726
119551,2025-06-02,107.7103,Aditya Birla Sun Life Banking & PSU Debt Fund - DIRECT - IDCW,Aditya Birla Sun Life Mutual Fund,Open Ended Schemes,Debt Scheme - Banking and PSU Fund,INF209KA12Z1,INF209KA13Z9,nav_119551_20260625.csv,107.657,0.0533000000000072,0.0495090890513456
119551,2025-06-03,107.7345,Aditya Birla Sun Life Banking & PSU Debt Fund - DIRECT - IDCW,Aditya Birla Sun Life Mutual Fund,Open Ended Schemes,Debt Scheme - Banking and PSU Fund,INF209KA12Z1,INF209KA13Z9,nav_119551_20260625.csv,107.7103,0.0241999999999933,0.022467674864886
119551,2025-06-04,107.7469,Aditya Birla Sun Life Banking & PSU Debt Fund - DIRECT - IDCW,Aditya Birla Sun Life Mutual Fund,Open Ended Schemes,Debt Scheme - Banking and PSU Fund,INF209KA12Z1,INF209KA13Z9,nav_119551_20260625.csv,107.7345,0.0123999999999995,0.0115097763483373
119551,2025-06-05,107.7812,Aditya Birla Sun Life Banking & PSU Debt Fund - DIRECT - IDCW,Aditya Birla Sun Life Mutual Fund,Open Ended Schemes,Debt Scheme - Banking and PSU Fund,INF209KA12Z1,INF209KA13Z9,nav_119551_20260625.csv,107.7469,0.0343000000000017,0.0318338625055586
119551,2025-06-06,108.0092,Aditya Birla Sun Life Banking & PSU Debt Fund - DIRECT - IDCW,Aditya Birla Sun Life Mutual Fund,Open Ended Schemes,Debt Scheme - Banking and PSU Fund,INF209KA12Z1,INF209KA13Z9,nav_119551_20260625.csv,107.7812,0.2280000000000086,0.2115396748227043
119551,2025-06-09,107.886,Aditya Birla Sun Life Banking & PSU Debt Fund - DIRECT - IDCW,Aditya Birla Sun Life Mutual Fund,Open Ended Schemes,Debt Scheme - Banking and PSU Fund,INF209KA12Z1,INF209KA13Z9,nav_119551_20260625.csv,108.0092,-0.1232000000000113,-0.1140643574806695
119551,2025-06-10,107.6421,Aditya Birla Sun Life Banking & PSU Debt Fund - DIRECT - IDCW,Aditya Birla Sun Life Mutual Fund,Open Ended Schemes,Debt Scheme - Banking and PSU Fund,INF209KA12Z1,INF209KA13Z9,nav_119551_20260625.csv,107.886,-0.2438999999999964,-0.2260719648517847
119551,2025-06-11,107.5439,Aditya Birla Sun Life Banking & PSU Debt Fund - DIRECT - IDCW,Aditya Birla Sun Life Mutual Fund,Open Ended Schemes,Debt Scheme - Banking and PSU Fund,INF209KA12Z1,INF209KA13Z9,nav_119551_20260625.csv,107.6421,-0.0982000000000056,-0.0912282461973573
119551,2025-06-12,107.4825,Aditya Birla Sun Life Banking & PSU Debt Fund - DIRECT - IDCW,Aditya Birla Sun Life Mutual Fund,Open Ended Schemes,Debt Scheme - Banking and PSU Fund,INF209KA12Z1,INF209KA13Z9,nav_119551_20260625.csv,107.5439,-0.0613999999999919,-0.0570929638965965
119551,2025-06-13,107.3575,Aditya Birla Sun Life Banking & PSU Debt Fund - DIRECT - IDCW,Aditya Birla Sun Life Mutual Fund,Open Ended Schemes,Debt Scheme - Banking and PSU Fund,INF209KA12Z1,INF209KA13Z9,nav_119551_20260625.csv,107.4825,-0.125,-0.1162980020003256
119551,2025-06-16,107.4387,Aditya Birla Sun Life Banking & PSU Debt Fund - DIRECT - IDCW,Aditya Birla Sun Life Mutual Fund,Open Ended Schemes,Debt Scheme - Banking and PSU Fund,INF209KA12Z1,INF209KA13Z9,nav_119551_20260625.csv,107.3575,0.0811999999999955,0.0756351442609929
119551,2025-06-17,107.5644,Aditya Birla Sun Life Banking & PSU Debt Fund - DIRECT - IDCW,Aditya Birla Sun Life Mutual Fund,Open Ended Schemes,Debt Scheme - Banking and PSU Fund,INF209KA12Z1,INF209KA13Z9,nav_119551_20260625.csv,107.4387,0.125700000000009,0.1169969480271159
119551,2025-06-18,107.5716,Aditya Birla Sun Life Banking & PSU Debt Fund - DIRECT - IDCW,Aditya Birla Sun Life Mutual Fund,Open Ended Schemes,Debt Scheme - Banking and PSU Fund,INF209KA12Z1,INF209KA13Z9,nav_119551_20260625.csv,107.5644,0.0071999999999974,0.0066936644465989
119551,2025-06-19,107.4465,Aditya Birla Sun Life Banking & PSU Debt Fund - DIRECT - IDCW,Aditya Birla Sun Life Mutual Fund,Open Ended Schemes,Debt Scheme - Banking and PSU Fund,INF209KA12Z1,INF209KA13Z9,nav_119551_20260625.csv,107.5716,-0.1251000000000033,-0.1162946353870383
119551,2025-06-20,107.4384,Aditya Birla Sun Life Banking & PSU Debt Fund - DIRECT - IDCW,Aditya Birla Sun Life Mutual Fund,Open Ended Schemes,Debt Scheme - Banking and PSU Fund,INF209KA12Z1,INF209KA13Z9,nav_119551_20260625.csv,107.4465,-0.0080999999999988,-0.0075386355069722
119551,2025-06-23,107.4577,Aditya Birla Sun Life Banking & PSU Debt Fund - DIRECT - IDCW,Aditya Birla Sun Life Mutual Fund,Open Ended Schemes,Debt Scheme - Banking and PSU Fund,INF209KA12Z1,INF209KA13Z9,nav_119551_20260625.csv,107.4384,0.0193000000000012,0.0179637820369636
119551,2025-06-24,107.5733,Aditya Birla Sun Life Banking & PSU Debt Fund - DIRECT - IDCW,Aditya Birla Sun Life Mutual Fund,Open Ended Schemes,Debt Scheme - Banking and PSU Fund,INF209KA12Z1,INF209KA13Z9,nav_119551_20260625.csv,107.4577,0.1156000000000005,0.1075772141037827
119551,2025-06-25,107.511,Aditya Birla Sun Life Banking & PSU Debt Fund - DIRECT - IDCW,Aditya Birla Sun Life Mutual Fund,Open Ended Schemes,Debt Scheme - Banking and PSU Fund,INF209KA12Z1,INF209KA13Z9,nav_119551_20260625.csv,107.5733,-0.0623000000000075,-0.057913999105733
119551,2025-06-26,107.5011,Aditya Birla Sun Life Banking & PSU Debt Fund - DIRECT - IDCW,Aditya Birla Sun Life Mutual Fund,Open Ended Schemes,Debt Scheme - Banking and PSU Fund,INF209KA12Z1,INF209KA13Z9,nav_119551_20260625.csv,107.511,-0.0099000000000017,-0.0092083600747847
119551,2025-06-27,107.4878,Aditya Birla Sun Life Banking & PSU Debt Fund - DIRECT - IDCW,Aditya Birla Sun Life Mutual Fund,Open Ended Schemes,Debt Scheme - Banking and PSU Fund,INF209KA12Z1,INF209KA13Z9,nav_119551_20260625.csv,107.5011,-0.0133000000000009,-0.0123719664263909
119551,2025-06-30,107.5767,Aditya Birla Sun Life Banking & PSU Debt Fund - DIRECT - IDCW,Aditya Birla Sun Life Mutual Fund,Open Ended Schemes,Debt Scheme - Banking and PSU Fund,INF209KA12Z1,INF209KA13Z9,nav_119551_20260625.csv,107.4878,0.0889000000000095,0.0827070607082939
119551,2025-07-01,107.6624,Aditya Birla Sun Life Banking & PSU Debt Fund - DIRECT - IDCW,Aditya Birla Sun Life Mutual Fund,Open Ended Schemes,Debt Scheme - Banking and PSU Fund,INF209KA12Z1,INF209KA13Z9,nav_119551_20260625.csv,107.5767,0.0857000000000027,0.0796640908300801
119551,2025-07-02,107.7677,Aditya Birla Sun Life Banking & PSU Debt Fund - DIRECT - IDCW,Aditya Birla Sun Life Mutual Fund,Open Ended Schemes,Debt Scheme - Banking and PSU Fund,INF209KA12Z1,INF209KA13Z9,nav_119551_20260625.csv,107.6624,0.1052999999999997,0.0978057334779827
119551,2025-07-03,107.8552,Aditya Birla Sun Life Banking & PSU Debt Fund - DIRECT - IDCW,Aditya Birla Sun Life Mutual Fund,Open Ended Schemes,Debt Scheme - Banking and PSU Fund,INF209KA12Z1,INF209KA13Z9,nav_119551_20260625.csv,107.7677,0.0874999999999914,0.0811931589891883
119551,2025-07-04,107.8466,Aditya Birla Sun Life Banking & PSU Debt Fund - DIRECT - IDCW,Aditya Birla Sun Life Mutual Fund,Open Ended Schemes,Debt Scheme - Banking and PSU Fund,INF209KA12Z1,INF209KA13Z9,nav_119551_20260625.csv,107.8552,-0.0086000000000012,-0.0079736535651514
119551,2025-07-07,107.9243,Aditya Birla Sun Life Banking & PSU Debt Fund - DIRECT - IDCW,Aditya Birla Sun Life Mutual Fund,Open Ended Schemes,Debt Scheme - Banking and PSU Fund,INF209KA12Z1,INF209KA13Z9,nav_119551_20260625.csv,107.8466,0.0777000000000072,0.0720467775525674
119551,2025-07-08,107.9198,Aditya Birla Sun Life Banking & PSU Debt Fund - DIRECT - IDCW,Aditya Birla Sun Life Mutual Fund,Open Ended Schemes,Debt Scheme - Banking and PSU Fund,INF209KA12Z1,INF209KA13Z9,nav_119551_20260625.csv,107.9243,-0.0045000000000072,-0.004169589239872
119551,2025-07-09,107.8924,Aditya Birla Sun Life Banking & PSU Debt Fund - DIRECT - IDCW,Aditya Birla Sun Life Mutual Fund,Open Ended Schemes,Debt Scheme - Banking and PSU Fund,INF209KA12Z1,INF209KA13Z9,nav_119551_20260625.csv,107.9198,-0.0274,-0.025389224220208
119551,2025-07-10,107.8928,Aditya Birla Sun Life Banking & PSU Debt Fund - DIRECT - IDCW,Aditya Birla Sun Life Mutual Fund,Open Ended Schemes,Debt Scheme - Banking and PSU Fund,INF209KA12Z1,INF209KA13Z9,nav_119551_20260625.csv,107.8924,0.000399999999999,0.0003707397369963
119551,2025-07-11,107.9125,Aditya Birla Sun Life Banking & PSU Debt Fund - DIRECT - IDCW,Aditya Birla Sun Life Mutual Fund,Open Ended Schemes,Debt Scheme - Banking and PSU Fund,INF209KA12Z1,INF209KA13Z9,nav_119551_20260625.csv,107.8928,0.0197000000000002,0.0182588643542481
119551,2025-07-14,107.9617,Aditya Birla Sun Life Banking & PSU Debt Fund - DIRECT - IDCW,Aditya Birla Sun Life Mutual Fund,Open Ended Schemes,Debt Scheme - Banking and PSU Fund,INF209KA12Z1,INF209KA13Z9,nav_119551_20260625.csv,107.9125,0.049199999999999,0.0455924939186832
119551,2025-07-15,107.962,Aditya Birla Sun Life Banking & PSU Debt Fund - DIRECT - IDCW,Aditya Birla Sun Life Mutual Fund,Open Ended Schemes,Debt Scheme - Banking and PSU Fund,INF209KA12Z1,INF209KA13Z9,nav_119551_20260625.csv,107.9617,0.0003000000000099,0.0002778763209637
119551,2025-07-16,107.9658,Aditya Birla Sun Life Banking & PSU Debt Fund - DIRECT - IDCW,Aditya Birla Sun Life Mutual Fund,Open Ended Schemes,Debt Scheme - Banking and PSU Fund,INF209KA12Z1,INF209KA13Z9,nav_119551_20260625.csv,107.962,0.0037999999999982,0.0035197569515183
119551,2025-07-17,108.0272,Aditya Birla Sun Life Banking & PSU Debt Fund - DIRECT - IDCW,Aditya Birla Sun Life Mutual Fund,Open Ended Schemes,Debt Scheme - Banking and PSU Fund,INF209KA12Z1,INF209KA13Z9,nav_119551_20260625.csv,107.9658,0.0613999999999919,0.0568698606410473
119551,2025-07-18,108.1161,Aditya Birla Sun Life Banking & PSU Debt Fund - DIRECT - IDCW,Aditya Birla Sun Life Mutual Fund,Open Ended Schemes,Debt Scheme - Banking and PSU Fund,INF209KA12Z1,INF209KA13Z9,nav_119551_20260625.csv,108.0272,0.0889000000000095,0.0822940888961386
119551,2025-07-21,108.1729,Aditya Birla Sun Life Banking & PSU Debt Fund - DIRECT - IDCW,Aditya Birla Sun Life Mutual Fund,Open Ended Schemes,Debt Scheme - Banking and PSU Fund,INF209KA12Z1,INF209KA13Z9,nav_119551_20260625.csv,108.1161,0.0567999999999955,0.0525361162676007
119551,2025-07-22,108.1979,Aditya Birla Sun Life Banking & PSU Debt Fund - DIRECT - IDCW,Aditya Birla Sun Life Mutual Fund,Open Ended Schemes,Debt Scheme - Banking and PSU Fund,INF209KA12Z1,INF209KA13Z9,nav_119551_20260625.csv,108.1729,0.0250000000000056,0.0231111489106843
119551,2025-07-23,108.2277,Aditya Birla Sun Life Banking & PSU Debt Fund - DIRECT - IDCW,Aditya Birla Sun Life Mutual Fund,Open Ended Schemes,Debt Scheme - Banking and PSU Fund,INF209KA12Z1,INF209KA13Z9,nav_119551_20260625.csv,108.1979,0.0297999999999944,0.0275421242001873
119551,2025-07-24,108.2573,Aditya Birla Sun Life Banking & PSU Debt Fund - DIRECT - IDCW,Aditya Birla Sun Life Mutual Fund,Open Ended Schemes,Debt Scheme - Banking and PSU Fund,INF209KA12Z1,INF209KA13Z9,nav_119551_20260625.csv,108.2277,0.029600000000002,0.0273497450283079
119551,2025-07-25,108.1982,Aditya Birla Sun Life Banking & PSU Debt Fund - DIRECT - IDCW,Aditya Birla Sun Life Mutual Fund,Open Ended Schemes,Debt Scheme - Banking and PSU Fund,INF209KA12Z1,INF209KA13Z9,nav_119551_20260625.csv,108.2573,-0.0591000000000008,-0.0545921614523924
119551,2025-07-28,108.2193,Aditya Birla Sun Life Banking & PSU Debt Fund - DIRECT - IDCW,Aditya Birla Sun Life Mutual Fund,Open Ended Schemes,Debt Scheme - Banking and PSU Fund,INF209KA12Z1,INF209KA13Z9,nav_119551_20260625.csv,108.1982,0.0211000000000041,0.0195012486344542
119551,2025-07-29,108.1828,Aditya Birla Sun Life Banking & PSU Debt Fund - DIRECT - IDCW,Aditya Birla Sun Life Mutual Fund,Open Ended Schemes,Debt Scheme - Banking and PSU Fund,INF209KA12Z1,INF209KA13Z9,nav_119551_20260625.csv,108.2193,-0.0365000000000037,-0.0337278101041161
119551,2025-07-30,108.1757,Aditya Birla Sun Life Banking & PSU Debt Fund - DIRECT - IDCW,Aditya Birla Sun Life Mutual Fund,Open Ended Schemes,Debt Scheme - Banking and PSU Fund,INF209KA12Z1,INF209KA13Z9,nav_119551_20260625.csv,108.1828,-0.0070999999999941,-0.006562965647029
119551,2025-07-31,108.2167,Aditya Birla Sun Life Banking & PSU Debt Fund - DIRECT - IDCW,Aditya Birla Sun Life Mutual Fund,Open Ended Schemes,Debt Scheme - Banking and PSU Fund,INF209KA12Z1,INF209KA13Z9,nav_119551_20260625.csv,108.1757,0.0409999999999968,0.0379013031577302
119551,2025-08-01,108.2952,Aditya Birla Sun Life Banking & PSU Debt Fund - DIRECT - IDCW,Aditya Birla Sun Life Mutual Fund,Open Ended Schemes,Debt Scheme - Banking and PSU Fund,INF209KA12Z1,INF209KA13Z9,nav_119551_20260625.csv,108.2167,0.0784999999999911,0.0725396357493724
119551,2025-08-04,108.4355,Aditya Birla Sun Life Banking & PSU Debt Fund - DIRECT - IDCW,Aditya Birla Sun Life Mutual Fund,Open Ended Schemes,Debt Scheme - Banking and PSU Fund,INF209KA12Z1,INF209KA13Z9,nav_119551_20260625.csv,108.2952,0.1403000000000105,0.1295532950675658
119551,2025-08-05,108.4412,Aditya Birla Sun Life Banking & PSU Debt Fund - DIRECT - IDCW,Aditya Birla Sun Life Mutual Fund,Open Ended Schemes,Debt Scheme - Banking and PSU Fund,INF209KA12Z1,INF209KA13Z9,nav_119551_20260625.csv,108.4355,0.0056999999999902,0.0052565811011986
119551,2025-08-06,108.2153,Aditya Birla Sun Life Banking & PSU Debt Fund - DIRECT - IDCW,Aditya Birla Sun Life Mutual Fund,Open Ended Schemes,Debt Scheme - Banking and PSU Fund,INF209KA12Z1,INF209KA13Z9,nav_119551_20260625.csv,108.4412,-0.2258999999999957,-0.208315658624209
119551,2025-08-07,108.2611,Aditya Birla Sun Life Banking & PSU Debt Fund - DIRECT - IDCW,Aditya Birla Sun Life Mutual Fund,Open Ended Schemes,Debt Scheme - Banking and PSU Fund,INF209KA12Z1,INF209KA13Z9,nav_119551_20260625.csv,108.2153,0.0457999999999998,0.0423230356520749
119551,2025-08-08,108.2726,Aditya Birla Sun Life Banking & PSU Debt Fund - DIRECT - IDCW,Aditya Birla Sun Life Mutual Fund,Open Ended Schemes,Debt Scheme - Banking and PSU Fund,INF209KA12Z1,INF209KA13Z9,nav_119551_20260625.csv,108.2611,0.011499999999998,0.0106224673497665
119551,2025-08-11,108.2018,Aditya Birla Sun Life Banking & PSU Debt Fund - DIRECT - IDCW,Aditya Birla Sun Life Mutual Fund,Open Ended Schemes,Debt Scheme - Banking and PSU Fund,INF209KA12Z1,INF209KA13Z9,nav_119551_20260625.csv,108.2726,-0.0707999999999913,-0.065390505076992
119551,2025-08-12,108.049,Aditya Birla Sun Life Banking & PSU Debt Fund - DIRECT - IDCW,Aditya Birla Sun Life Mutual Fund,Open Ended Schemes,Debt Scheme - Banking and PSU Fund,INF209KA12Z1,INF209KA13Z9,nav_119551_20260625.csv,108.2018,-0.1527999999999991,-0.1412176137550384
119551,2025-08-13,107.9901,Aditya Birla Sun Life Banking & PSU Debt Fund - DIRECT - IDCW,Aditya Birla Sun Life Mutual Fund,Open Ended Schemes,Debt Scheme - Banking and PSU Fund,INF209KA12Z1,INF209KA13Z9,nav_119551_20260625.csv,108.049,-0.0589000000000083,-0.0545123046025492
119551,2025-08-14,108.1543,Aditya Birla Sun Life Banking & PSU Debt Fund - DIRECT - IDCW,Aditya Birla Sun Life Mutual Fund,Open Ended Schemes,Debt Scheme - Banking and PSU Fund,INF209KA12Z1,INF209KA13Z9,nav_119551_20260625.csv,107.9901,0.1642000000000081,0.1520509750430901
119551,2025-08-18,108.1271,Aditya Birla Sun Life Banking & PSU Debt Fund - DIRECT - IDCW,Aditya Birla Sun Life Mutual Fund,Open Ended Schemes,Debt Scheme - Banking and PSU Fund,INF209KA12Z1,INF209KA13Z9,nav_119551_20260625.csv,108.1543,-0.0272000000000076,-0.0251492543523536
119551,2025-08-19,108.0083,Aditya Birla Sun Life Banking & PSU Debt Fund - DIRECT - IDCW,Aditya Birla Sun Life Mutual Fund,Open Ended Schemes,Debt Scheme - Banking and PSU Fund,INF209KA12Z1,INF209KA13Z9,nav_119551_20260625.csv,108.1271,-0.1187999999999931,-0.1098706984650408
119551,2025-08-20,108.0899,Aditya Birla Sun Life Banking & PSU Debt Fund - DIRECT - IDCW,Aditya Birla Sun Life Mutual Fund,Open Ended Schemes,Debt Scheme - Banking and PSU Fund,INF209KA12Z1,INF209KA13Z9,nav_119551_20260625.csv,108.0083,0.0815999999999945,0.0755497494174008
119551,2025-08-21,108.0985,Aditya Birla Sun Life Banking & PSU Debt Fund - DIRECT - IDCW,Aditya Birla Sun Life Mutual Fund,Open Ended Schemes,Debt Scheme - Banking and PSU Fund,INF209KA12Z1,INF209KA13Z9,nav_119551_20260625.csv,108.0899,0.0086000000000012,0.0079563400465735
119551,2025-08-22,108.1096,Aditya Birla Sun Life Banking & PSU Debt Fund - DIRECT - IDCW,Aditya Birla Sun Life Mutual Fund,Open Ended Schemes,Debt Scheme - Banking and PSU Fund,INF209KA12Z1,INF209KA13Z9,nav_119551_20260625.csv,108.0985,0.011099999999999,0.0102684126051693
119551,2025-08-25,108.1037,Aditya Birla Sun Life Banking & PSU Debt Fund - DIRECT - IDCW,Aditya Birla Sun Life Mutual Fund,Open Ended Schemes,Debt Scheme - Banking and PSU Fund,INF209KA12Z1,INF209KA13Z9,nav_119551_20260625.csv,108.1096,-0.0058999999999969,-0.0054574246875364
119551,2025-08-26,107.9266,Aditya Birla Sun Life Banking & PSU Debt Fund - DIRECT - IDCW,Aditya Birla Sun Life Mutual Fund,Open Ended Schemes,Debt Scheme - Banking and PSU Fund,INF209KA12Z1,INF209KA13Z9,nav_119551_20260625.csv,108.1037,-0.17710000000001,-0.1638241799309459
119551,2025-08-28,108.066,Aditya Birla Sun Life Banking & PSU Debt Fund - DIRECT - IDCW,Aditya Birla Sun Life Mutual Fund,Open Ended Schemes,Debt Scheme - Banking and PSU Fund,INF209KA12Z1,INF209KA13Z9,nav_119551_20260625.csv,107.9266,0.139400000000009,0.129161856298641
119551,2025-08-29,108.0297,Aditya Birla Sun Life Banking & PSU Debt Fund - DIRECT - IDCW,Aditya Birla Sun Life Mutual Fund,Open Ended Schemes,Debt Scheme - Banking and PSU Fund,INF209KA12Z1,INF209KA13Z9,nav_119551_20260625.csv,108.066,-0.0362999999999971,-0.0335905835322831
119551,2025-09-01,108.0373,Aditya Birla Sun Life Banking & PSU Debt Fund - DIRECT - IDCW,Aditya Birla Sun Life Mutual Fund,Open Ended Schemes,Debt Scheme - Banking and PSU Fund,INF209KA12Z1,INF209KA13Z9,nav_119551_20260625.csv,108.0297,0.0075999999999964,0.0070351023838782
119551,2025-09-02,108.0088,Aditya Birla Sun Life Banking & PSU Debt Fund - DIRECT - IDCW,Aditya Birla Sun Life Mutual Fund,Open Ended Schemes,Debt Scheme - Banking and PSU Fund,INF209KA12Z1,INF209KA13Z9,nav_119551_20260625.csv,108.0373,-0.0285000000000081,-0.0263797780951654
119551,2025-09-03,108.0471,Aditya Birla Sun Life Banking & PSU Debt Fund - DIRECT - IDCW,Aditya Birla Sun Life Mutual Fund,Open Ended Schemes,Debt Scheme - Banking and PSU Fund,INF209KA12Z1,INF209KA13Z9,nav_119551_20260625.csv,108.0088,0.0383000000000066,0.0354600736236368
119551,2025-09-04,108.1379,Aditya Birla Sun Life Banking & PSU Debt Fund - DIRECT - IDCW,Aditya Birla Sun Life Mutual Fund,Open Ended Schemes,Debt Scheme - Banking and PSU Fund,INF209KA12Z1,INF209KA13Z9,nav_119551_20260625.csv,108.0471,0.0908000000000015,0.0840374244195369
119551,2025-09-05,108.245,Aditya Birla Sun Life Banking & PSU Debt Fund - DIRECT - IDCW,Aditya Birla Sun Life Mutual Fund,Open Ended Schemes,Debt Scheme - Banking and PSU Fund,INF209KA12Z1,INF209KA13Z9,nav_119551_20260625.csv,108.1379,0.1071000000000026,0.0990402069949598
119551,2025-09-09,108.3519,Aditya Birla Sun Life Banking & PSU Debt Fund - DIRECT - IDCW,Aditya Birla Sun Life Mutual Fund,Open Ended Schemes,Debt Scheme - Banking and PSU Fund,INF209KA12Z1,INF209KA13Z9,nav_119551_20260625.csv,108.245,0.106899999999996,0.0987574483809838
119551,2025-09-10,108.3574,Aditya Birla Sun Life Banking & PSU Debt Fund - DIRECT - IDCW,Aditya Birla Sun Life Mutual Fund,Open Ended Schemes,Debt Scheme - Banking and PSU Fund,INF209KA12Z1,INF209KA13Z9,nav_119551_20260625.csv,108.3519,0.0054999999999978,0.0050760531195095
119551,2025-09-11,108.369,Aditya Birla Sun Life Banking & PSU Debt Fund - DIRECT - IDCW,Aditya Birla Sun Life Mutual Fund,Open Ended Schemes,Debt Scheme - Banking and PSU Fund,INF209KA12Z1,INF209KA13Z9,nav_119551_20260625.csv,108.3574,0.0116000000000013,0.0107053140809962
119551,2025-09-12,108.4006,Aditya Birla Sun Life Banking & PSU Debt Fund - DIRECT - IDCW,Aditya Birla Sun Life Mutual Fund,Open Ended Schemes,Debt Scheme - Banking and PSU Fund,INF209KA12Z1,INF209KA13Z9,nav_119551_20260625.csv,108.369,0.0315999999999974,0.0291596305216412
119551,2025-09-15,108.3802,Aditya Birla Sun Life Banking & PSU Debt Fund - DIRECT - IDCW,Aditya Birla Sun Life Mutual Fund,Open Ended Schemes,Debt Scheme - Banking and PSU Fund,INF209KA12Z1,INF209KA13Z9,nav_119551_20260625.csv,108.4006,-0.020399999999995,-0.0188190840272056
119551,2025-09-16,108.3787,Aditya Birla Sun Life Banking & PSU Debt Fund - DIRECT - IDCW,Aditya Birla Sun Life Mutual Fund,Open Ended Schemes,Debt Scheme - Banking and PSU Fund,INF209KA12Z1,INF209KA13Z9,nav_119551_20260625.csv,108.3802,-0.0015000000000071,-0.0013840166377319
119551,2025-09-17,108.4538,Aditya Birla Sun Life Banking & PSU Debt Fund - DIRECT - IDCW,Aditya Birla Sun Life Mutual Fund,Open Ended Schemes,Debt Scheme - Banking and PSU Fund,INF209KA12Z1,INF209KA13Z9,nav_119551_20260625.csv,108.3787,0.0751000000000061,0.0692940587034225
119551,2025-09-18,108.4552,Aditya Birla Sun Life Banking & PSU Debt Fund - DIRECT - IDCW,Aditya Birla Sun Life Mutual Fund,Open Ended Schemes,Debt Scheme - Banking and PSU Fund,INF209KA12Z1,INF209KA13Z9,nav_119551_20260625.csv,108.4538,0.0014000000000038,0.0012908722423777
119551,2025-09-19,108.4428,Aditya Birla Sun Life Banking & PSU Debt Fund - DIRECT - IDCW,Aditya Birla Sun Life Mutual Fund,Open Ended Schemes,Debt Scheme - Banking and PSU Fund,INF209KA12Z1,INF209KA13Z9,nav_119551_20260625.csv,108.4552,-0.0123999999999995,-0.0114332922718316
119551,2025-09-22,108.5131,Aditya Birla Sun Life Banking & PSU Debt Fund - DIRECT - IDCW,Aditya Birla Sun Life Mutual Fund,Open Ended Schemes,Debt Scheme - Banking and PSU Fund,INF209KA12Z1,INF209KA13Z9,nav_119551_20260625.csv,108.4428,0.0702999999999889,0.0648268027015061
119551,2025-09-23,108.5708,Aditya Birla Sun Life Banking & PSU Debt Fund - DIRECT - IDCW,Aditya Birla Sun Life Mutual Fund,Open Ended Schemes,Debt Scheme - Banking and PSU Fund,INF209KA12Z1,INF209KA13Z9,nav_119551_20260625.csv,108.5131,0.0577000000000111,0.053173303499772
119551,2025-09-24,108.5859,Aditya Birla Sun Life Banking & PSU Debt Fund - DIRECT - IDCW,Aditya Birla Sun Life Mutual Fund,Open Ended Schemes,Debt Scheme - Banking and PSU Fund,INF209KA12Z1,INF209KA13Z9,nav_119551_20260625.csv,108.5708,0.0150999999999896,0.0139079752566893
119551,2025-09-25,108.617,Aditya Birla Sun Life Banking & PSU Debt Fund - DIRECT - IDCW,Aditya Birla Sun Life Mutual Fund,Open Ended Schemes,Debt Scheme - Banking and PSU Fund,INF209KA12Z1,INF209KA13Z9,nav_119551_20260625.csv,108.5859,0.0311000000000092,0.0286409193090532
119551,2025-09-26,108.6702,Aditya Birla Sun Life Banking & PSU Debt Fund - DIRECT - IDCW,Aditya Birla Sun Life Mutual Fund,Open Ended Schemes,Debt Scheme - Banking and PSU Fund,INF209KA12Z1,INF209KA13Z9,nav_119551_20260625.csv,108.617,0.0531999999999897,0.0489794415238772
119551,2025-09-30,108.7397,Aditya Birla Sun Life Banking & PSU Debt Fund - DIRECT - IDCW,Aditya Birla Sun Life Mutual Fund,Open Ended Schemes,Debt Scheme - Banking and PSU Fund,INF209KA12Z1,INF209KA13Z9,nav_119551_20260625.csv,108.6702,0.069500000000005,0.0639549756971138
119551,2025-10-01,108.8285,Aditya Birla Sun Life Banking & PSU Debt Fund - DIRECT - IDCW,Aditya Birla Sun Life Mutual Fund,Open Ended Schemes,Debt Scheme - Banking and PSU Fund,INF209KA12Z1,INF209KA13Z9,nav_119551_20260625.csv,108.7397,0.0888000000000062,0.0816629069236039
119551,2025-10-03,108.9591,Aditya Birla Sun Life Banking & PSU Debt Fund - DIRECT - IDCW,Aditya Birla Sun Life Mutual Fund,Open Ended Schemes,Debt Scheme - Banking and PSU Fund,INF209KA12Z1,INF209KA13Z9,nav_119551_20260625.csv,108.8285,0.1306000000000011,0.1200053294863029
119551,2025-10-06,109.0926,Aditya Birla Sun Life Banking & PSU Debt Fund - DIRECT - IDCW,Aditya Birla Sun Life Mutual Fund,Open Ended Schemes,Debt Scheme - Banking and PSU Fund,INF209KA12Z1,INF209KA13Z9,nav_119551_20260625.csv,108.9591,0.1334999999999979,0.1225230384612188
119551,2025-10-07,109.2045,Aditya Birla Sun Life Banking & PSU Debt Fund - DIRECT - IDCW,Aditya Birla Sun Life Mutual Fund,Open Ended Schemes,Debt Scheme - Banking and PSU Fund,INF209KA12Z1,INF209KA13Z9,nav_119551_20260625.csv,109.0926,0.1118999999999914,0.1025734101121354
119551,2025-10-08,109.2524,Aditya Birla Sun Life Banking & PSU Debt Fund - DIRECT - IDCW,Aditya Birla Sun Life Mutual Fund,Open Ended Schemes,Debt Scheme - Banking and PSU Fund,INF209KA12Z1,INF209KA13Z9,nav_119551_20260625.csv,109.2045,0.0478999999999985,0.0438626613372145
119551,2025-10-09,109.2597,Aditya Birla Sun Life Banking & PSU Debt Fund - DIRECT - IDCW,Aditya Birla Sun Life Mutual Fund,Open Ended Schemes,Debt Scheme - Banking and PSU Fund,INF209KA12Z1,INF209KA13Z9,nav_119551_20260625.csv,109.2524,0.0073000000000007,0.0066817754117994
119551,2025-10-10,109.2852,Aditya Birla Sun Life Banking & PSU Debt Fund - DIRECT - IDCW,Aditya Birla Sun Life Mutual Fund,Open Ended Schemes,Debt Scheme - Banking and PSU Fund,INF209KA12Z1,INF209KA13Z9,nav_119551_20260625.csv,109.2597,0.025500000000008,0.0233388889041504
119551,2025-10-13,109.3763,Aditya Birla Sun Life Banking & PSU Debt Fund - DIRECT - IDCW,Aditya Birla Sun Life Mutual Fund,Open Ended Schemes,Debt Scheme - Banking and PSU Fund,INF209KA12Z1,INF209KA13Z9,nav_119551_20260625.csv,109.2852,0.0910999999999973,0.0833598694059189
119551,2025-10-14,109.4088,Aditya Birla Sun Life Banking & PSU Debt Fund - DIRECT - IDCW,Aditya Birla Sun Life Mutual Fund,Open Ended Schemes,Debt Scheme - Banking and PSU Fund,INF209KA12Z1,INF209KA13Z9,nav_119551_20260625.csv,109.3763,0.0324999999999988,0.0297139325429721
119551,2025-10-15,109.4754,Aditya Birla Sun Life Banking & PSU Debt Fund - DIRECT - IDCW,Aditya Birla Sun Life Mutual Fund,Open Ended Schemes,Debt Scheme - Banking and PSU Fund,INF209KA12Z1,INF209KA13Z9,nav_119551_20260625.csv,109.4088,0.066599999999994,0.0608726171934926
119551,2025-10-16,109.5131,Aditya Birla Sun Life Banking & PSU Debt Fund - DIRECT - IDCW,Aditya Birla Sun Life Mutual Fund,Open Ended Schemes,Debt Scheme - Banking and PSU Fund,INF209KA12Z1,INF209KA13Z9,nav_119551_20260625.csv,109.4754,0.0377000000000009,0.0344369602668736
119551,2025-10-17,109.5844,Aditya Birla Sun Life Banking & PSU Debt Fund - DIRECT - IDCW,Aditya Birla Sun Life Mutual Fund,Open Ended Schemes,Debt Scheme - Banking and PSU Fund,INF209KA12Z1,INF209KA13Z9,nav_119551_20260625.csv,109.5131,0.0713000000000079,0.0651063662703438
119551,2025-10-20,109.6155,Aditya Birla Sun Life Banking & PSU Debt Fund - DIRECT - IDCW,Aditya Birla Sun Life Mutual Fund,Open Ended Schemes,Debt Scheme - Banking and PSU Fund,INF209KA12Z1,INF209KA13Z9,nav_119551_20260625.csv,109.5844,0.031099999999995,0.028379951890958
119551,2025-10-23,109.5817,Aditya Birla Sun Life Banking & PSU Debt Fund - DIRECT - IDCW,Aditya Birla Sun Life Mutual Fund,Open Ended Schemes,Debt Scheme - Banking and PSU Fund,INF209KA12Z1,INF209KA13Z9,nav_119551_20260625.csv,109.6155,-0.0337999999999993,-0.0308350552613447
119551,2025-10-24,109.5673,Aditya Birla Sun Life Banking & PSU Debt Fund - DIRECT - IDCW,Aditya Birla Sun Life Mutual Fund,Open Ended Schemes,Debt Scheme - Banking and PSU Fund,INF209KA12Z1,INF209KA13Z9,nav_119551_20260625.csv,109.5817,-0.0143999999999948,-0.0131408802747127
119551,2025-10-27,109.6125,Aditya Birla Sun Life Banking & PSU Debt Fund - DIRECT - IDCW,Aditya Birla Sun Life Mutual Fund,Open Ended Schemes,Debt Scheme - Banking and PSU Fund,INF209KA12Z1,INF209KA13Z9,nav_119551_20260625.csv,109.5673,0.0451999999999941,0.0412531841160584
119551,2025-10-28,109.6404,Aditya Birla Sun Life Banking & PSU Debt Fund - DIRECT - IDCW,Aditya Birla Sun Life Mutual Fund,Open Ended Schemes,Debt Scheme - Banking and PSU Fund,INF209KA12Z1,INF209KA13Z9,nav_119551_20260625.csv,109.6125,0.0279000000000024,0.0254533014026707
119551,2025-10-29,109.6934,Aditya Birla Sun Life Banking & PSU Debt Fund - DIRECT - IDCW,Aditya Birla Sun Life Mutual Fund,Open Ended Schemes,Debt Scheme - Banking and PSU Fund,INF209KA12Z1,INF209KA13Z9,nav_119551_20260625.csv,109.6404,0.0529999999999972,0.0483398455313892
119551,2025-10-30,109.6521,Aditya Birla Sun Life Banking & PSU Debt Fund - DIRECT - IDCW,Aditya Birla Sun Life Mutual Fund,Open Ended Schemes,Debt Scheme - Banking and PSU Fund,INF209KA12Z1,INF209KA13Z9,nav_119551_20260625.csv,109.6934,-0.0412999999999925,-0.0376503964686959
119551,2025-10-31,109.6768,Aditya Birla Sun Life Banking & PSU Debt Fund - DIRECT - IDCW,Aditya Birla Sun Life Mutual Fund,Open Ended Schemes,Debt Scheme - Banking and PSU Fund,INF209KA12Z1,INF209KA13Z9,nav_119551_20260625.csv,109.6521,0.0246999999999957,0.02252578837979
119551,2025-11-03,109.7548,Aditya Birla Sun Life Banking & PSU Debt Fund - DIRECT - IDCW,Aditya Birla Sun Life Mutual Fund,Open Ended Schemes,Debt Scheme - Banking and PSU Fund,INF209KA12Z1,INF209KA13Z9,nav_119551_20260625.csv,109.6768,0.0780000000000029,0.0711180486666304
119551,2025-11-04,109.7941,Aditya Birla Sun Life Banking & PSU Debt Fund - DIRECT - IDCW,Aditya Birla Sun Life Mutual Fund,Open Ended Schemes,Debt Scheme - Banking and PSU Fund,INF209KA12Z1,INF209KA13Z9,nav_119551_20260625.csv,109.7548,0.0392999999999972,0.035807089986039
119551,2025-11-06,109.8337,Aditya Birla Sun Life Banking & PSU Debt Fund - DIRECT - IDCW,Aditya Birla Sun Life Mutual Fund,Open Ended Schemes,Debt Scheme - Banking and PSU Fund,INF209KA12Z1,INF209KA13Z9,nav_119551_20260625.csv,109.7941,0.0395999999999929,0.0360675118243994
119551,2025-11-07,109.8609,Aditya Birla Sun Life Banking & PSU Debt Fund - DIRECT - IDCW,Aditya Birla Sun Life Mutual Fund,Open Ended Schemes,Debt Scheme - Banking and PSU Fund,INF209KA12Z1,INF209KA13Z9,nav_119551_20260625.csv,109.8337,0.0272000000000076,0.0247647124698591
119551,2025-11-10,109.925,Aditya Birla Sun Life Banking & PSU Debt Fund - DIRECT - IDCW,Aditya Birla Sun Life Mutual Fund,Open Ended Schemes,Debt Scheme - Banking and PSU Fund,INF209KA12Z1,INF209KA13Z9,nav_119551_20260625.csv,109.8609,0.0640999999999962,0.0583465090855766
119551,2025-11-11,109.961,Aditya Birla Sun Life Banking & PSU Debt Fund - DIRECT - IDCW,Aditya Birla Sun Life Mutual Fund,Open Ended Schemes,Debt Scheme - Banking and PSU Fund,INF209KA12Z1,INF209KA13Z9,nav_119551_20260625.csv,109.925,0.0360000000000013,0.0327496020013658
119551,2025-11-12,109.9947,Aditya Birla Sun Life Banking & PSU Debt Fund - DIRECT - IDCW,Aditya Birla Sun Life Mutual Fund,Open Ended Schemes,Debt Scheme - Banking and PSU Fund,INF209KA12Z1,INF209KA13Z9,nav_119551_20260625.csv,109.961,0.033699999999996,0.0306472294722638
119551,2025-11-13,109.9907,Aditya Birla Sun Life Banking & PSU Debt Fund - DIRECT - IDCW,Aditya Birla Sun Life Mutual Fund,Open Ended Schemes,Debt Scheme - Banking and PSU Fund,INF209KA12Z1,INF209KA13Z9,nav_119551_20260625.csv,109.9947,-0.0039999999999906,-0.0036365388514089
119551,2025-11-14,109.9725,Aditya Birla Sun Life Banking & PSU Debt Fund - DIRECT - IDCW,Aditya Birla Sun Life Mutual Fund,Open Ended Schemes,Debt Scheme - Banking and PSU Fund,INF209KA12Z1,INF209KA13Z9,nav_119551_20260625.csv,109.9907,-0.0182000000000073,-0.0165468535067122
119551,2025-11-17,109.9756,Aditya Birla Sun Life Banking & PSU Debt Fund - DIRECT - IDCW,Aditya Birla Sun Life Mutual Fund,Open Ended Schemes,Debt Scheme - Banking and PSU Fund,INF209KA12Z1,INF209KA13Z9,nav_119551_20260625.csv,109.9725,0.0031000000000034,0.0028188865398198
119551,2025-11-18,110.0205,Aditya Birla Sun Life Banking & PSU Debt Fund - DIRECT - IDCW,Aditya Birla Sun Life Mutual Fund,Open Ended Schemes,Debt Scheme - Banking and PSU Fund,INF209KA12Z1,INF209KA13Z9,nav_119551_20260625.csv,109.9756,0.0448999999999983,0.0408272380418914
119551,2025-11-19,110.0771,Aditya Birla Sun Life Banking & PSU Debt Fund - DIRECT - IDCW,Aditya Birla Sun Life Mutual Fund,Open Ended Schemes,Debt Scheme - Banking and PSU Fund,INF209KA12Z1,INF209KA13Z9,nav_119551_20260625.csv,110.0205,0.056600000000003,0.0514449579851055
119551,2025-11-20,110.0882,Aditya Birla Sun Life Banking & PSU Debt Fund - DIRECT - IDCW,Aditya Birla Sun Life Mutual Fund,Open Ended Schemes,Debt Scheme - Banking and PSU Fund,INF209KA12Z1,INF209KA13Z9,nav_119551_20260625.csv,110.0771,0.011099999999999,0.0100838412349153
119551,2025-11-21,110.0708,Aditya Birla Sun Life Banking & PSU Debt Fund - DIRECT - IDCW,Aditya Birla Sun Life Mutual Fund,Open Ended Schemes,Debt Scheme - Banking and PSU Fund,INF209KA12Z1,INF209KA13Z9,nav_119551_20260625.csv,110.0882,-0.0173999999999949,-0.0158055086739495
119551,2025-11-24,110.1322,Aditya Birla Sun Life Banking & PSU Debt Fund - DIRECT - IDCW,Aditya Birla Sun Life Mutual Fund,Open Ended Schemes,Debt Scheme - Banking and PSU Fund,INF209KA12Z1,INF209KA13Z9,nav_119551_20260625.csv,110.0708,0.0613999999999919,0.0557822783154041
119551,2025-11-25,110.1924,Aditya Birla Sun Life Banking & PSU Debt Fund - DIRECT - IDCW,Aditya Birla Sun Life Mutual Fund,Open Ended Schemes,Debt Scheme - Banking and PSU Fund,INF209KA12Z1,INF209KA13Z9,nav_119551_20260625.csv,110.1322,0.0602000000000089,0.0546615794472542
119551,2025-11-26,110.2658,Aditya Birla Sun Life Banking & PSU Debt Fund - DIRECT - IDCW,Aditya Birla Sun Life Mutual Fund,Open Ended Schemes,Debt Scheme - Banking and PSU Fund,INF209KA12Z1,INF209KA13Z9,nav_119551_20260625.csv,110.1924,0.0733999999999923,0.0666107644447279
119551,2025-11-27,110.2743,Aditya Birla Sun Life Banking & PSU Debt Fund - DIRECT - IDCW,Aditya Birla Sun Life Mutual Fund,Open Ended Schemes,Debt Scheme - Banking and PSU Fund,INF209KA12Z1,INF209KA13Z9,nav_119551_20260625.csv,110.2658,0.0084999999999979,0.0077086458357876
119551,2025-11-28,110.2615,Aditya Birla Sun Life Banking & PSU Debt Fund - DIRECT - IDCW,Aditya Birla Sun Life Mutual Fund,Open Ended Schemes,Debt Scheme - Banking and PSU Fund,INF209KA12Z1,INF209KA13Z9,nav_119551_20260625.csv,110.2743,-0.0127999999999985,-0.0116074189543697
119551,2025-12-01,110.211,Aditya Birla Sun Life Banking & PSU Debt Fund - DIRECT - IDCW,Aditya Birla Sun Life Mutual Fund,Open Ended Schemes,Debt Scheme - Banking and PSU Fund,INF209KA12Z1,INF209KA13Z9,nav_119551_20260625.csv,110.2615,-0.0504999999999995,-0.045800211315826
119551,2025-12-02,110.2349,Aditya Birla Sun Life Banking & PSU Debt Fund - DIRECT - IDCW,Aditya Birla Sun Life Mutual Fund,Open Ended Schemes,Debt Scheme - Banking and PSU Fund,INF209KA12Z1,INF209KA13Z9,nav_119551_20260625.csv,110.211,0.0238999999999975,0.0216856756585074
119551,2025-12-03,110.2362,Aditya Birla Sun Life Banking & PSU Debt Fund - DIRECT - IDCW,Aditya Birla Sun Life Mutual Fund,Open Ended Schemes,Debt Scheme - Banking and PSU Fund,INF209KA12Z1,INF209KA13Z9,nav_119551_20260625.csv,110.2349,0.0013000000000005,0.0011792998406135
119551,2025-12-04,110.235,Aditya Birla Sun Life Banking & PSU Debt Fund - DIRECT - IDCW,Aditya Birla Sun Life Mutual Fund,Open Ended Schemes,Debt Scheme - Banking and PSU Fund,INF209KA12Z1,INF209KA13Z9,nav_119551_20260625.csv,110.2362,-0.0011999999999972,-0.0010885716307321
119551,2025-12-05,110.3373,Aditya Birla Sun Life Banking & PSU Debt Fund - DIRECT - IDCW,Aditya Birla Sun Life Mutual Fund,Open Ended Schemes,Debt Scheme - Banking and PSU Fund,INF209KA12Z1,INF209KA13Z9,nav_119551_20260625.csv,110.235,0.1022999999999996,0.0928017417335688
119551,2025-12-08,110.3299,Aditya Birla Sun Life Banking & PSU Debt Fund - DIRECT - IDCW,Aditya Birla Sun Life Mutual Fund,Open Ended Schemes,Debt Scheme - Banking and PSU Fund,INF209KA12Z1,INF209KA13Z9,nav_119551_20260625.csv,110.3373,-0.007400000000004,-0.0067067075232075
119551,2025-12-09,110.1852,Aditya Birla Sun Life Banking & PSU Debt Fund - DIRECT - IDCW,Aditya Birla Sun Life Mutual Fund,Open Ended Schemes,Debt Scheme - Banking and PSU Fund,INF209KA12Z1,INF209KA13Z9,nav_119551_20260625.csv,110.3299,-0.1447000000000002,-0.1311521174223853
119551,2025-12-10,110.0466,Aditya Birla Sun Life Banking & PSU Debt Fund - DIRECT - IDCW,Aditya Birla Sun Life Mutual Fund,Open Ended Schemes,Debt Scheme - Banking and PSU Fund,INF209KA12Z1,INF209KA13Z9,nav_119551_20260625.csv,110.1852,-0.1385999999999967,-0.125788218381413
119551,2025-12-11,110.0609,Aditya Birla Sun Life Banking & PSU Debt Fund - DIRECT - IDCW,Aditya Birla Sun Life Mutual Fund,Open Ended Schemes,Debt Scheme - Banking and PSU Fund,INF209KA12Z1,INF209KA13Z9,nav_119551_20260625.csv,110.0466,0.0143000000000057,0.0129944950593709
119551,2025-12-12,110.0652,Aditya Birla Sun Life Banking & PSU Debt Fund - DIRECT - IDCW,Aditya Birla Sun Life Mutual Fund,Open Ended Schemes,Debt Scheme - Banking and PSU Fund,INF209KA12Z1,INF209KA13Z9,nav_119551_20260625.csv,110.0609,0.0043000000000006,0.0039069278917405
119551,2025-12-15,109.9944,Aditya Birla Sun Life Banking & PSU Debt Fund - DIRECT - IDCW,Aditya Birla Sun Life Mutual Fund,Open Ended Schemes,Debt Scheme - Banking and PSU Fund,INF209KA12Z1,INF209KA13Z9,nav_119551_20260625.csv,110.0652,-0.0708000000000055,-0.064325508880196
119551,2025-12-16,110.0261,Aditya Birla Sun Life Banking & PSU Debt Fund - DIRECT - IDCW,Aditya Birla Sun Life Mutual Fund,Open Ended Schemes,Debt Scheme - Banking and PSU Fund,INF209KA12Z1,INF209KA13Z9,nav_119551_20260625.csv,109.9944,0.0317000000000007,0.0288196490003134
119551,2025-12-17,110.0266,Aditya Birla Sun Life Banking & PSU Debt Fund - DIRECT - IDCW,Aditya Birla Sun Life Mutual Fund,Open Ended Schemes,Debt Scheme - Banking and PSU Fund,INF209KA12Z1,INF209KA13Z9,nav_119551_20260625.csv,110.0261,0.0005000000000023,0.000454437628892
119551,2025-12-18,110.0195,Aditya Birla Sun Life Banking & PSU Debt Fund - DIRECT - IDCW,Aditya Birla Sun Life Mutual Fund,Open Ended Schemes,Debt Scheme - Banking and PSU Fund,INF209KA12Z1,INF209KA13Z9,nav_119551_20260625.csv,110.0266,-0.0071000000000083,-0.0064529850054517
119551,2025-12-19,110.0403,Aditya Birla Sun Life Banking & PSU Debt Fund - DIRECT - IDCW,Aditya Birla Sun Life Mutual Fund,Open Ended Schemes,Debt Scheme - Banking and PSU Fund,INF209KA12Z1,INF209KA13Z9,nav_119551_20260625.csv,110.0195,0.0208000000000083,0.0189057394371073
119551,2025-12-22,110.0241,Aditya Birla Sun Life Banking & PSU Debt Fund - DIRECT - IDCW,Aditya Birla Sun Life Mutual Fund,Open Ended Schemes,Debt Scheme - Banking and PSU Fund,INF209KA12Z1,INF209KA13Z9,nav_119551_20260625.csv,110.0403,-0.0161999999999977,-0.0147218791660853
119551,2025-12-23,109.9954,Aditya Birla Sun Life Banking & PSU Debt Fund - DIRECT - IDCW,Aditya Birla Sun Life Mutual Fund,Open Ended Schemes,Debt Scheme - Banking and PSU Fund,INF209KA12Z1,INF209KA13Z9,nav_119551_20260625.csv,110.0241,-0.0287000000000006,-0.0260851940620287
119551,2025-12-24,110.2079,Aditya Birla Sun Life Banking & PSU Debt Fund - DIRECT - IDCW,Aditya Birla Sun Life Mutual Fund,Open Ended Schemes,Debt Scheme - Banking and PSU Fund,INF209KA12Z1,INF209KA13Z9,nav_119551_20260625.csv,109.9954,0.2124999999999914,0.1931898970320499
119551,2025-12-26,110.2247,Aditya Birla Sun Life Banking & PSU Debt Fund - DIRECT - IDCW,Aditya Birla Sun Life Mutual Fund,Open Ended Schemes,Debt Scheme - Banking and PSU Fund,INF209KA12Z1,INF209KA13Z9,nav_119551_20260625.csv,110.2079,0.0168000000000034,0.0152439162709782
119551,2025-12-29,110.2799,Aditya Birla Sun Life Banking & PSU Debt Fund - DIRECT - IDCW,Aditya Birla Sun Life Mutual Fund,Open Ended Schemes,Debt Scheme - Banking and PSU Fund,INF209KA12Z1,INF209KA13Z9,nav_119551_20260625.csv,110.2247,0.0551999999999992,0.0500795193817712
119551,2025-12-30,110.2176,Aditya Birla Sun Life Banking & PSU Debt Fund - DIRECT - IDCW,Aditya Birla Sun Life Mutual Fund,Open Ended Schemes,Debt Scheme - Banking and PSU Fund,INF209KA12Z1,INF209KA13Z9,nav_119551_20260625.csv,110.2799,-0.0622999999999933,-0.0564926156080966
119551,2025-12-31,110.3212,Aditya Birla Sun Life Banking & PSU Debt Fund - DIRECT - IDCW,Aditya Birla Sun Life Mutual Fund,Open Ended Schemes,Debt Scheme - Banking and PSU Fund,INF209KA12Z1,INF209KA13Z9,nav_119551_20260625.csv,110.2176,0.1036000000000001,0.0939958772464653
119551,2026-01-01,110.3493,Aditya Birla Sun Life Banking & PSU Debt Fund - DIRECT - IDCW,Aditya Birla Sun Life Mutual Fund,Open Ended Schemes,Debt Scheme - Banking and PSU Fund,INF209KA12Z1,INF209KA13Z9,nav_119551_20260625.csv,110.3212,0.0280999999999949,0.0254710789947851
119551,2026-01-02,110.3333,Aditya Birla Sun Life Banking & PSU Debt Fund - DIRECT - IDCW,Aditya Birla Sun Life Mutual Fund,Open Ended Schemes,Debt Scheme - Banking and PSU Fund,INF209KA12Z1,INF209KA13Z9,nav_119551_20260625.csv,110.3493,-0.0160000000000053,-0.0144994123206992
119551,2026-01-05,110.2498,Aditya Birla Sun Life Banking & PSU Debt Fund - DIRECT - IDCW,Aditya Birla Sun Life Mutual Fund,Open Ended Schemes,Debt Scheme - Banking and PSU Fund,INF209KA12Z1,INF209KA13Z9,nav_119551_20260625.csv,110.3333,-0.0835000000000008,-0.07567978117214
119551,2026-01-06,110.2647,Aditya Birla Sun Life Banking & PSU Debt Fund - DIRECT - IDCW,Aditya Birla Sun Life Mutual Fund,Open Ended Schemes,Debt Scheme - Banking and PSU Fund,INF209KA12Z1,INF209KA13Z9,nav_119551_20260625.csv,110.2498,0.0149000000000114,0.0135147637456135
119551,2026-01-07,110.2175,Aditya Birla Sun Life Banking & PSU Debt Fund - DIRECT - IDCW,Aditya Birla Sun Life Mutual Fund,Open Ended Schemes,Debt Scheme - Banking and PSU Fund,INF209KA12Z1,INF209KA13Z9,nav_119551_20260625.csv,110.2647,-0.0472000000000036,-0.0428060839053692
119551,2026-01-08,110.2218,Aditya Birla Sun Life Banking & PSU Debt Fund - DIRECT - IDCW,Aditya Birla Sun Life Mutual Fund,Open Ended Schemes,Debt Scheme - Banking and PSU Fund,INF209KA12Z1,INF209KA13Z9,nav_119551_20260625.csv,110.2175,0.0043000000000006,0.0039013768231003
119551,2026-01-09,110.2327,Aditya Birla Sun Life Banking & PSU Debt Fund - DIRECT - IDCW,Aditya Birla Sun Life Mutual Fund,Open Ended Schemes,Debt Scheme - Banking and PSU Fund,INF209KA12Z1,INF209KA13Z9,nav_119551_20260625.csv,110.2218,0.0108999999999923,0.0098891507850464
119551,2026-01-12,110.2974,Aditya Birla Sun Life Banking & PSU Debt Fund - DIRECT - IDCW,Aditya Birla Sun Life Mutual Fund,Open Ended Schemes,Debt Scheme - Banking and PSU Fund,INF209KA12Z1,INF209KA13Z9,nav_119551_20260625.csv,110.2327,0.0647000000000019,0.0586940172925112
119551,2026-01-13,110.1878,Aditya Birla Sun Life Banking & PSU Debt Fund - DIRECT - IDCW,Aditya Birla Sun Life Mutual Fund,Open Ended Schemes,Debt Scheme - Banking and PSU Fund,INF209KA12Z1,INF209KA13Z9,nav_119551_20260625.csv,110.2974,-0.1096000000000003,-0.0993677094836327
119551,2026-01-14,110.1286,Aditya Birla Sun Life Banking & PSU Debt Fund - DIRECT - IDCW,Aditya Birla Sun Life Mutual Fund,Open Ended Schemes,Debt Scheme - Banking and PSU Fund,INF209KA12Z1,INF209KA13Z9,nav_119551_20260625.csv,110.1878,-0.0591999999999899,-0.0537264561049317
119551,2026-01-16,110.0107,Aditya Birla Sun Life Banking & PSU Debt Fund - DIRECT - IDCW,Aditya Birla Sun Life Mutual Fund,Open Ended Schemes,Debt Scheme - Banking and PSU Fund,INF209KA12Z1,INF209KA13Z9,nav_119551_20260625.csv,110.1286,-0.1179000000000058,-0.1070566592147778
119551,2026-01-19,109.9742,Aditya Birla Sun Life Banking & PSU Debt Fund - DIRECT - IDCW,Aditya Birla Sun Life Mutual Fund,Open Ended Schemes,Debt Scheme - Banking and PSU Fund,INF209KA12Z1,INF209KA13Z9,nav_119551_20260625.csv,110.0107,-0.0365000000000037,-0.0331785908098064
119551,2026-01-20,109.9385,Aditya Birla Sun Life Banking & PSU Debt Fund - DIRECT - IDCW,Aditya Birla Sun Life Mutual Fund,Open Ended Schemes,Debt Scheme - Banking and PSU Fund,INF209KA12Z1,INF209KA13Z9,nav_119551_20260625.csv,109.9742,-0.0356999999999914,-0.0324621593064477
119551,2026-01-21,109.9438,Aditya Birla Sun Life Banking & PSU Debt Fund - DIRECT - IDCW,Aditya Birla Sun Life Mutual Fund,Open Ended Schemes,Debt Scheme - Banking and PSU Fund,INF209KA12Z1,INF209KA13Z9,nav_119551_20260625.csv,109.9385,0.0052999999999912,0.0048208771267492
119551,2026-01-22,110.0539,Aditya Birla Sun Life Banking & PSU Debt Fund - DIRECT - IDCW,Aditya Birla Sun Life Mutual Fund,Open Ended Schemes,Debt Scheme - Banking and PSU Fund,INF209KA12Z1,INF209KA13Z9,nav_119551_20260625.csv,109.9438,0.1101000000000027,0.1001420725861783
119551,2026-01-23,110.0766,Aditya Birla Sun Life Banking & PSU Debt Fund - DIRECT - IDCW,Aditya Birla Sun Life Mutual Fund,Open Ended Schemes,Debt Scheme - Banking and PSU Fund,INF209KA12Z1,INF209KA13Z9,nav_119551_20260625.csv,110.0539,0.0227000000000003,0.0206262567705464
119551,2026-01-27,110.1078,Aditya Birla Sun Life Banking & PSU Debt Fund - DIRECT - IDCW,Aditya Birla Sun Life Mutual Fund,Open Ended Schemes,Debt Scheme - Banking and PSU Fund,INF209KA12Z1,INF209KA13Z9,nav_119551_20260625.csv,110.0766,0.0311999999999983,0.0283438987032651
119551,2026-01-28,110.0855,Aditya Birla Sun Life Banking & PSU Debt Fund - DIRECT - IDCW,Aditya Birla Sun Life Mutual Fund,Open Ended Schemes,Debt Scheme - Banking and PSU Fund,INF209KA12Z1,INF209KA13Z9,nav_119551_20260625.csv,110.1078,-0.0223000000000013,-0.0202528794508666
119551,2026-01-29,110.0922,Aditya Birla Sun Life Banking & PSU Debt Fund - DIRECT - IDCW,Aditya Birla Sun Life Mutual Fund,Open Ended Schemes,Debt Scheme - Banking and PSU Fund,INF209KA12Z1,INF209KA13Z9,nav_119551_20260625.csv,110.0855,0.0067000000000092,0.0060861784703791
119551,2026-01-30,110.1903,Aditya Birla Sun Life Banking & PSU Debt Fund - DIRECT - IDCW,Aditya Birla Sun Life Mutual Fund,Open Ended Schemes,Debt Scheme - Banking and PSU Fund,INF209KA12Z1,INF209KA13Z9,nav_119551_20260625.csv,110.0922,0.098099999999988,0.0891071302053988
119551,2026-02-02,110.1537,Aditya Birla Sun Life Banking & PSU Debt Fund - DIRECT - IDCW,Aditya Birla Sun Life Mutual Fund,Open Ended Schemes,Debt Scheme - Banking and PSU Fund,INF209KA12Z1,INF209KA13Z9,nav_119551_20260625.csv,110.1903,-0.0365999999999928,-0.0332152648645051
119551,2026-02-03,110.296,Aditya Birla Sun Life Banking & PSU Debt Fund - DIRECT - IDCW,Aditya Birla Sun Life Mutual Fund,Open Ended Schemes,Debt Scheme - Banking and PSU Fund,INF209KA12Z1,INF209KA13Z9,nav_119551_20260625.csv,110.1537,0.1423000000000058,0.1291831322960607
119551,2026-02-04,110.4477,Aditya Birla Sun Life Banking & PSU Debt Fund - DIRECT - IDCW,Aditya Birla Sun Life Mutual Fund,Open Ended Schemes,Debt Scheme - Banking and PSU Fund,INF209KA12Z1,INF209KA13Z9,nav_119551_20260625.csv,110.296,0.151699999999991,0.1375389860012974
119551,2026-02-05,110.5985,Aditya Birla Sun Life Banking & PSU Debt Fund - DIRECT - IDCW,Aditya Birla Sun Life Mutual Fund,Open Ended Schemes,Debt Scheme - Banking and PSU Fund,INF209KA12Z1,INF209KA13Z9,nav_119551_20260625.csv,110.4477,0.1508000000000038,0.1365352107830256
119551,2026-02-06,110.4173,Aditya Birla Sun Life Banking & PSU Debt Fund - DIRECT - IDCW,Aditya Birla Sun Life Mutual Fund,Open Ended Schemes,Debt Scheme - Banking and PSU Fund,INF209KA12Z1,INF209KA13Z9,nav_119551_20260625.csv,110.5985,-0.181200000000004,-0.1638358567250044
119551,2026-02-09,110.4233,Aditya Birla Sun Life Banking & PSU Debt Fund - DIRECT - IDCW,Aditya Birla Sun Life Mutual Fund,Open Ended Schemes,Debt Scheme - Banking and PSU Fund,INF209KA12Z1,INF209KA13Z9,nav_119551_20260625.csv,110.4173,0.0060000000000002,0.0054339310959425
119551,2026-02-10,110.4293,Aditya Birla Sun Life Banking & PSU Debt Fund - DIRECT - IDCW,Aditya Birla Sun Life Mutual Fund,Open Ended Schemes,Debt Scheme - Banking and PSU Fund,INF209KA12Z1,INF209KA13Z9,nav_119551_20260625.csv,110.4233,0.0060000000000002,0.0054336358359152
119551,2026-02-11,110.5056,Aditya Birla Sun Life Banking & PSU Debt Fund - DIRECT - IDCW,Aditya Birla Sun Life Mutual Fund,Open Ended Schemes,Debt Scheme - Banking and PSU Fund,INF209KA12Z1,INF209KA13Z9,nav_119551_20260625.csv,110.4293,0.0763000000000033,0.0690939813980559
119551,2026-02-12,110.6309,Aditya Birla Sun Life Banking & PSU Debt Fund - DIRECT - IDCW,Aditya Birla Sun Life Mutual Fund,Open Ended Schemes,Debt Scheme - Banking and PSU Fund,INF209KA12Z1,INF209KA13Z9,nav_119551_20260625.csv,110.5056,0.1252999999999957,0.1133879188023011
119551,2026-02-13,110.7584,Aditya Birla Sun Life Banking & PSU Debt Fund - DIRECT - IDCW,Aditya Birla Sun Life Mutual Fund,Open Ended Schemes,Debt Scheme - Banking and PSU Fund,INF209KA12Z1,INF209KA13Z9,nav_119551_20260625.csv,110.6309,0.1274999999999977,0.1152480907232949
119551,2026-02-16,110.8409,Aditya Birla Sun Life Banking & PSU Debt Fund - DIRECT - IDCW,Aditya Birla Sun Life Mutual Fund,Open Ended Schemes,Debt Scheme - Banking and PSU Fund,INF209KA12Z1,INF209KA13Z9,nav_119551_20260625.csv,110.7584,0.0825000000000102,0.0744864497862105
119551,2026-02-17,110.8682,Aditya Birla Sun Life Banking & PSU Debt Fund - DIRECT - IDCW,Aditya Birla Sun Life Mutual Fund,Open Ended Schemes,Debt Scheme - Banking and PSU Fund,INF209KA12Z1,INF209KA13Z9,nav_119551_20260625.csv,110.8409,0.0272999999999967,0.0246298974475999
119551,2026-02-18,110.8613,Aditya Birla Sun Life Banking & PSU Debt Fund - DIRECT - IDCW,Aditya Birla Sun Life Mutual Fund,Open Ended Schemes,Debt Scheme - Banking and PSU Fund,INF209KA12Z1,INF209KA13Z9,nav_119551_20260625.csv,110.8682,-0.0069000000000016,-0.0062236060475426
119551,2026-02-20,110.807,Aditya Birla Sun Life Banking & PSU Debt Fund - DIRECT - IDCW,Aditya Birla Sun Life Mutual Fund,Open Ended Schemes,Debt Scheme - Banking and PSU Fund,INF209KA12Z1,INF209KA13Z9,nav_119551_20260625.csv,110.8613,-0.0542999999999977,-0.0489801220083093
119551,2026-02-23,110.8829,Aditya Birla Sun Life Banking & PSU Debt Fund - DIRECT - IDCW,Aditya Birla Sun Life Mutual Fund,Open Ended Schemes,Debt Scheme - Banking and PSU Fund,INF209KA12Z1,INF209KA13Z9,nav_119551_20260625.csv,110.807,0.0759000000000043,0.0684974775961846
119551,2026-02-24,110.9394,Aditya Birla Sun Life Banking & PSU Debt Fund - DIRECT - IDCW,Aditya Birla Sun Life Mutual Fund,Open Ended Schemes,Debt Scheme - Banking and PSU Fund,INF209KA12Z1,INF209KA13Z9,nav_119551_20260625.csv,110.8829,0.0564999999999997,0.0509546557674806
119551,2026-02-25,110.9826,Aditya Birla Sun Life Banking & PSU Debt Fund - DIRECT - IDCW,Aditya Birla Sun Life Mutual Fund,Open Ended Schemes,Debt Scheme - Banking and PSU Fund,INF209KA12Z1,INF209KA13Z9,nav_119551_20260625.csv,110.9394,0.0431999999999987,0.0389401781513139
119551,2026-02-26,111.0069,Aditya Birla Sun Life Banking & PSU Debt Fund - DIRECT - IDCW,Aditya Birla Sun Life Mutual Fund,Open Ended Schemes,Debt Scheme - Banking and PSU Fund,INF209KA12Z1,INF209KA13Z9,nav_119551_20260625.csv,110.9826,0.0242999999999966,0.0218953241318879
119551,2026-02-27,111.0261,Aditya Birla Sun Life Banking & PSU Debt Fund - DIRECT - IDCW,Aditya Birla Sun Life Mutual Fund,Open Ended Schemes,Debt Scheme - Banking and PSU Fund,INF209KA12Z1,INF209KA13Z9,nav_119551_20260625.csv,111.0069,0.0191999999999978,0.0172962221267307
119551,2026-03-02,111.0653,Aditya Birla Sun Life Banking & PSU Debt Fund - DIRECT - IDCW,Aditya Birla Sun Life Mutual Fund,Open Ended Schemes,Debt Scheme - Banking and PSU Fund,INF209KA12Z1,INF209KA13Z9,nav_119551_20260625.csv,111.0261,0.0391999999999939,0.0353070133959437
119551,2026-03-04,110.9499,Aditya Birla Sun Life Banking & PSU Debt Fund - DIRECT - IDCW,Aditya Birla Sun Life Mutual Fund,Open Ended Schemes,Debt Scheme - Banking and PSU Fund,INF209KA12Z1,INF209KA13Z9,nav_119551_20260625.csv,111.0653,-0.1153999999999939,-0.1039028391405722
119551,2026-03-05,111.0534,Aditya Birla Sun Life Banking & PSU Debt Fund - DIRECT - IDCW,Aditya Birla Sun Life Mutual Fund,Open Ended Schemes,Debt Scheme - Banking and PSU Fund,INF209KA12Z1,INF209KA13Z9,nav_119551_20260625.csv,110.9499,0.1034999999999968,0.093285347710991
119551,2026-03-06,111.0395,Aditya Birla Sun Life Banking & PSU Debt Fund - DIRECT - IDCW,Aditya Birla Sun Life Mutual Fund,Open Ended Schemes,Debt Scheme - Banking and PSU Fund,INF209KA12Z1,INF209KA13Z9,nav_119551_20260625.csv,111.0534,-0.0138999999999924,-0.0125165010706493
119551,2026-03-09,110.9193,Aditya Birla Sun Life Banking & PSU Debt Fund - DIRECT - IDCW,Aditya Birla Sun Life Mutual Fund,Open Ended Schemes,Debt Scheme - Banking and PSU Fund,INF209KA12Z1,INF209KA13Z9,nav_119551_20260625.csv,111.0395,-0.1201999999999969,-0.1082497669748125
119551,2026-03-10,111.0484,Aditya Birla Sun Life Banking & PSU Debt Fund - DIRECT - IDCW,Aditya Birla Sun Life Mutual Fund,Open Ended Schemes,Debt Scheme - Banking and PSU Fund,INF209KA12Z1,INF209KA13Z9,nav_119551_20260625.csv,110.9193,0.129099999999994,0.1163909256549527
119551,2026-03-11,111.1072,Aditya Birla Sun Life Banking & PSU Debt Fund - DIRECT - IDCW,Aditya Birla Sun Life Mutual Fund,Open Ended Schemes,Debt Scheme - Banking and PSU Fund,INF209KA12Z1,INF209KA13Z9,nav_119551_20260625.csv,111.0484,0.058800000000005,0.0529498849150506
119551,2026-03-12,110.9898,Aditya Birla Sun Life Banking & PSU Debt Fund - DIRECT - IDCW,Aditya Birla Sun Life Mutual Fund,Open Ended Schemes,Debt Scheme - Banking and PSU Fund,INF209KA12Z1,INF209KA13Z9,nav_119551_20260625.csv,111.1072,-0.1174000000000035,-0.1056637193629247
119551,2026-03-13,110.9287,Aditya Birla Sun Life Banking & PSU Debt Fund - DIRECT - IDCW,Aditya Birla Sun Life Mutual Fund,Open Ended Schemes,Debt Scheme - Banking and PSU Fund,INF209KA12Z1,INF209KA13Z9,nav_119551_20260625.csv,110.9898,-0.0610999999999961,-0.0550501037032197
119551,2026-03-16,110.9159,Aditya Birla Sun Life Banking & PSU Debt Fund - DIRECT - IDCW,Aditya Birla Sun Life Mutual Fund,Open Ended Schemes,Debt Scheme - Banking and PSU Fund,INF209KA12Z1,INF209KA13Z9,nav_119551_20260625.csv,110.9287,-0.0128000000000128,-0.0115389434835284
119551,2026-03-17,110.9316,Aditya Birla Sun Life Banking & PSU Debt Fund - DIRECT - IDCW,Aditya Birla Sun Life Mutual Fund,Open Ended Schemes,Debt Scheme - Banking and PSU Fund,INF209KA12Z1,INF209KA13Z9,nav_119551_20260625.csv,110.9159,0.0157000000000095,0.014154868688808
119551,2026-03-18,110.9985,Aditya Birla Sun Life Banking & PSU Debt Fund - DIRECT - IDCW,Aditya Birla Sun Life Mutual Fund,Open Ended Schemes,Debt Scheme - Banking and PSU Fund,INF209KA12Z1,INF209KA13Z9,nav_119551_20260625.csv,110.9316,0.0669000000000039,0.0603074326882547
119551,2026-03-20,110.9352,Aditya Birla Sun Life Banking & PSU Debt Fund - DIRECT - IDCW,Aditya Birla Sun Life Mutual Fund,Open Ended Schemes,Debt Scheme - Banking and PSU Fund,INF209KA12Z1,INF209KA13Z9,nav_119551_20260625.csv,110.9985,-0.0633000000000123,-0.0570277976729526
119551,2026-03-23,110.6625,Aditya Birla Sun Life Banking & PSU Debt Fund - DIRECT - IDCW,Aditya Birla Sun Life Mutual Fund,Open Ended Schemes,Debt Scheme - Banking and PSU Fund,INF209KA12Z1,INF209KA13Z9,nav_119551_20260625.csv,110.9352,-0.2727000000000004,-0.2458191809272443
119551,2026-03-24,103.9816,Aditya Birla Sun Life Banking & PSU Debt Fund - DIRECT - IDCW,Aditya Birla Sun Life Mutual Fund,Open Ended Schemes,Debt Scheme - Banking and PSU Fund,INF209KA12Z1,INF209KA13Z9,nav_119551_20260625.csv,110.6625,-6.680899999999994,-6.037185134982487
119551,2026-03-25,103.9713,Aditya Birla Sun Life Banking & PSU Debt Fund - DIRECT - IDCW,Aditya Birla Sun Life Mutual Fund,Open Ended Schemes,Debt Scheme - Banking and PSU Fund,INF209KA12Z1,INF209KA13Z9,nav_119551_20260625.csv,103.9816,-0.0103000000000008,-0.0099055986828447
119551,2026-03-27,103.9102,Aditya Birla Sun Life Banking & PSU Debt Fund - DIRECT - IDCW,Aditya Birla Sun Life Mutual Fund,Open Ended Schemes,Debt Scheme - Banking and PSU Fund,INF209KA12Z1,INF209KA13Z9,nav_119551_20260625.csv,103.9713,-0.0610999999999961,-0.0587662172157087
119551,2026-03-30,103.9921,Aditya Birla Sun Life Banking & PSU Debt Fund - DIRECT - IDCW,Aditya Birla Sun Life Mutual Fund,Open Ended Schemes,Debt Scheme - Banking and PSU Fund,INF209KA12Z1,INF209KA13Z9,nav_119551_20260625.csv,103.9102,0.0818999999999903,0.078818056360194
119551,2026-03-31,104.0116,Aditya Birla Sun Life Banking & PSU Debt Fund - DIRECT - IDCW,Aditya Birla Sun Life Mutual Fund,Open Ended Schemes,Debt Scheme - Banking and PSU Fund,INF209KA12Z1,INF209KA13Z9,nav_119551_20260625.csv,103.9921,0.0195000000000078,0.0187514243870523
119551,2026-04-02,103.8813,Aditya Birla Sun Life Banking & PSU Debt Fund - DIRECT - IDCW,Aditya Birla Sun Life Mutual Fund,Open Ended Schemes,Debt Scheme - Banking and PSU Fund,INF209KA12Z1,INF209KA13Z9,nav_119551_20260625.csv,104.0116,-0.1303000000000054,-0.1252744886147366
119551,2026-04-06,103.9142,Aditya Birla Sun Life Banking & PSU Debt Fund - DIRECT - IDCW,Aditya Birla Sun Life Mutual Fund,Open Ended Schemes,Debt Scheme - Banking and PSU Fund,INF209KA12Z1,INF209KA13Z9,nav_119551_20260625.csv,103.8813,0.0328999999999979,0.0316707626877964
119551,2026-04-07,103.9918,Aditya Birla Sun Life Banking & PSU Debt Fund - DIRECT - IDCW,Aditya Birla Sun Life Mutual Fund,Open Ended Schemes,Debt Scheme - Banking and PSU Fund,INF209KA12Z1,INF209KA13Z9,nav_119551_20260625.csv,103.9142,0.0776000000000038,0.0746769931347245
119551,2026-04-08,104.3919,Aditya Birla Sun Life Banking & PSU Debt Fund - DIRECT - IDCW,Aditya Birla Sun Life Mutual Fund,Open Ended Schemes,Debt Scheme - Banking and PSU Fund,INF209KA12Z1,INF209KA13Z9,nav_119551_20260625.csv,103.9918,0.400100000000009,0.384741873878526
119551,2026-04-09,104.515,Aditya Birla Sun Life Banking & PSU Debt Fund - DIRECT - IDCW,Aditya Birla Sun Life Mutual Fund,Open Ended Schemes,Debt Scheme - Banking and PSU Fund,INF209KA12Z1,INF209KA13Z9,nav_119551_20260625.csv,104.3919,0.1230999999999937,0.1179210264397848
119551,2026-04-10,104.5956,Aditya Birla Sun Life Banking & PSU Debt Fund - DIRECT - IDCW,Aditya Birla Sun Life Mutual Fund,Open Ended Schemes,Debt Scheme - Banking and PSU Fund,INF209KA12Z1,INF209KA13Z9,nav_119551_20260625.csv,104.515,0.080600000000004,0.0771181170167
119551,2026-04-13,104.6113,Aditya Birla Sun Life Banking & PSU Debt Fund - DIRECT - IDCW,Aditya Birla Sun Life Mutual Fund,Open Ended Schemes,Debt Scheme - Banking and PSU Fund,INF209KA12Z1,INF209KA13Z9,nav_119551_20260625.csv,104.5956,0.0156999999999953,0.0150101916332956
119551,2026-04-15,104.7901,Aditya Birla Sun Life Banking & PSU Debt Fund - DIRECT - IDCW,Aditya Birla Sun Life Mutual Fund,Open Ended Schemes,Debt Scheme - Banking and PSU Fund,INF209KA12Z1,INF209KA13Z9,nav_119551_20260625.csv,104.6113,0.1787999999999954,0.1709184380654818
119551,2026-04-16,104.7959,Aditya Birla Sun Life Banking & PSU Debt Fund - DIRECT - IDCW,Aditya Birla Sun Life Mutual Fund,Open Ended Schemes,Debt Scheme - Banking and PSU Fund,INF209KA12Z1,INF209KA13Z9,nav_119551_20260625.csv,104.7901,0.0058000000000077,0.0055348740005093
119551,2026-04-17,104.7821,Aditya Birla Sun Life Banking & PSU Debt Fund - DIRECT - IDCW,Aditya Birla Sun Life Mutual Fund,Open Ended Schemes,Debt Scheme - Banking and PSU Fund,INF209KA12Z1,INF209KA13Z9,nav_119551_20260625.csv,104.7959,-0.0138000000000033,-0.0131684541093719
119551,2026-04-20,104.8369,Aditya Birla Sun Life Banking & PSU Debt Fund - DIRECT - IDCW,Aditya Birla Sun Life Mutual Fund,Open Ended Schemes,Debt Scheme - Banking and PSU Fund,INF209KA12Z1,INF209KA13Z9,nav_119551_20260625.csv,104.7821,0.0548000000000001,0.0522990090864758
119551,2026-04-21,104.847,Aditya Birla Sun Life Banking & PSU Debt Fund - DIRECT - IDCW,Aditya Birla Sun Life Mutual Fund,Open Ended Schemes,Debt Scheme - Banking and PSU Fund,INF209KA12Z1,INF209KA13Z9,nav_119551_20260625.csv,104.8369,0.0100999999999942,0.0096340124517171
119551,2026-04-22,104.8473,Aditya Birla Sun Life Banking & PSU Debt Fund - DIRECT - IDCW,Aditya Birla Sun Life Mutual Fund,Open Ended Schemes,Debt Scheme - Banking and PSU Fund,INF209KA12Z1,INF209KA13Z9,nav_119551_20260625.csv,104.847,0.0003000000000099,0.0002861312197868
119551,2026-04-23,104.7652,Aditya Birla Sun Life Banking & PSU Debt Fund - DIRECT - IDCW,Aditya Birla Sun Life Mutual Fund,Open Ended Schemes,Debt Scheme - Banking and PSU Fund,INF209KA12Z1,INF209KA13Z9,nav_119551_20260625.csv,104.8473,-0.0821000000000111,-0.0783043530925557
119551,2026-04-24,104.7091,Aditya Birla Sun Life Banking & PSU Debt Fund - DIRECT - IDCW,Aditya Birla Sun Life Mutual Fund,Open Ended Schemes,Debt Scheme - Banking and PSU Fund,INF209KA12Z1,INF209KA13Z9,nav_119551_20260625.csv,104.7652,-0.0560999999999864,-0.0535483156620581
119551,2026-04-27,104.7771,Aditya Birla Sun Life Banking & PSU Debt Fund - DIRECT - IDCW,Aditya Birla Sun Life Mutual Fund,Open Ended Schemes,Debt Scheme - Banking and PSU Fund,INF209KA12Z1,INF209KA13Z9,nav_119551_20260625.csv,104.7091,0.0679999999999978,0.0649418245405584
119551,2026-04-28,104.7428,Aditya Birla Sun Life Banking & PSU Debt Fund - DIRECT - IDCW,Aditya Birla Sun Life Mutual Fund,Open Ended Schemes,Debt Scheme - Banking and PSU Fund,INF209KA12Z1,INF209KA13Z9,nav_119551_20260625.csv,104.7771,-0.0343000000000017,-0.0327361608595788
119551,2026-04-29,104.6594,Aditya Birla Sun Life Banking & PSU Debt Fund - DIRECT - IDCW,Aditya Birla Sun Life Mutual Fund,Open Ended Schemes,Debt Scheme - Banking and PSU Fund,INF209KA12Z1,INF209KA13Z9,nav_119551_20260625.csv,104.7428,-0.0833999999999974,-0.0796236113603965
119551,2026-04-30,104.5706,Aditya Birla Sun Life Banking & PSU Debt Fund - DIRECT - IDCW,Aditya Birla Sun Life Mutual Fund,Open Ended Schemes,Debt Scheme - Banking and PSU Fund,INF209KA12Z1,INF209KA13Z9,nav_119551_20260625.csv,104.6594,-0.0888000000000062,-0.0848466549588533
119551,2026-05-04,104.6544,Aditya Birla Sun Life Banking & PSU Debt Fund - DIRECT - IDCW,Aditya Birla Sun Life Mutual Fund,Open Ended Schemes,Debt Scheme - Banking and PSU Fund,INF209KA12Z1,INF209KA13Z9,nav_119551_20260625.csv,104.5706,0.0837999999999965,0.0801372469891121
119551,2026-05-05,104.6166,Aditya Birla Sun Life Banking & PSU Debt Fund - DIRECT - IDCW,Aditya Birla Sun Life Mutual Fund,Open Ended Schemes,Debt Scheme - Banking and PSU Fund,INF209KA12Z1,INF209KA13Z9,nav_119551_20260625.csv,104.6544,-0.03779999999999,-0.0361188827225516
119551,2026-05-06,104.8043,Aditya Birla Sun Life Banking & PSU Debt Fund - DIRECT - IDCW,Aditya Birla Sun Life Mutual Fund,Open Ended Schemes,Debt Scheme - Banking and PSU Fund,INF209KA12Z1,INF209KA13Z9,nav_119551_20260625.csv,104.6166,0.1876999999999924,0.179417033243283
119551,2026-05-07,104.8762,Aditya Birla Sun Life Banking & PSU Debt Fund - DIRECT - IDCW,Aditya Birla Sun Life Mutual Fund,Open Ended Schemes,Debt Scheme - Banking and PSU Fund,INF209KA12Z1,INF209KA13Z9,nav_119551_20260625.csv,104.8043,0.0718999999999994,0.0686040553679566
119551,2026-05-08,104.8696,Aditya Birla Sun Life Banking & PSU Debt Fund - DIRECT - IDCW,Aditya Birla Sun Life Mutual Fund,Open Ended Schemes,Debt Scheme - Banking and PSU Fund,INF209KA12Z1,INF209KA13Z9,nav_119551_20260625.csv,104.8762,-0.0065999999999917,-0.0062931341905901
119551,2026-05-11,104.8053,Aditya Birla Sun Life Banking & PSU Debt Fund - DIRECT - IDCW,Aditya Birla Sun Life Mutual Fund,Open Ended Schemes,Debt Scheme - Banking and PSU Fund,INF209KA12Z1,INF209KA13Z9,nav_119551_20260625.csv,104.8696,-0.0643000000000029,-0.0613142416868214
119551,2026-05-12,104.7585,Aditya Birla Sun Life Banking & PSU Debt Fund - DIRECT - IDCW,Aditya Birla Sun Life Mutual Fund,Open Ended Schemes,Debt Scheme - Banking and PSU Fund,INF209KA12Z1,INF209KA13Z9,nav_119551_20260625.csv,104.8053,-0.0468000000000046,-0.04465423027271
119551,2026-05-13,104.7371,Aditya Birla Sun Life Banking & PSU Debt Fund - DIRECT - IDCW,Aditya Birla Sun Life Mutual Fund,Open Ended Schemes,Debt Scheme - Banking and PSU Fund,INF209KA12Z1,INF209KA13Z9,nav_119551_20260625.csv,104.7585,-0.0213999999999998,-0.0204279366352132
119551,2026-05-14,104.7318,Aditya Birla Sun Life Banking & PSU Debt Fund - DIRECT - IDCW,Aditya Birla Sun Life Mutual Fund,Open Ended Schemes,Debt Scheme - Banking and PSU Fund,INF209KA12Z1,INF209KA13Z9,nav_119551_20260625.csv,104.7371,-0.0052999999999912,-0.005060289047521
119551,2026-05-15,104.5968,Aditya Birla Sun Life Banking & PSU Debt Fund - DIRECT - IDCW,Aditya Birla Sun Life Mutual Fund,Open Ended Schemes,Debt Scheme - Banking and PSU Fund,INF209KA12Z1,INF209KA13Z9,nav_119551_20260625.csv,104.7318,-0.1350000000000051,-0.1289006777311238
119551,2026-05-18,104.3791,Aditya Birla Sun Life Banking & PSU Debt Fund - DIRECT - IDCW,Aditya Birla Sun Life Mutual Fund,Open Ended Schemes,Debt Scheme - Banking and PSU Fund,INF209KA12Z1,INF209KA13Z9,nav_119551_20260625.csv,104.5968,-0.2177000000000077,-0.2081325623728524
119551,2026-05-19,104.4216,Aditya Birla Sun Life Banking & PSU Debt Fund - DIRECT - IDCW,Aditya Birla Sun Life Mutual Fund,Open Ended Schemes,Debt Scheme - Banking and PSU Fund,INF209KA12Z1,INF209KA13Z9,nav_119551_20260625.csv,104.3791,0.0425000000000039,0.0407169634534154
119551,2026-05-20,104.3826,Aditya Birla Sun Life Banking & PSU Debt Fund - DIRECT - IDCW,Aditya Birla Sun Life Mutual Fund,Open Ended Schemes,Debt Scheme - Banking and PSU Fund,INF209KA12Z1,INF209KA13Z9,nav_119551_20260625.csv,104.4216,-0.0390000000000014,-0.037348594543659
119551,2026-05-21,104.285,Aditya Birla Sun Life Banking & PSU Debt Fund - DIRECT - IDCW,Aditya Birla Sun Life Mutual Fund,Open Ended Schemes,Debt Scheme - Banking and PSU Fund,INF209KA12Z1,INF209KA13Z9,nav_119551_20260625.csv,104.3826,-0.0975999999999999,-0.0935021737339364
119551,2026-05-22,104.3467,Aditya Birla Sun Life Banking & PSU Debt Fund - DIRECT - IDCW,Aditya Birla Sun Life Mutual Fund,Open Ended Schemes,Debt Scheme - Banking and PSU Fund,INF209KA12Z1,INF209KA13Z9,nav_119551_20260625.csv,104.285,0.0617000000000018,0.059164788799925
119551,2026-05-25,104.5215,Aditya Birla Sun Life Banking & PSU Debt Fund - DIRECT - IDCW,Aditya Birla Sun Life Mutual Fund,Open Ended Schemes,Debt Scheme - Banking and PSU Fund,INF209KA12Z1,INF209KA13Z9,nav_119551_20260625.csv,104.3467,0.1748000000000047,0.1675184744702081
119551,2026-05-26,104.5269,Aditya Birla Sun Life Banking & PSU Debt Fund - DIRECT - IDCW,Aditya Birla Sun Life Mutual Fund,Open Ended Schemes,Debt Scheme - Banking and PSU Fund,INF209KA12Z1,INF209KA13Z9,nav_119551_20260625.csv,104.5215,0.0053999999999945,0.0051664011710456
119551,2026-05-27,104.5833,Aditya Birla Sun Life Banking & PSU Debt Fund - DIRECT - IDCW,Aditya Birla Sun Life Mutual Fund,Open Ended Schemes,Debt Scheme - Banking and PSU Fund,INF209KA12Z1,INF209KA13Z9,nav_119551_20260625.csv,104.5269,0.0563999999999964,0.0539574023528837
119551,2026-05-29,104.657,Aditya Birla Sun Life Banking & PSU Debt Fund - DIRECT - IDCW,Aditya Birla Sun Life Mutual Fund,Open Ended Schemes,Debt Scheme - Banking and PSU Fund,INF209KA12Z1,INF209KA13Z9,nav_119551_20260625.csv,104.5833,0.0737000000000023,0.0704701419825176
119551,2026-06-01,104.7025,Aditya Birla Sun Life Banking & PSU Debt Fund - DIRECT - IDCW,Aditya Birla Sun Life Mutual Fund,Open Ended Schemes,Debt Scheme - Banking and PSU Fund,INF209KA12Z1,INF209KA13Z9,nav_119551_20260625.csv,104.657,0.045500000000004,0.0434753528192133
119551,2026-06-02,104.7663,Aditya Birla Sun Life Banking & PSU Debt Fund - DIRECT - IDCW,Aditya Birla Sun Life Mutual Fund,Open Ended Schemes,Debt Scheme - Banking and PSU Fund,INF209KA12Z1,INF209KA13Z9,nav_119551_20260625.csv,104.7025,0.0638000000000005,0.0609345526611117
119551,2026-06-03,104.7496,Aditya Birla Sun Life Banking & PSU Debt Fund - DIRECT - IDCW,Aditya Birla Sun Life Mutual Fund,Open Ended Schemes,Debt Scheme - Banking and PSU Fund,INF209KA12Z1,INF209KA13Z9,nav_119551_20260625.csv,104.7663,-0.0167000000000001,-0.0159402403253719
119551,2026-06-04,104.8095,Aditya Birla Sun Life Banking & PSU Debt Fund - DIRECT - IDCW,Aditya Birla Sun Life Mutual Fund,Open Ended Schemes,Debt Scheme - Banking and PSU Fund,INF209KA12Z1,INF209KA13Z9,nav_119551_20260625.csv,104.7496,0.0598999999999989,0.0571839892467359
119551,2026-06-05,105.107,Aditya Birla Sun Life Banking & PSU Debt Fund - DIRECT - IDCW,Aditya Birla Sun Life Mutual Fund,Open Ended Schemes,Debt Scheme - Banking and PSU Fund,INF209KA12Z1,INF209KA13Z9,nav_119551_20260625.csv,104.8095,0.2974999999999994,0.2838483152767635
119551,2026-06-08,105.3084,Aditya Birla Sun Life Banking & PSU Debt Fund - DIRECT - IDCW,Aditya Birla Sun Life Mutual Fund,Open Ended Schemes,Debt Scheme - Banking and PSU Fund,INF209KA12Z1,INF209KA13Z9,nav_119551_20260625.csv,105.107,0.2014000000000066,0.1916142597543519
119551,2026-06-09,105.5793,Aditya Birla Sun Life Banking & PSU Debt Fund - DIRECT - IDCW,Aditya Birla Sun Life Mutual Fund,Open Ended Schemes,Debt Scheme - Banking and PSU Fund,INF209KA12Z1,INF209KA13Z9,nav_119551_20260625.csv,105.3084,0.2708999999999975,0.2572444363412581
119551,2026-06-10,105.6569,Aditya Birla Sun Life Banking & PSU Debt Fund - DIRECT - IDCW,Aditya Birla Sun Life Mutual Fund,Open Ended Schemes,Debt Scheme - Banking and PSU Fund,INF209KA12Z1,INF209KA13Z9,nav_119551_20260625.csv,105.5793,0.0775999999999896,0.0734992560094542
119551,2026-06-11,105.5737,Aditya Birla Sun Life Banking & PSU Debt Fund - DIRECT - IDCW,Aditya Birla Sun Life Mutual Fund,Open Ended Schemes,Debt Scheme - Banking and PSU Fund,INF209KA12Z1,INF209KA13Z9,nav_119551_20260625.csv,105.6569,-0.0831999999999908,-0.0787454487118123
119551,2026-06-12,105.6864,Aditya Birla Sun Life Banking & PSU Debt Fund - DIRECT - IDCW,Aditya Birla Sun Life Mutual Fund,Open Ended Schemes,Debt Scheme - Banking and PSU Fund,INF209KA12Z1,INF209KA13Z9,nav_119551_20260625.csv,105.5737,0.1127000000000038,0.1067500712772251
119551,2026-06-15,105.8125,Aditya Birla Sun Life Banking & PSU Debt Fund - DIRECT - IDCW,Aditya Birla Sun Life Mutual Fund,Open Ended Schemes,Debt Scheme - Banking and PSU Fund,INF209KA12Z1,INF209KA13Z9,nav_119551_20260625.csv,105.6864,0.1260999999999938,0.1193152572137889
119551,2026-06-16,105.8455,Aditya Birla Sun Life Banking & PSU Debt Fund - DIRECT - IDCW,Aditya Birla Sun Life Mutual Fund,Open Ended Schemes,Debt Scheme - Banking and PSU Fund,INF209KA12Z1,INF209KA13Z9,nav_119551_20260625.csv,105.8125,0.0330000000000012,0.0311872415829899
119551,2026-06-17,105.8482,Aditya Birla Sun Life Banking & PSU Debt Fund - DIRECT - IDCW,Aditya Birla Sun Life Mutual Fund,Open Ended Schemes,Debt Scheme - Banking and PSU Fund,INF209KA12Z1,INF209KA13Z9,nav_119551_20260625.csv,105.8455,0.0027000000000043,0.0025508878506921
119551,2026-06-18,105.9003,Aditya Birla Sun Life Banking & PSU Debt Fund - DIRECT - IDCW,Aditya Birla Sun Life Mutual Fund,Open Ended Schemes,Debt Scheme - Banking and PSU Fund,INF209KA12Z1,INF209KA13Z9,nav_119551_20260625.csv,105.8482,0.0520999999999958,0.0492214322019607
119551,2026-06-19,105.9219,Aditya Birla Sun Life Banking & PSU Debt Fund - DIRECT - IDCW,Aditya Birla Sun Life Mutual Fund,Open Ended Schemes,Debt Scheme - Banking and PSU Fund,INF209KA12Z1,INF209KA13Z9,nav_119551_20260625.csv,105.9003,0.0215999999999922,0.0203965427859904
119551,2026-06-22,105.985,Aditya Birla Sun Life Banking & PSU Debt Fund - DIRECT - IDCW,Aditya Birla Sun Life Mutual Fund,Open Ended Schemes,Debt Scheme - Banking and PSU Fund,INF209KA12Z1,INF209KA13Z9,nav_119551_20260625.csv,105.9219,0.0631000000000057,0.0595721942299049
119551,2026-06-23,106.041,Aditya Birla Sun Life Banking & PSU Debt Fund - DIRECT - IDCW,Aditya Birla Sun Life Mutual Fund,Open Ended Schemes,Debt Scheme - Banking and PSU Fund,INF209KA12Z1,INF209KA13Z9,nav_119551_20260625.csv,105.985,0.0559999999999973,0.0528376657074089
119551,2026-06-24,106.1268,Aditya Birla Sun Life Banking & PSU Debt Fund - DIRECT - IDCW,Aditya Birla Sun Life Mutual Fund,Open Ended Schemes,Debt Scheme - Banking and PSU Fund,INF209KA12Z1,INF209KA13Z9,nav_119551_20260625.csv,106.041,0.0858000000000061,0.0809121000367839
